customerID,InternetService,OnlineSecurity,OnlineBackup,DeviceProtection,TechSupport,StreamingTV,StreamingMovies
7590-VHVEG,DSL,0,1,0,0,0,0
5575-GNVDE,DSL,1,0,1,0,0,0
3668-QPYBK,DSL,1,1,0,0,0,0
7795-CFOCW,DSL,1,0,1,1,0,0
9237-HQITU,Fiber optic,0,0,0,0,0,0
9305-CDSKC,Fiber optic,0,0,1,0,1,1
1452-KIOVK,Fiber optic,0,1,0,0,1,0
6713-OKOMC,DSL,1,0,0,0,0,0
7892-POOKP,Fiber optic,0,0,1,1,1,1
6388-TABGU,DSL,1,1,0,0,0,0
9763-GRSKD,DSL,1,0,0,0,0,0
8091-TTVAX,Fiber optic,0,0,1,0,1,1
0280-XJGEX,Fiber optic,0,1,1,0,1,1
5129-JLPIS,Fiber optic,1,0,1,1,1,1
3655-SNQYZ,Fiber optic,1,1,1,1,1,1
9959-WOFKT,Fiber optic,1,0,1,0,1,1
4190-MFLUW,DSL,0,0,1,1,0,0
4183-MYFRB,Fiber optic,0,1,1,0,0,1
8779-QRDMV,DSL,0,0,1,0,0,1
3638-WEABW,DSL,0,1,0,1,0,0
6322-HRPFA,DSL,1,1,0,1,0,0
6865-JZNKO,DSL,1,1,0,0,0,0
6467-CHFZW,Fiber optic,0,1,0,0,1,1
8665-UTDHZ,DSL,0,1,0,0,0,0
5248-YGIJN,DSL,1,1,1,1,1,1
8773-HHUOZ,DSL,0,0,0,0,1,1
3841-NFECX,Fiber optic,1,1,1,1,0,0
4929-XIHVW,Fiber optic,0,0,1,0,1,1
6827-IEAUQ,DSL,1,1,1,1,0,0
3413-BMNZE,DSL,0,0,0,0,0,0
6234-RAAPL,Fiber optic,1,1,0,1,1,0
6047-YHPVI,Fiber optic,0,0,0,0,0,0
6572-ADKRS,Fiber optic,0,0,1,0,0,0
5380-WJKOV,Fiber optic,0,1,1,0,1,1
8168-UQWWF,Fiber optic,0,0,1,0,1,1
8865-TNMNX,DSL,0,1,0,0,0,0
9489-DEDVP,DSL,1,1,0,0,1,0
4671-VJLCL,DSL,1,1,1,1,1,0
4080-IIARD,DSL,1,1,0,1,1,0
3714-NTNFO,Fiber optic,0,0,0,0,0,1
5948-UJZLF,DSL,0,1,0,0,0,0
7760-OYPDY,Fiber optic,0,0,0,0,1,0
7639-LIAYI,DSL,1,0,0,1,1,1
2954-PIBKO,DSL,1,0,1,1,0,0
8012-SOUDQ,Fiber optic,0,1,0,0,1,0
9420-LOJKX,Fiber optic,1,1,0,0,1,1
6575-SUVOI,DSL,1,0,0,1,1,0
7495-OOKFY,Fiber optic,0,1,0,0,0,0
4667-QONEA,DSL,1,1,1,1,0,1
1658-BYGOY,Fiber optic,0,0,0,0,1,1
8769-KKTPH,Fiber optic,1,0,0,0,1,1
5067-XJQFU,Fiber optic,0,1,1,1,1,1
5954-BDFSG,Fiber optic,0,0,1,1,1,1
0434-CSFON,Fiber optic,0,0,1,0,1,1
1215-FIGMP,Fiber optic,0,1,0,0,1,0
0526-SXDJP,DSL,1,1,1,0,0,0
0557-ASKVU,DSL,0,0,1,1,0,0
5698-BQJOH,Fiber optic,0,0,0,0,1,1
5122-CYFXA,DSL,0,1,0,1,1,1
8627-ZYGSZ,Fiber optic,0,1,0,0,0,0
3410-YOQBQ,DSL,0,1,1,1,1,1
7410-OIEDU,Fiber optic,1,0,1,0,0,0
2273-QCKXA,DSL,0,0,0,1,0,0
1891-QRQSA,Fiber optic,1,0,1,1,1,1
5630-AHZIL,DSL,1,0,0,1,0,1
2673-CXQEU,Fiber optic,1,1,1,0,1,1
6416-JNVRK,DSL,0,0,0,0,0,1
5590-ZSKRV,DSL,1,1,0,0,0,0
0191-ZHSKZ,DSL,1,1,0,0,1,1
5919-TMRGD,Fiber optic,0,0,0,0,1,0
8108-UXRQN,DSL,1,0,0,0,1,1
9191-MYQKX,Fiber optic,0,0,1,0,0,0
9919-YLNNG,Fiber optic,0,1,1,1,1,1
4445-ZJNMU,Fiber optic,0,1,0,0,1,1
4808-YNLEU,DSL,1,0,0,0,1,0
3016-KSVCP,DSL,0,0,0,0,1,0
4767-HZZHQ,Fiber optic,0,1,1,0,0,0
2424-WVHPL,Fiber optic,0,0,0,1,0,0
7233-PAHHL,DSL,1,0,1,1,1,1
6067-NGCEU,Fiber optic,1,1,1,0,1,1
9848-JQJTX,Fiber optic,0,1,1,0,1,1
8637-XJIVR,Fiber optic,1,0,0,0,0,0
9803-FTJCG,DSL,1,1,0,1,0,0
4598-XLKNJ,Fiber optic,0,1,1,0,1,1
7123-WQUHX,Fiber optic,0,0,1,1,1,0
5386-THSLQ,DSL,0,1,1,0,1,0
3192-NQECA,Fiber optic,0,1,1,1,1,1
6180-YBIQI,DSL,0,0,0,0,0,0
6728-DKUCO,Fiber optic,1,1,0,0,1,1
9750-BOOHV,DSL,1,0,0,0,0,0
8597-CWYHH,Fiber optic,0,0,0,0,1,1
0486-HECZI,Fiber optic,1,1,0,0,1,0
4549-ZDQYY,DSL,1,0,1,1,0,0
5712-AHQNN,Fiber optic,0,1,1,0,1,0
4846-WHAFZ,Fiber optic,0,0,0,0,0,0
5256-SKJGO,DSL,0,1,0,1,1,1
3071-VBYPO,Fiber optic,1,1,0,0,1,0
9560-BBZXK,DSL,1,0,0,0,0,0
5299-RULOA,Fiber optic,1,0,0,0,1,1
9445-ZUEQE,Fiber optic,0,1,0,1,0,0
1091-SOZGA,Fiber optic,0,0,1,0,1,1
0404-SWRVG,Fiber optic,0,0,0,0,0,0
6497-TILVL,DSL,1,0,0,0,0,0
4622-YNKIJ,Fiber optic,1,0,0,1,1,0
4412-YLTKF,Fiber optic,0,0,1,0,0,0
2639-UGMAZ,DSL,1,1,0,0,1,1
2876-GZYZC,Fiber optic,0,0,0,0,0,1
6207-WIOLX,DSL,1,1,1,0,1,1
8587-XYZSF,DSL,0,0,0,1,0,0
3091-FYHKI,DSL,0,0,0,0,0,1
2372-HWUHI,DSL,0,0,0,0,0,0
7850-VWJUU,Fiber optic,1,0,0,0,0,0
0390-DCFDQ,Fiber optic,0,0,0,0,0,0
3146-MSEGF,DSL,1,1,1,1,1,1
4080-OGPJL,DSL,1,0,0,1,0,1
1095-WGNGG,Fiber optic,0,1,0,0,1,1
2636-SJDOU,Fiber optic,1,1,0,0,0,0
5716-EZXZN,Fiber optic,1,1,0,1,1,0
2135-RXIHG,DSL,0,0,0,0,0,0
6440-DKQGE,DSL,0,1,1,0,1,0
3466-BYAVD,DSL,0,1,1,1,0,1
3780-YVMFA,DSL,0,0,0,1,1,1
3874-EQOEP,Fiber optic,0,0,0,0,1,1
1679-JRFBR,Fiber optic,1,1,1,0,1,1
9073-ZZIAY,DSL,1,1,1,1,1,1
6551-GNYDG,Fiber optic,0,0,0,0,0,1
9167-APMXZ,Fiber optic,0,0,0,0,1,0
6371-NZYEG,DSL,1,0,1,0,1,0
8992-VONJD,DSL,1,1,0,0,0,0
0867-MKZVY,Fiber optic,1,0,0,0,0,0
4482-EWFMI,Fiber optic,0,0,0,0,0,0
4648-YPBTM,DSL,0,1,1,1,0,1
3376-BMGFE,Fiber optic,0,0,0,0,0,0
5997-OPVFA,DSL,1,1,1,1,1,1
3445-HXXGF,DSL,0,1,1,0,0,1
7654-YWJUF,Fiber optic,1,0,1,1,0,0
1875-QIVME,Fiber optic,0,0,1,1,1,1
6727-IOTLZ,DSL,0,1,1,1,1,1
0691-JVSYA,Fiber optic,0,0,1,0,1,1
2656-FMOKZ,Fiber optic,0,0,0,0,0,0
2070-FNEXE,Fiber optic,1,0,0,0,0,0
5947-SGKCL,Fiber optic,0,1,1,0,1,1
6317-YPKDH,DSL,0,1,0,0,0,0
6582-OIVSP,DSL,0,0,0,0,0,0
9367-WXLCH,Fiber optic,0,0,0,0,0,1
5524-KHNJP,DSL,1,0,1,0,1,1
1918-ZBFQJ,Fiber optic,0,1,1,0,0,0
1024-GUALD,DSL,0,0,0,0,0,0
4827-USJHP,DSL,0,1,0,0,0,0
8167-GJLRN,DSL,0,0,0,1,0,0
8017-UVSZU,DSL,0,1,0,0,0,0
7100-FQPRV,DSL,1,0,0,1,0,1
2472-OVKUP,Fiber optic,0,1,1,0,0,1
9680-NIAUV,Fiber optic,1,1,1,0,1,1
2604-IJPDU,Fiber optic,1,1,0,1,1,0
6168-YBYNP,Fiber optic,0,1,1,1,1,1
7255-SSFBC,Fiber optic,0,1,1,1,1,1
9323-HGFWY,Fiber optic,1,0,0,1,1,1
8544-GOQSH,Fiber optic,0,1,0,1,0,0
3363-DTIVD,Fiber optic,1,0,1,0,1,1
7018-WBJNK,Fiber optic,0,0,0,0,1,0
9142-KZXOP,Fiber optic,0,0,0,0,0,0
7674-YTAFD,Fiber optic,0,1,0,1,0,0
6348-SNFUS,DSL,1,1,1,1,0,1
1285-OKIPP,Fiber optic,0,0,0,0,0,1
7825-ECJRF,Fiber optic,1,0,1,1,1,1
1347-KTTTA,Fiber optic,0,1,1,1,1,1
7841-TZDMQ,DSL,0,0,0,0,0,0
4195-NZGTA,DSL,0,0,0,0,0,0
2504-DSHIH,Fiber optic,0,0,0,0,0,1
0699-NDKJM,DSL,1,1,1,0,1,1
9286-BHDQG,DSL,1,1,1,1,0,0
0230-WEQUW,DSL,1,1,1,1,1,0
2040-LDIWQ,DSL,0,1,1,1,1,1
6496-JDSSB,Fiber optic,0,0,0,0,1,0
9408-SSNVZ,Fiber optic,0,0,0,0,0,0
0742-MOABM,DSL,0,0,0,1,0,0
6778-JFCMK,DSL,1,0,0,0,1,1
6341-JVQGF,DSL,1,0,1,1,1,1
2232-DMLXU,DSL,0,0,0,0,1,0
4811-JBUVU,Fiber optic,0,0,0,1,0,1
0945-TSONX,DSL,1,1,0,1,1,1
2651-ZCBXV,Fiber optic,1,1,0,1,1,1
3316-UWXUY,Fiber optic,1,1,0,1,0,1
8937-RDTHP,Fiber optic,1,0,0,0,0,1
1251-KRREG,DSL,0,1,0,0,0,0
0621-JFHOL,DSL,0,0,0,1,0,0
9903-LYSAB,Fiber optic,0,0,0,0,0,0
0094-OIFMO,Fiber optic,0,1,0,0,1,1
7301-ABVAD,DSL,0,1,1,1,1,1
6614-FHDBO,Fiber optic,0,1,1,1,1,1
7576-ASEJU,DSL,1,0,0,1,1,1
9058-HRZSV,Fiber optic,1,1,1,0,0,1
4522-AKYLR,DSL,0,1,1,0,0,0
0221-WMXNQ,Fiber optic,1,0,0,0,0,0
0303-UNCIP,DSL,0,0,1,0,0,1
9947-OTFQU,Fiber optic,0,1,0,0,0,0
0322-YINQP,DSL,1,0,0,0,0,0
0959-WHOKV,Fiber optic,1,1,1,0,0,1
4075-JFPGR,Fiber optic,1,1,1,0,1,0
4629-NRXKX,Fiber optic,0,0,0,0,0,0
9514-JDSKI,DSL,0,1,0,0,1,0
3282-ZISZV,DSL,0,1,1,1,1,1
4111-BNXIF,DSL,0,1,1,1,1,1
7017-VFHAY,Fiber optic,1,1,1,1,1,1
6655-LHBYW,Fiber optic,1,1,1,1,1,1
4959-JOSRX,DSL,0,0,0,0,0,0
5046-NUHWD,DSL,1,0,1,0,0,1
7273-TEFQD,DSL,0,0,1,0,0,1
3606-TWKGI,Fiber optic,0,1,1,0,1,1
7529-ZDFXI,Fiber optic,0,1,0,0,0,1
7605-BDWDC,DSL,1,1,0,1,0,1
1950-KSVVJ,Fiber optic,1,1,1,1,1,1
0123-CRBRT,DSL,1,1,1,1,1,1
3197-ARFOY,Fiber optic,1,1,0,1,1,1
4385-GZQXV,Fiber optic,0,0,0,1,1,1
7633-MVPUY,DSL,1,1,0,1,0,0
6366-ZGQGL,DSL,0,0,0,0,0,0
4716-HHKQH,Fiber optic,0,1,0,1,1,1
5940-AHUHD,Fiber optic,0,0,0,0,0,0
6432-TWQLB,Fiber optic,0,1,0,1,0,0
4484-GLZOU,Fiber optic,0,1,1,0,1,1
3179-GBRWV,DSL,1,1,0,0,0,1
8645-KWHJO,DSL,0,0,1,1,1,1
4130-MZLCC,DSL,0,1,0,0,0,0
0314-TKOSI,DSL,1,1,0,0,0,0
8229-MYEJZ,DSL,0,1,0,0,0,0
9577-WJVCQ,DSL,1,0,0,0,0,0
9512-UIBFX,Fiber optic,0,0,1,0,1,1
6202-DYYFX,Fiber optic,0,0,0,0,0,0
3808-HFKDE,DSL,0,0,0,0,0,0
5583-SXDAG,Fiber optic,0,0,0,0,0,0
3488-PGMQJ,Fiber optic,0,1,0,0,0,0
3580-REOAC,DSL,0,0,0,0,0,0
7534-BFESC,Fiber optic,0,0,0,0,0,0
3727-OWVYD,DSL,1,1,1,0,0,0
2294-SALNE,Fiber optic,0,1,1,1,0,0
4847-TAJYI,Fiber optic,0,0,0,0,1,1
6556-DBKZF,Fiber optic,0,0,1,0,0,0
6851-WEFYX,Fiber optic,0,0,1,0,1,1
2985-JUUBZ,DSL,0,0,1,0,1,1
6390-DSAZX,Fiber optic,1,0,0,0,0,0
0895-LMRSF,DSL,0,0,0,0,1,1
8098-LLAZX,Fiber optic,0,0,0,0,1,1
8266-VBFQL,Fiber optic,0,0,1,1,0,1
8181-YHCMF,DSL,0,1,1,1,1,1
2240-HSJQD,Fiber optic,0,1,0,0,0,0
0265-EDXBD,Fiber optic,0,0,0,0,0,0
4115-BNPJY,DSL,0,0,1,1,1,1
3167-SNQPL,Fiber optic,0,1,0,0,1,1
4091-TVOCN,DSL,1,0,1,0,1,1
7277-OZCGZ,Fiber optic,1,0,0,1,0,1
1557-EMYVT,Fiber optic,1,1,1,1,1,1
2799-ARNLO,Fiber optic,0,0,0,0,0,0
7563-BIUPC,Fiber optic,0,0,0,0,1,0
5027-YOCXN,Fiber optic,1,1,0,1,1,1
2321-OMBXY,DSL,1,1,0,1,1,1
2840-XANRC,Fiber optic,0,0,1,0,1,1
6745-JEFZB,Fiber optic,0,0,0,1,1,0
5020-ZSTTY,DSL,1,1,0,1,1,1
9880-TDQAC,DSL,0,1,1,1,1,1
8705-WZCYL,DSL,0,0,0,0,0,0
7102-JJVTX,DSL,1,0,0,0,0,0
8626-PTQGE,DSL,1,1,0,1,1,1
4983-CLMLV,Fiber optic,0,1,0,1,1,1
5701-YVSVF,Fiber optic,0,0,0,1,1,0
5804-LEPIM,Fiber optic,0,0,0,0,0,0
5697-GOMBF,DSL,0,0,0,0,1,0
2739-CACDQ,Fiber optic,0,0,1,0,0,0
2379-GYFLQ,Fiber optic,0,1,1,0,1,0
0122-OAHPZ,Fiber optic,0,0,0,0,0,0
2868-SNELZ,Fiber optic,0,0,1,0,0,0
4322-RCYMT,DSL,0,1,1,1,0,1
6680-NENYN,Fiber optic,0,1,1,0,1,1
2088-IEBAU,DSL,1,1,1,1,1,1
7982-VCELR,Fiber optic,0,1,0,0,1,1
1343-EHPYB,Fiber optic,0,1,1,0,1,1
6035-BXTTY,DSL,0,1,0,1,0,0
6885-PKOAM,DSL,1,1,1,1,1,1
7520-HQWJU,DSL,1,1,1,0,0,0
0021-IKXGC,Fiber optic,0,0,0,0,0,0
2034-GDRCN,Fiber optic,0,0,0,0,1,1
6243-OZGFH,DSL,0,0,0,0,1,1
4654-DLAMQ,Fiber optic,1,1,1,0,0,1
0513-RBGPE,DSL,1,0,1,1,0,0
5160-UXJED,DSL,0,0,0,0,0,0
4115-NZRKS,Fiber optic,0,0,0,0,1,1
0219-YTZUE,Fiber optic,0,1,1,0,0,0
0623-IIHUG,DSL,1,0,0,0,1,0
4572-DVCGN,Fiber optic,0,0,0,0,0,1
3351-NGXYI,DSL,1,0,0,0,0,0
8984-EYLLL,Fiber optic,0,1,0,1,1,1
9057-MSWCO,DSL,1,0,0,0,0,0
9833-TGFHX,Fiber optic,1,0,0,0,1,1
5229-DTFYB,Fiber optic,0,1,0,1,1,1
0104-PPXDV,DSL,0,0,1,0,0,0
3583-KRKMD,Fiber optic,0,0,0,1,0,0
1010-DIAUQ,Fiber optic,0,0,1,0,1,1
9069-LGEUL,DSL,1,0,0,0,0,1
9571-EDEBV,Fiber optic,0,0,1,0,1,1
3520-FJGCV,Fiber optic,1,1,1,1,1,1
0259-GBZSH,Fiber optic,0,0,0,0,1,0
6122-EFVKN,DSL,1,0,0,1,0,0
2805-EDJPQ,Fiber optic,0,1,1,1,0,1
6862-CQUMB,Fiber optic,0,1,0,0,1,1
7156-MXBJE,DSL,0,1,1,1,1,1
6158-HDPXZ,DSL,0,0,0,0,0,0
9601-BRXPO,Fiber optic,0,0,1,1,1,1
2863-IMQDR,DSL,1,1,1,1,1,1
5686-CMAWK,Fiber optic,0,0,1,1,0,0
5651-CRHKQ,Fiber optic,0,1,1,1,0,0
6905-NIQIN,DSL,0,1,0,0,0,0
8204-YJCLA,DSL,1,1,1,1,1,1
5167-ZFFMM,Fiber optic,0,1,0,0,0,1
6583-SZVGP,Fiber optic,0,1,1,0,1,1
0533-BNWKF,Fiber optic,0,1,1,0,0,0
1708-PBBOA,DSL,1,1,1,1,0,1
8782-LKFPK,Fiber optic,0,0,1,0,0,1
5522-JBWMO,DSL,0,0,0,0,0,0
3597-MVHJT,Fiber optic,0,0,0,0,1,1
9774-NRNAU,DSL,0,1,1,1,1,1
0224-RLWWD,DSL,0,0,0,0,0,0
3951-NJCVI,Fiber optic,0,0,0,0,1,1
2977-CEBSX,DSL,1,1,1,1,1,1
0177-PXBAT,Fiber optic,1,0,1,1,1,1
6599-CEBNN,Fiber optic,0,1,0,0,0,0
2519-ERQOJ,DSL,0,0,1,1,1,1
0979-PHULV,Fiber optic,0,0,1,0,1,1
3067-SVMTC,DSL,1,0,0,1,0,0
4742-DRORA,Fiber optic,1,0,1,0,1,0
0111-KLBQG,Fiber optic,0,1,0,0,1,1
0334-GDDSO,Fiber optic,0,1,0,0,0,0
5233-AOZUF,Fiber optic,0,0,0,0,0,0
5973-EJGDP,Fiber optic,0,1,1,1,0,0
1996-DBMUS,Fiber optic,0,0,0,0,0,0
7916-VCCPB,Fiber optic,0,1,0,0,0,0
4686-GEFRM,Fiber optic,0,1,1,1,0,1
0578-SKVMF,Fiber optic,0,1,0,0,0,1
5564-NEMQO,Fiber optic,0,0,1,0,0,0
5605-IYGFG,Fiber optic,0,0,0,0,0,0
7663-ZTEGJ,Fiber optic,0,1,1,1,0,1
8111-BKVDS,DSL,1,1,1,0,0,0
2055-SIFSS,DSL,0,0,0,0,0,0
2806-MLNTI,Fiber optic,0,1,1,0,1,1
8734-DKSTZ,Fiber optic,0,0,0,0,0,1
4360-PNRQB,Fiber optic,0,0,0,0,0,0
6152-ONASV,DSL,1,0,0,1,0,0
7781-HVGMK,DSL,1,1,1,1,1,1
2181-UAESM,DSL,1,0,1,0,0,0
2957-LOLHO,DSL,0,0,0,0,0,0
2320-SLKMB,DSL,0,0,1,1,1,0
4376-KFVRS,Fiber optic,1,1,1,1,1,1
5886-VLQVU,Fiber optic,0,0,0,1,0,1
3577-AMVUX,DSL,0,0,1,1,0,0
0771-WLCLA,Fiber optic,1,0,1,1,1,1
5628-RKIFK,Fiber optic,1,0,0,0,1,1
0206-TBWLC,Fiber optic,1,1,1,1,1,1
2937-FTHUR,DSL,1,0,0,0,0,1
1910-FMXJM,Fiber optic,0,0,0,0,0,1
7752-XUSCI,Fiber optic,0,1,1,0,1,1
4110-PFEUZ,Fiber optic,0,0,0,0,0,0
5168-MSWXT,Fiber optic,0,0,1,0,1,1
1090-ESELR,Fiber optic,1,1,0,1,1,1
5760-WRAHC,DSL,1,0,1,1,0,1
8847-GEOOQ,DSL,0,1,1,1,1,1
0256-LTHVJ,Fiber optic,0,0,0,0,0,1
8313-NDOIA,Fiber optic,0,1,1,0,1,1
5149-CUZUJ,Fiber optic,0,1,1,1,1,0
0942-KOWSM,DSL,0,1,1,1,1,1
1452-VOQCH,Fiber optic,0,0,0,0,0,0
6614-VBEGU,DSL,0,1,0,0,1,1
0880-TKATG,Fiber optic,0,0,1,0,1,1
3811-VBYBZ,Fiber optic,0,1,0,0,1,1
1480-BKXGA,Fiber optic,1,1,1,1,1,1
2996-XAUVF,DSL,0,0,0,1,0,1
9076-AXYIK,Fiber optic,0,0,1,1,1,1
5968-XQIVE,Fiber optic,0,1,0,0,1,0
4640-UHDOS,DSL,0,0,0,0,0,1
3583-EKAPL,DSL,0,0,0,0,0,1
1304-BCCFO,DSL,0,0,1,0,1,1
4104-PVRPS,DSL,1,0,0,1,0,0
9399-APLBT,Fiber optic,0,1,0,0,0,0
2359-KMGLI,Fiber optic,0,1,0,0,0,0
3780-DDGSE,DSL,0,1,0,1,1,1
4431-EDMIQ,DSL,1,1,1,1,1,0
0306-JAELE,Fiber optic,0,0,0,1,1,1
6227-HWPWX,Fiber optic,0,0,0,0,0,0
0447-BEMNG,DSL,1,0,1,0,0,1
4612-SSVHJ,Fiber optic,0,0,0,0,0,1
5168-MQQCA,Fiber optic,0,1,1,1,1,1
5949-XIKAE,Fiber optic,0,1,0,0,1,0
7971-HLVXI,Fiber optic,0,0,0,0,0,1
9094-AZPHK,Fiber optic,0,1,0,0,1,1
3649-JPUGY,DSL,0,1,1,1,1,1
4472-LVYGI,DSL,1,0,1,1,1,0
8372-JUXUI,Fiber optic,0,0,0,0,0,0
3552-CTCYF,Fiber optic,0,1,1,0,1,1
6778-YSNIH,DSL,0,1,0,0,1,0
0388-EOPEX,Fiber optic,1,0,0,0,0,0
5756-OZRIO,DSL,0,1,0,0,0,1
8205-OTCHB,DSL,0,1,1,0,0,1
4134-BSXLX,DSL,1,1,0,1,0,0
6235-VDHOM,DSL,0,1,0,0,0,0
7783-YKGDV,Fiber optic,1,1,1,0,0,1
4374-YMUSQ,Fiber optic,1,1,1,1,1,1
4513-CXYIX,Fiber optic,1,0,0,0,0,0
3957-HHLMR,DSL,1,0,0,0,0,1
7803-XOCCZ,Fiber optic,1,0,1,1,0,0
5736-YEJAX,DSL,1,1,1,1,1,0
5609-CEBID,Fiber optic,0,1,1,0,0,1
8981-FJGLA,Fiber optic,0,0,1,0,0,0
7218-HKQFK,Fiber optic,0,0,0,1,1,1
4636-QRJKY,Fiber optic,0,0,0,1,0,0
4332-MUOEZ,Fiber optic,1,0,1,1,0,1
8535-SFUTN,Fiber optic,1,0,1,0,1,1
5956-VKDTT,Fiber optic,0,0,0,0,0,0
8677-HDZEE,Fiber optic,0,1,0,1,1,1
2475-MROZF,Fiber optic,1,1,1,1,0,0
9412-GHEEC,Fiber optic,0,0,1,1,1,1
3482-ABPKK,DSL,1,0,0,1,0,0
6705-LXORM,Fiber optic,0,0,0,0,0,0
0257-ZESQC,Fiber optic,1,0,0,0,0,0
5174-ITUMV,Fiber optic,0,1,1,0,1,1
4109-CYRBD,DSL,0,0,0,0,0,0
0913-XWSCN,Fiber optic,0,0,0,0,0,1
6825-UYPFK,Fiber optic,0,0,0,0,0,0
8397-MVTAZ,Fiber optic,0,0,1,0,1,1
0750-EBAIU,Fiber optic,1,0,1,0,1,0
8606-CIQUL,Fiber optic,1,1,1,1,1,1
3571-DPYUH,Fiber optic,0,1,0,1,1,0
0356-OBMAC,Fiber optic,0,1,1,1,1,0
4234-XTNEA,Fiber optic,0,0,0,0,1,0
1297-VQDRP,Fiber optic,0,0,1,1,1,1
9282-IZGQK,Fiber optic,0,0,0,0,0,1
5348-CAGXB,Fiber optic,0,0,1,0,1,0
0621-HJWXJ,Fiber optic,0,1,0,0,0,0
5844-QVTAT,DSL,1,1,1,0,0,0
8905-IAZPF,Fiber optic,0,1,0,0,1,1
5394-MEITZ,DSL,0,1,1,1,1,1
6859-QNXIQ,Fiber optic,1,1,1,1,1,1
2782-LFZVW,DSL,0,0,0,0,0,1
1342-JPNKI,Fiber optic,0,0,0,0,1,0
2817-NTQDO,DSL,1,0,0,1,1,0
7129-AZJDE,Fiber optic,0,0,0,0,0,1
6986-IJDHX,Fiber optic,0,1,0,0,1,0
2560-PPCHE,Fiber optic,0,1,0,1,1,1
4676-MQUEA,Fiber optic,1,1,1,0,1,0
3580-HYCSP,Fiber optic,1,1,1,0,1,1
1352-HNSAW,Fiber optic,1,1,1,1,1,1
5301-GAUUY,Fiber optic,0,1,0,0,0,0
5791-KAJFD,DSL,1,0,1,0,0,1
1154-HYWWO,DSL,1,1,0,1,1,0
2501-XWWTZ,Fiber optic,0,0,0,0,0,0
3716-UVSPD,DSL,0,0,0,1,0,0
6815-ABQFQ,Fiber optic,0,1,0,1,1,1
3701-SFMUH,DSL,1,0,0,0,1,1
6103-LIANB,Fiber optic,0,0,1,0,1,1
7319-VENRZ,DSL,0,0,1,1,1,0
5846-NEQVZ,DSL,1,0,1,1,0,1
6967-QIQRV,Fiber optic,1,0,0,1,1,1
5781-RFZRP,DSL,1,1,0,1,1,0
0939-YAPAF,Fiber optic,0,0,1,0,1,1
0308-IVGOK,DSL,0,1,1,1,0,0
7025-WCBNE,DSL,0,1,0,1,0,0
5756-JYOJT,DSL,0,0,1,1,0,1
4710-FDUIZ,Fiber optic,0,1,0,0,1,1
6030-REHUX,Fiber optic,0,1,1,1,1,1
9548-LIGTA,DSL,1,1,0,1,1,1
5150-LJNSR,Fiber optic,1,0,1,0,1,0
8270-RKSAP,Fiber optic,0,0,0,0,0,0
6522-YRBXD,Fiber optic,1,1,0,0,0,1
3627-FHKBK,Fiber optic,1,0,0,0,0,0
2865-TCHJW,Fiber optic,0,0,1,0,1,0
5192-EBGOV,Fiber optic,0,0,0,0,1,0
4568-KNYWR,DSL,1,1,0,0,1,0
0742-LAFQK,Fiber optic,1,1,1,0,0,1
0795-LAFGP,DSL,1,1,1,1,1,1
0619-OLYUR,Fiber optic,1,0,1,1,1,1
0459-SPZHJ,DSL,1,1,1,0,1,1
0215-BQKGS,Fiber optic,1,1,1,0,0,0
9244-ZVAPM,DSL,0,0,0,0,0,0
0719-SYFRB,DSL,1,0,1,1,0,0
8208-EUMTE,DSL,1,1,1,1,1,0
5172-MIGPM,DSL,0,0,0,1,0,1
1710-RCXUS,Fiber optic,0,1,0,0,0,1
5839-SUYVZ,Fiber optic,0,0,0,1,0,0
1096-ADRUX,Fiber optic,0,0,0,0,0,0
2001-MCUUW,Fiber optic,0,1,1,1,1,1
2731-GJRDG,Fiber optic,1,0,1,1,1,1
4723-BEGSG,DSL,1,0,1,1,1,1
6516-NKQBO,DSL,1,0,1,1,1,1
8672-OAUPW,DSL,0,0,0,1,0,0
8207-DMRVL,Fiber optic,1,1,1,1,1,1
3419-SNJJD,Fiber optic,1,0,1,0,1,1
6543-CPZMK,DSL,0,1,0,0,0,0
4765-OXPPD,DSL,1,1,1,1,0,0
6689-VRRTK,Fiber optic,1,1,1,0,1,1
7138-GIRSH,DSL,0,0,1,1,0,1
9396-ZSFLL,DSL,0,0,0,0,0,0
6464-KEXXH,DSL,0,0,0,0,0,0
7134-MJPDY,Fiber optic,0,0,1,1,1,1
5240-CAOYT,Fiber optic,1,1,0,1,0,0
4059-IIEBK,Fiber optic,0,1,0,0,0,0
4881-JVQOD,DSL,0,0,0,0,0,1
0516-UXRMT,Fiber optic,1,1,1,0,0,0
4851-BQDNX,Fiber optic,0,0,1,0,1,0
3003-CMDUU,Fiber optic,0,0,0,1,1,1
5016-IBERQ,Fiber optic,0,1,1,0,0,0
6797-UCJHZ,Fiber optic,0,1,1,0,1,1
2469-DTSGX,Fiber optic,0,1,1,1,1,1
4554-YGZIH,Fiber optic,0,1,0,0,0,1
5099-BAILX,Fiber optic,0,1,1,1,1,1
9931-KGHOA,DSL,1,0,0,0,0,0
1775-KWJKQ,DSL,1,1,1,1,1,1
9411-TPQQV,DSL,1,0,0,1,1,1
7207-RMRDB,Fiber optic,0,1,1,0,1,1
7954-MLBUN,Fiber optic,0,0,1,1,1,1
2077-DDHJK,DSL,1,1,1,1,0,0
4913-EHYUI,Fiber optic,1,0,1,0,1,1
0195-IESCP,Fiber optic,0,0,0,0,0,1
4580-TMHJU,DSL,0,0,0,0,1,0
0970-ETWGE,Fiber optic,0,0,0,0,1,1
4908-XAXAY,Fiber optic,0,1,1,0,0,1
1626-ERCMM,Fiber optic,0,0,0,0,1,1
0887-HJGAR,DSL,0,0,0,0,0,0
2391-IPLOP,DSL,0,0,1,1,1,0
5644-PDMZC,Fiber optic,0,1,0,0,0,1
3509-GWQGF,Fiber optic,0,0,0,0,0,0
9576-ANLXO,Fiber optic,0,0,0,0,0,0
2024-BASKD,Fiber optic,0,0,1,0,0,0
5183-SNMJQ,Fiber optic,0,0,0,1,1,1
8100-PNJMH,DSL,1,1,1,1,1,1
7838-LAZFO,DSL,1,1,1,0,1,1
5650-VDUDS,DSL,0,0,0,0,0,0
8095-WANWK,DSL,0,0,0,0,0,0
9565-FLVCG,DSL,1,1,0,0,0,1
2800-VEQXM,Fiber optic,0,0,1,0,0,0
7538-GWHML,Fiber optic,0,0,0,0,0,0
5533-RJFTJ,DSL,0,0,1,0,0,0
3859-CVCET,DSL,0,0,0,0,0,0
0214-JHPFW,DSL,0,1,1,1,1,1
3276-HDUEG,Fiber optic,0,0,0,0,0,0
0823-HSCDJ,DSL,0,1,0,0,1,1
3729-OWRVL,Fiber optic,1,0,1,1,1,1
0822-GAVAP,DSL,0,0,0,0,0,1
5760-IFJOZ,Fiber optic,0,1,1,0,1,1
2826-UWHIS,Fiber optic,0,1,0,0,0,0
1448-PWKYE,Fiber optic,0,0,0,0,0,1
7501-IWUNG,DSL,0,0,1,1,1,1
4957-TREIR,DSL,1,0,0,1,1,0
7251-LJBQN,Fiber optic,0,0,1,1,1,1
8040-MNRTF,Fiber optic,0,0,0,0,0,0
1536-HBSWP,DSL,0,0,0,1,0,0
0067-DKWBL,DSL,1,0,0,0,0,0
0946-FKYTX,DSL,0,1,0,0,0,0
5076-YVXCM,Fiber optic,0,0,0,0,0,1
6663-JOCQO,DSL,1,1,0,1,0,1
2276-YDAVZ,Fiber optic,0,0,0,0,0,0
0078-XZMHT,DSL,0,1,1,1,1,1
5896-NPFWW,DSL,0,0,1,0,0,0
9978-HYCIN,Fiber optic,0,1,0,0,1,0
8338-QIUNR,DSL,1,0,1,1,0,0
1525-LNLOJ,DSL,0,0,1,0,1,0
9450-TRJUU,Fiber optic,0,0,0,0,1,0
1766-GKNMI,Fiber optic,0,0,0,0,0,1
1456-TWCGB,DSL,0,1,0,0,0,0
7133-VBDCG,Fiber optic,1,1,0,0,0,0
7596-ZYWBB,DSL,1,1,0,1,0,0
8329-UTMVM,Fiber optic,0,1,0,1,1,1
3014-WJKSM,Fiber optic,0,0,1,0,0,0
3347-YJZZE,DSL,0,1,1,0,1,1
7929-DMBCV,Fiber optic,0,0,1,1,0,0
5433-KYGHE,Fiber optic,1,0,0,1,0,0
5575-TPIZQ,Fiber optic,1,0,0,0,1,0
0114-IGABW,DSL,0,1,1,1,1,1
9944-AEXBM,Fiber optic,0,0,0,0,0,1
1853-ARAAQ,DSL,0,0,1,0,1,1
6952-OMNWB,Fiber optic,0,0,1,0,0,0
4952-YSOGZ,Fiber optic,0,0,0,0,0,1
1589-AGTLK,DSL,0,0,0,0,0,0
5244-IRFIH,Fiber optic,0,0,0,0,1,1
6786-OBWQR,Fiber optic,0,0,0,0,1,0
2684-EIWEO,Fiber optic,1,1,1,0,0,0
2753-JMMCV,DSL,0,1,1,1,0,1
6439-GTPCA,Fiber optic,0,0,1,1,0,0
1216-JWVUX,Fiber optic,0,1,0,0,0,0
7564-GHCVB,Fiber optic,1,0,0,0,0,0
1173-NOEYG,Fiber optic,0,0,1,0,0,1
7595-EHCDL,DSL,0,0,1,0,1,1
6647-ZEDXT,Fiber optic,0,1,1,1,1,1
2521-NPUZR,Fiber optic,1,1,1,1,0,1
1307-TVUFB,Fiber optic,0,1,0,0,0,0
7503-MIOGA,DSL,1,1,1,1,1,1
4381-MHQDC,DSL,1,0,1,1,0,0
6923-JHPMP,Fiber optic,1,0,1,0,0,0
5138-WVKYJ,Fiber optic,1,0,0,0,1,1
1635-FJFCC,DSL,0,0,0,0,0,0
2499-AJYUA,Fiber optic,0,1,1,1,1,1
6919-ELBGL,Fiber optic,1,1,1,1,1,1
3966-HRMZA,Fiber optic,0,0,1,0,0,0
8405-IGQFX,Fiber optic,0,0,1,1,1,0
8224-IVVPA,DSL,1,1,0,0,0,0
9477-LGWQI,DSL,1,1,1,0,1,1
1410-RSCMR,DSL,1,0,1,1,0,1
0139-IVFJG,Fiber optic,1,1,0,0,1,0
6683-VLCTZ,Fiber optic,0,0,1,0,1,1
2189-WWOEW,Fiber optic,0,1,0,0,0,1
5684-FJVYR,Fiber optic,1,1,0,1,0,0
1894-IGFSG,Fiber optic,0,0,0,0,1,1
7379-POKDZ,Fiber optic,0,0,0,0,0,0
1266-NZYUI,DSL,1,0,1,1,0,0
4718-DHSMV,DSL,0,0,0,0,1,0
5175-WLYXL,Fiber optic,0,1,0,0,0,0
8728-SKJLR,Fiber optic,0,0,0,1,0,0
3137-NYQQI,DSL,1,1,0,0,0,1
0236-HFWSV,Fiber optic,0,0,0,0,1,1
5842-POCOP,Fiber optic,1,0,1,0,0,1
2037-XJFUP,Fiber optic,0,0,1,0,1,1
8823-RLPWL,Fiber optic,1,1,1,0,1,1
9505-SQFSW,DSL,0,1,0,0,0,1
7314-OXENN,Fiber optic,0,1,0,0,0,0
3758-CKOQL,Fiber optic,1,1,1,1,0,1
0322-CHQRU,DSL,0,0,0,0,0,0
5676-CFLYY,DSL,0,1,0,1,1,1
7521-AFHAB,DSL,0,0,0,0,0,0
0285-INHLN,DSL,1,1,0,0,0,0
4678-DVQEO,DSL,0,0,0,1,0,0
5125-CNDSP,DSL,1,1,0,1,0,0
0691-IFBQW,Fiber optic,1,1,1,0,1,1
4992-LTJNE,DSL,1,0,0,0,0,0
2202-OUTMO,DSL,1,0,0,1,0,0
0810-BDHAW,DSL,1,1,0,0,1,1
0229-LFJAF,DSL,1,1,1,1,0,0
7131-ZQZNK,DSL,1,0,1,1,1,1
3442-ZHHCC,DSL,1,1,1,0,0,1
9871-ELEYA,DSL,1,0,1,1,1,0
4257-GAESD,DSL,0,0,0,0,1,1
5173-WXOQV,DSL,0,1,0,1,0,1
2040-OBMLJ,Fiber optic,0,0,0,1,0,0
3009-JWMPU,Fiber optic,0,0,1,0,1,1
5671-RQRLP,Fiber optic,0,0,0,0,0,0
1450-GALXR,Fiber optic,0,0,0,1,1,1
3174-AKMAS,DSL,0,1,0,1,1,0
3138-BKYAV,Fiber optic,0,1,0,0,1,0
9926-PJHDQ,DSL,0,0,1,0,1,1
7382-DFJTU,DSL,0,0,1,1,0,0
2798-NYLMZ,Fiber optic,1,0,1,1,1,1
4289-DTDKW,Fiber optic,0,1,0,0,1,1
1820-TQVEV,Fiber optic,0,0,0,0,0,0
2239-JALAW,Fiber optic,0,1,1,0,1,1
4853-RULSV,Fiber optic,1,0,0,1,1,1
3551-GAEGL,DSL,1,0,0,0,0,0
3196-NVXLZ,Fiber optic,0,0,0,0,1,0
6275-YDUVO,Fiber optic,0,0,1,0,0,1
0036-IHMOT,Fiber optic,0,1,1,1,1,1
0115-TFERT,Fiber optic,0,1,1,1,1,1
4178-EGMON,Fiber optic,1,1,0,1,0,0
4220-TINQT,Fiber optic,0,0,1,1,1,1
5318-YKDPV,DSL,1,0,1,1,1,1
7975-TZMLR,Fiber optic,0,1,1,0,1,1
0295-QVKPB,DSL,0,0,1,1,1,0
2311-QYMUQ,Fiber optic,0,1,1,0,1,0
3643-AHCFP,Fiber optic,0,0,0,0,1,1
3104-OWCGK,Fiber optic,0,1,1,0,1,0
5337-IIWKZ,DSL,0,0,1,1,1,0
9101-BWFSS,Fiber optic,1,1,0,1,1,1
3487-EARAT,DSL,1,1,1,1,0,1
2672-TGEFF,Fiber optic,0,1,0,0,1,0
9231-ZJYAM,Fiber optic,0,0,0,0,1,0
4250-WAROZ,Fiber optic,1,1,0,0,0,1
8184-WMOFI,DSL,1,0,1,1,0,1
6982-SSHFK,DSL,0,0,0,0,0,0
6092-QZVPP,DSL,1,0,1,1,1,1
0727-BMPLR,Fiber optic,0,0,1,0,1,1
0392-BZIUW,Fiber optic,1,0,1,0,1,1
6549-NNDYT,DSL,1,0,0,0,0,0
3027-ZTDHO,Fiber optic,0,0,0,0,1,1
6916-HIJSE,DSL,1,1,1,1,1,1
2316-ESMLS,DSL,1,0,0,1,0,0
9778-OGKQZ,DSL,1,1,1,1,1,1
7408-OFWXJ,DSL,1,1,1,1,1,1
6007-TCTST,Fiber optic,1,1,1,1,1,1
2252-NKNSI,DSL,1,1,0,1,1,1
7905-TVXTA,DSL,1,0,0,1,1,0
2382-BCKQJ,Fiber optic,0,0,1,0,1,1
8374-UULRV,DSL,1,1,0,1,1,1
2207-NHRJK,DSL,0,1,0,0,0,0
3224-DFQNQ,Fiber optic,1,1,0,1,0,0
5275-PMFUT,DSL,1,1,1,1,1,1
9777-IQHWP,Fiber optic,1,0,1,0,0,1
0947-MUGVO,Fiber optic,0,1,0,0,0,0
9944-HKVVB,Fiber optic,0,1,0,0,1,1
4124-MMETB,Fiber optic,0,0,0,0,1,1
3671-SHRSP,Fiber optic,0,0,1,1,0,0
0979-MOZQI,DSL,0,0,0,1,1,0
3313-QKNKB,Fiber optic,0,0,0,0,0,1
1937-OTUKY,Fiber optic,1,0,1,1,1,0
1573-LGXBA,Fiber optic,0,1,1,0,1,1
5073-WXOYN,DSL,0,1,0,0,1,1
4713-ZBURT,Fiber optic,0,0,1,0,1,1
3050-GBUSH,DSL,0,0,0,0,1,0
0207-MDKNV,Fiber optic,1,0,1,1,1,1
7876-AEHIG,DSL,1,0,1,1,1,1
7945-HLKEA,DSL,1,0,1,1,0,0
9342-VNIMQ,DSL,0,1,0,0,0,0
9851-KIELU,Fiber optic,1,1,1,1,1,1
3908-BLSYF,Fiber optic,0,0,1,0,0,1
3199-NPKCN,Fiber optic,1,0,1,1,1,1
5170-PTRKA,DSL,1,0,0,1,0,0
2123-AGEEN,Fiber optic,0,0,1,0,1,0
1258-YMZNM,Fiber optic,1,1,1,0,1,1
0048-LUMLS,Fiber optic,0,0,0,0,1,1
7549-MYGPK,Fiber optic,1,1,1,0,1,0
5898-IGSLP,Fiber optic,1,0,1,1,0,0
3804-RVTGV,Fiber optic,0,1,1,0,1,1
6259-WJQLC,Fiber optic,0,0,1,0,0,0
9227-LUNBG,DSL,0,0,0,0,0,0
7997-EASSD,Fiber optic,0,0,0,1,0,0
0730-KOAVE,Fiber optic,1,1,0,0,0,1
8975-SKGRX,Fiber optic,1,1,1,1,1,1
0678-RLHVP,Fiber optic,0,1,1,0,1,1
4315-MURBD,Fiber optic,1,0,0,1,1,1
2267-FPIMA,Fiber optic,1,1,0,0,0,1
9734-YWGEX,Fiber optic,0,0,1,0,1,1
2719-BDAQO,Fiber optic,1,0,0,0,1,1
5285-MVEHD,Fiber optic,1,1,1,0,1,1
0379-DJQHR,DSL,1,1,1,0,1,1
0781-LKXBR,Fiber optic,0,0,1,0,1,1
5543-QDCRY,DSL,0,0,0,0,1,0
0297-RBCSG,DSL,0,1,0,1,0,1
0835-JKADZ,Fiber optic,0,1,1,1,1,1
1907-UBQFC,Fiber optic,0,1,0,0,0,0
7508-SMHXL,Fiber optic,0,1,0,0,1,0
3865-YIOTT,Fiber optic,1,0,1,0,1,1
6513-EECDB,Fiber optic,0,0,0,0,0,0
3956-CJUST,Fiber optic,1,0,0,0,0,0
4079-WWQQQ,DSL,1,1,1,1,1,1
6103-BOCOU,Fiber optic,0,0,1,0,0,0
5149-TGWDZ,Fiber optic,0,1,1,1,1,1
4301-VVZKA,Fiber optic,0,0,0,0,0,0
9199-PWQVC,DSL,1,1,0,0,1,1
4824-GUCBY,Fiber optic,1,1,0,0,0,0
5393-HJZSM,DSL,1,1,1,1,0,1
7074-IEVOJ,Fiber optic,0,1,0,0,0,0
9625-QSTYE,Fiber optic,0,1,1,0,0,0
0862-PRCBS,Fiber optic,0,1,0,1,1,1
8812-ZRHFP,Fiber optic,0,0,1,0,0,1
5146-CBVOE,Fiber optic,0,1,0,0,0,0
0454-OKRCT,Fiber optic,0,1,0,1,0,0
4750-ZRXIU,Fiber optic,0,0,0,0,0,1
4198-VFOEA,DSL,1,0,0,1,0,0
6630-UJZMY,Fiber optic,0,0,0,0,1,0
5709-LVOEQ,DSL,1,1,1,0,1,1
6400-BWQKW,Fiber optic,1,0,0,0,0,0
2692-AQCPF,Fiber optic,0,1,1,1,1,1
0811-GSDTP,DSL,0,1,0,0,0,0
7567-ECMCM,Fiber optic,0,0,0,0,0,1
6115-ZTBFQ,DSL,1,1,1,1,1,1
6353-BRMMA,Fiber optic,1,1,0,0,1,1
6680-WKXRZ,Fiber optic,0,0,0,0,0,0
9904-EHEVJ,Fiber optic,0,0,1,0,1,0
7028-DVOIQ,Fiber optic,0,0,1,0,1,1
4208-UFFGW,DSL,0,0,0,0,0,0
8584-KMVXD,Fiber optic,0,1,0,0,0,0
8467-WYNSR,DSL,1,0,0,1,0,0
0851-DFJKB,DSL,1,0,1,1,0,0
5382-SOYZL,Fiber optic,0,0,0,0,1,1
9448-REEVD,DSL,0,0,0,0,0,0
8388-FYNPZ,DSL,1,0,1,0,0,0
4002-BQWPQ,DSL,1,1,1,1,0,1
5651-YLPRD,Fiber optic,0,1,0,0,1,0
2826-DXLQO,DSL,1,0,0,0,0,0
9489-UTFKA,DSL,1,0,0,0,1,0
4849-PYRLQ,DSL,1,0,1,1,0,1
9117-SHLZX,DSL,0,0,0,0,0,0
9889-TMAHG,Fiber optic,1,0,0,1,1,1
3429-IFLEM,DSL,1,1,1,1,1,0
3158-MOERK,Fiber optic,0,0,0,0,1,1
7294-TMAOP,Fiber optic,0,0,0,0,1,1
5002-GCQFH,Fiber optic,1,1,0,0,1,0
0556-FJEGU,DSL,0,1,1,1,1,0
8919-FYFQZ,DSL,0,1,0,0,0,0
0604-THJFP,DSL,0,1,0,1,1,1
2834-JRTUA,Fiber optic,1,0,1,1,1,1
5875-YPQFJ,Fiber optic,0,0,0,0,0,0
5879-SESNB,Fiber optic,0,0,0,0,0,0
6646-QVXLR,Fiber optic,0,1,1,0,1,1
6461-PPAXN,DSL,1,0,0,1,0,0
2483-XSSMZ,DSL,1,0,0,0,0,0
8603-IJWDN,Fiber optic,0,0,0,0,0,1
9369-XFEHK,Fiber optic,0,1,0,0,0,0
2604-XVDAM,DSL,0,0,0,0,0,0
1206-EHBDD,Fiber optic,1,0,1,0,0,0
3842-IYKUE,Fiber optic,0,1,0,1,0,0
6641-XRPSU,Fiber optic,0,0,0,0,0,0
1374-DMZUI,Fiber optic,0,0,0,0,1,1
3234-VKACU,DSL,0,0,0,1,1,1
8357-EQXFO,Fiber optic,0,0,1,0,1,1
1989-PRJHP,Fiber optic,0,0,0,0,0,0
8120-JDCAM,Fiber optic,0,0,0,0,0,0
2858-EIMXH,Fiber optic,0,0,0,0,1,1
9524-EGPJC,Fiber optic,0,0,0,1,0,1
6993-OHLXR,Fiber optic,0,0,0,0,0,0
8818-XYFCQ,Fiber optic,1,0,0,0,1,1
0929-HYQEW,DSL,1,0,0,0,0,0
6614-YOLAC,DSL,1,1,0,1,1,1
7426-RHZGU,Fiber optic,0,0,0,1,1,1
4065-JJAVA,DSL,0,1,0,0,0,0
4695-VADHF,DSL,0,0,1,0,0,1
3863-IUBJR,DSL,0,0,0,0,0,1
7649-SIJJF,DSL,1,1,1,1,0,1
3748-FVMZZ,DSL,0,0,0,1,0,1
1452-XRSJV,DSL,1,0,0,0,0,0
3422-WJOYD,DSL,1,0,0,1,0,0
8242-SOQUO,Fiber optic,0,1,0,0,1,0
7460-ITWWP,Fiber optic,0,0,1,0,0,1
7147-AYBAA,Fiber optic,0,0,0,0,0,0
7868-TMWMZ,Fiber optic,1,1,1,1,1,1
4822-RVYBB,Fiber optic,0,0,1,0,1,1
6732-FZUGP,Fiber optic,1,0,1,0,1,0
8436-BJUMM,Fiber optic,0,0,0,0,1,0
4184-TJFAN,Fiber optic,1,0,0,1,1,0
8329-GWVPJ,Fiber optic,0,0,0,0,0,0
1352-VHKAJ,DSL,0,0,0,1,1,1
4145-UQXUQ,Fiber optic,0,0,1,0,1,1
8146-QQKZH,DSL,1,0,1,1,1,1
6445-TNRXS,Fiber optic,1,1,1,1,1,1
4581-LNWUM,DSL,0,0,1,0,1,1
4869-EPIUS,Fiber optic,0,0,0,0,0,1
9948-YPTDG,Fiber optic,1,1,0,0,0,0
1236-WFCDV,Fiber optic,0,0,0,0,1,1
7296-PIXQY,Fiber optic,0,0,0,0,0,0
4883-QICIH,Fiber optic,0,0,0,0,0,0
3354-OADJP,DSL,1,0,0,1,0,0
3524-WQDSG,Fiber optic,0,0,1,0,1,1
0810-DHDBD,DSL,1,0,1,1,1,0
4026-SKKHW,DSL,0,0,0,1,0,0
1271-SJBGZ,DSL,0,0,1,1,0,1
3845-JHAMY,DSL,0,0,0,0,0,1
7013-PSXHK,DSL,0,0,1,1,1,1
5669-SRAIP,DSL,0,0,1,0,0,1
5981-ITEMU,Fiber optic,0,0,0,0,1,1
6941-PMGEP,Fiber optic,0,0,0,0,0,1
1624-WOIWJ,Fiber optic,1,0,0,0,1,0
2074-GKOWZ,Fiber optic,0,0,0,0,1,1
0376-YMCJC,Fiber optic,0,0,0,1,1,0
4829-ZLJTK,Fiber optic,1,1,1,0,1,1
1730-VFMWO,DSL,0,0,0,1,0,0
7143-BQIBA,DSL,1,0,0,1,1,0
3800-LYTRK,DSL,1,0,0,1,0,0
0634-SZPQA,Fiber optic,1,0,0,0,1,0
7030-NJVDP,Fiber optic,1,0,0,1,0,1
5536-RTPWK,Fiber optic,0,1,0,0,1,1
8883-GRDWQ,DSL,1,0,0,1,0,0
6166-ILMNY,Fiber optic,0,0,0,0,0,0
3097-NNSPB,DSL,0,1,0,0,0,0
7771-ZONAT,DSL,0,0,1,1,1,1
0655-RBDUG,Fiber optic,0,0,1,0,1,1
4194-WHFCB,Fiber optic,0,1,0,1,0,1
4361-BKAXE,Fiber optic,1,1,1,1,1,1
9845-PEEKO,Fiber optic,0,1,0,0,0,0
0455-XFASS,Fiber optic,0,0,0,0,0,0
1751-NCDLI,Fiber optic,0,0,1,0,1,1
9878-TNQGW,Fiber optic,0,0,0,0,0,1
4441-NIHPT,Fiber optic,0,0,1,0,0,0
8999-BOHSE,Fiber optic,0,0,0,0,1,1
7241-AJHFS,Fiber optic,1,0,0,1,0,0
7029-RPUAV,Fiber optic,0,0,1,0,1,1
4546-FOKWR,Fiber optic,0,0,0,0,0,0
9036-CSKBW,Fiber optic,1,1,1,0,1,1
5832-TRLPB,DSL,0,0,1,1,1,1
8590-YFFQO,DSL,1,1,1,1,0,0
8659-IOOPU,Fiber optic,1,0,1,1,0,1
1338-CECEE,DSL,0,1,1,0,1,0
7439-DKZTW,Fiber optic,0,0,0,0,1,0
4646-QZXTF,DSL,1,0,1,1,1,1
4607-CHPCA,Fiber optic,0,0,0,0,1,1
9742-XOKTS,Fiber optic,1,1,0,1,0,0
6921-OZMFH,DSL,0,0,0,1,0,0
8824-RWFXJ,DSL,0,1,1,0,0,0
7722-CVFXN,Fiber optic,0,1,0,1,1,1
7363-QTBIW,Fiber optic,0,0,0,0,0,1
4159-NAAIX,Fiber optic,0,1,0,0,1,1
3391-JSQEW,DSL,0,1,0,0,0,0
0343-QLUZP,DSL,1,1,1,0,0,0
9763-PDTKK,Fiber optic,1,0,1,1,0,1
2176-LVPNX,DSL,1,1,1,1,1,1
7627-JKIAZ,Fiber optic,0,0,1,0,0,0
3312-UUMZW,Fiber optic,0,1,0,0,1,1
1271-UODNO,DSL,0,0,0,1,0,0
6900-RBKER,Fiber optic,0,0,1,0,0,1
6891-JPYFF,Fiber optic,1,1,0,0,1,1
1459-QNFQT,DSL,1,0,1,1,1,1
1047-NNCBF,Fiber optic,0,0,0,0,0,0
3696-XRIEN,DSL,1,0,1,1,1,1
4081-DYXAV,DSL,0,0,0,0,1,1
0074-HDKDG,DSL,1,1,1,0,0,0
8791-GFXLZ,DSL,0,1,0,0,0,0
8111-SLLHI,Fiber optic,0,1,1,0,1,1
0927-LCSMG,Fiber optic,0,0,1,0,0,0
9330-DHBFL,DSL,1,1,1,1,0,0
3452-ABWRL,Fiber optic,0,0,0,0,1,0
8257-RZAHR,DSL,1,0,0,0,1,0
5293-WXJAK,Fiber optic,0,0,1,1,1,1
2208-NQBCT,Fiber optic,1,1,0,0,0,0
1779-PWPMG,Fiber optic,1,1,1,1,1,1
0774-IFUVM,DSL,1,0,0,0,1,0
9553-DLCLU,DSL,1,1,1,1,1,1
2460-NGXBJ,Fiber optic,0,0,0,0,0,0
2446-ZKVAF,DSL,0,1,0,0,0,0
0841-NULXI,DSL,0,0,0,0,0,1
3522-CDKHF,Fiber optic,1,0,0,0,0,0
1430-SFQSA,DSL,1,0,0,1,0,0
0411-EZJZE,DSL,0,0,0,0,1,0
7851-WZEKY,Fiber optic,0,0,0,0,1,1
8844-TONUD,Fiber optic,0,0,1,0,1,1
8807-ARQET,DSL,0,1,0,0,0,1
4320-QMLLA,DSL,0,0,0,0,1,0
8777-PVYGU,DSL,1,0,1,0,1,0
6870-ZWMNX,DSL,0,1,1,1,1,0
5268-DSMNQ,Fiber optic,0,1,1,0,1,0
5334-JLAXU,Fiber optic,1,1,0,0,0,1
4086-YQSNZ,Fiber optic,0,0,0,0,1,0
6242-MBHPK,Fiber optic,1,0,0,0,1,1
5868-CZJDR,DSL,0,1,0,0,0,0
9359-UGBTK,DSL,1,0,1,1,0,1
0135-NMXAP,Fiber optic,0,1,0,0,1,0
4782-OSFXZ,DSL,1,1,1,1,0,1
7129-ACFOG,DSL,1,0,0,0,0,0
4189-NAKJS,DSL,0,0,0,0,0,0
1282-IHQAC,DSL,0,1,1,0,1,0
9127-FHJBZ,Fiber optic,1,1,1,1,1,1
6270-OMFIW,Fiber optic,0,1,0,0,1,1
1641-RQDAY,Fiber optic,0,1,0,0,1,1
6994-ORCWG,DSL,0,1,0,0,0,0
1346-UFHAX,Fiber optic,1,0,0,0,0,0
3992-YWPKO,Fiber optic,0,1,1,1,1,1
2933-XEUJM,DSL,1,0,1,0,1,1
0125-LZQXK,Fiber optic,0,0,1,1,1,1
5461-QKNTN,Fiber optic,0,1,0,1,1,0
4835-YSJMR,DSL,0,0,0,1,0,0
8399-YNDCH,DSL,0,0,1,0,1,0
3164-YAXFY,DSL,1,0,1,0,1,1
0887-WBJVH,Fiber optic,0,0,0,1,1,1
4660-IRIBM,Fiber optic,1,0,1,0,1,0
5673-FSSMF,DSL,0,0,0,0,0,1
7670-ZBPOQ,DSL,1,0,0,1,0,0
8089-UZWLX,Fiber optic,0,0,1,0,1,1
0080-OROZO,Fiber optic,0,0,1,1,1,1
3916-NRPAP,Fiber optic,0,0,1,0,0,1
6807-SIWJI,Fiber optic,1,1,0,0,1,1
8221-HVAYI,DSL,1,1,1,1,0,0
1579-KLYDT,Fiber optic,0,0,1,0,1,0
5232-NXPAY,DSL,0,0,1,1,1,1
8967-SZQAS,DSL,0,1,0,0,0,0
4468-KAZHE,DSL,0,1,0,0,0,1
0455-ENTCR,DSL,1,1,0,1,1,1
7126-RBHSD,Fiber optic,1,0,0,0,0,0
5370-IIVVL,Fiber optic,0,1,0,1,1,1
6789-HJBWG,DSL,0,1,0,0,0,0
3927-NLNRY,Fiber optic,0,1,0,0,1,1
6791-YBNAK,DSL,0,0,0,0,0,0
6358-LYNGM,Fiber optic,0,0,0,0,0,0
6077-BDPXA,Fiber optic,0,0,0,0,0,0
0013-MHZWF,DSL,0,0,0,1,1,1
5494-HECPR,Fiber optic,0,0,0,0,1,0
8268-YDIXR,Fiber optic,1,1,1,0,0,0
9824-BEMCV,Fiber optic,0,0,0,0,0,0
1373-ORVIZ,DSL,0,0,0,1,0,1
4291-SHSBH,Fiber optic,0,0,0,0,0,0
9866-QEVEE,Fiber optic,0,0,0,0,0,1
9897-KXHCM,Fiber optic,0,0,0,0,0,1
7979-CORPM,Fiber optic,0,1,0,0,1,0
2294-DMMUS,DSL,0,0,0,0,1,1
0872-JCPIB,DSL,1,0,0,0,0,1
3055-MJDSB,DSL,0,0,0,0,0,0
9091-WTUUY,DSL,1,0,1,1,1,0
1618-CFHME,Fiber optic,0,0,0,0,0,0
3165-HDOEW,DSL,0,0,0,0,0,0
6581-NQCBA,DSL,0,0,0,1,1,1
8496-DMZUK,Fiber optic,1,1,1,0,0,0
2040-VZIKE,Fiber optic,1,0,0,0,1,1
9068-VPWQQ,DSL,1,0,1,1,0,1
0178-SZBHO,Fiber optic,0,1,0,0,1,0
0384-RVBPI,DSL,1,0,1,0,0,1
1689-MRZQR,Fiber optic,0,0,0,0,1,0
4525-VZCZG,Fiber optic,1,1,0,1,1,1
1543-LLLFT,Fiber optic,0,1,1,1,1,0
5835-BEQEU,Fiber optic,0,0,0,0,0,0
5565-FILXA,Fiber optic,0,0,0,0,1,1
0319-QZTCO,DSL,0,1,0,0,1,0
0096-FCPUF,DSL,1,0,0,0,0,1
0668-OGMHD,DSL,1,0,0,0,0,0
5552-ZNFSJ,DSL,0,0,0,0,0,0
6507-ZJSUR,Fiber optic,0,0,0,0,1,1
9408-HRXRK,Fiber optic,1,1,0,0,1,1
5593-SUAOO,Fiber optic,0,1,1,0,0,0
7321-PKUYW,Fiber optic,0,0,0,1,1,0
2833-SLKDQ,DSL,0,0,0,0,0,0
6766-HFKLA,Fiber optic,0,0,1,1,1,1
7595-EUIVN,Fiber optic,0,1,0,0,0,0
2026-TGDHM,Fiber optic,0,0,0,0,0,1
9220-ZNKJI,Fiber optic,0,0,1,1,1,0
4030-VPZBD,DSL,0,0,0,1,0,0
2226-ICFDO,DSL,1,0,1,1,1,1
0723-VSOBE,DSL,0,0,0,0,0,1
4187-CINZD,Fiber optic,0,1,0,0,1,1
9992-UJOEL,DSL,0,1,0,0,0,0
4741-WWJQZ,Fiber optic,1,0,0,1,0,0
6625-UTXEW,DSL,0,1,0,0,0,0
6818-WOBHJ,Fiber optic,0,1,0,0,0,1
6244-BESBM,Fiber optic,0,0,0,1,1,1
1004-NOZNR,Fiber optic,1,0,0,0,1,1
1251-STYSZ,Fiber optic,1,0,0,0,0,0
2612-PHGOX,DSL,0,1,1,1,1,0
2408-TZMJL,Fiber optic,1,1,1,0,1,1
8480-PPONV,Fiber optic,1,1,1,1,1,1
4598-ZADCK,DSL,1,1,1,1,1,0
9681-KYGYB,Fiber optic,1,1,1,0,0,0
7182-OVLBJ,Fiber optic,1,0,0,0,1,1
5095-ETBRJ,DSL,1,1,0,1,0,0
7005-CYUIL,Fiber optic,1,1,1,1,1,0
4730-AWNAU,DSL,1,0,1,1,1,1
2388-LAESQ,Fiber optic,1,1,1,1,1,1
6260-ONULR,DSL,0,0,0,0,1,1
4389-UEFCZ,Fiber optic,1,0,1,0,1,1
9134-CEQMF,Fiber optic,0,0,0,0,1,1
8985-OOPOS,DSL,0,0,1,1,1,1
8800-ZKRFW,Fiber optic,0,1,1,1,1,1
9968-FFVVH,DSL,1,1,1,1,0,0
3108-PCCGG,DSL,1,1,1,0,1,1
7993-PYKOF,Fiber optic,1,0,0,0,0,0
8390-FESFV,DSL,0,1,1,1,1,1
3022-BEXHZ,Fiber optic,0,1,1,1,1,1
5027-XWQHA,DSL,0,0,0,0,0,0
6248-TKCQV,DSL,1,0,0,1,1,1
6729-GDNGC,Fiber optic,0,0,0,0,1,0
6198-ZFIOJ,Fiber optic,0,0,0,0,0,0
5989-OMNJE,DSL,1,1,1,0,1,1
4566-QVRRW,DSL,0,0,0,0,0,0
1291-CUOCY,Fiber optic,0,1,1,1,1,1
9795-SHUHB,DSL,1,1,0,1,0,0
3230-IUALN,DSL,1,0,1,1,1,1
8519-IMDHU,Fiber optic,0,0,0,0,0,1
4945-RVMTE,DSL,0,0,1,0,1,0
0201-OAMXR,Fiber optic,1,1,1,1,1,1
1866-NXPSP,DSL,1,1,1,1,0,1
3372-KWFBM,Fiber optic,0,0,0,0,1,0
7831-QGOXH,Fiber optic,0,0,0,0,1,0
6393-WRYZE,Fiber optic,0,0,0,0,1,1
3941-XTSKM,DSL,0,1,1,0,0,1
1661-CZBAU,DSL,1,0,0,1,0,1
6599-RCLCJ,Fiber optic,0,1,1,1,1,1
9831-BPFRI,Fiber optic,0,1,1,1,0,0
1907-YLNYW,DSL,1,0,1,0,0,1
8947-YRTDV,Fiber optic,1,1,1,0,0,1
3161-ONRWK,DSL,1,1,1,1,0,0
7206-GZCDC,Fiber optic,0,0,0,0,0,0
6682-VCIXC,DSL,1,1,0,1,1,0
4791-QRGMF,Fiber optic,0,0,1,0,1,1
6475-VHUIZ,DSL,0,0,1,1,0,0
0661-WCQNQ,DSL,1,0,0,1,0,0
7537-RBWEA,DSL,0,0,0,0,0,0
0121-SNYRK,DSL,1,0,0,1,0,0
1768-ZAIFU,DSL,0,0,0,0,0,0
4671-LXRDQ,DSL,0,0,0,0,0,0
3733-LSYCE,Fiber optic,0,1,0,0,0,0
3838-OZURD,Fiber optic,0,1,1,0,1,1
1371-DWPAZ,DSL,1,1,1,1,1,0
9269-CQOOL,DSL,0,0,0,0,1,0
7690-KPNCU,DSL,1,0,1,0,1,1
2293-IJWPS,Fiber optic,0,0,1,0,1,1
2845-HSJCY,Fiber optic,0,0,1,0,0,1
1184-PJVDB,Fiber optic,0,0,0,0,1,0
2625-TRCZQ,DSL,0,1,0,0,1,1
4102-HLENU,DSL,1,1,1,0,0,0
7722-VJRQD,DSL,1,0,1,1,1,1
9415-DPEWS,Fiber optic,0,0,0,1,1,0
0196-JTUQI,Fiber optic,0,0,0,0,0,0
7130-YXBRO,Fiber optic,1,1,1,0,1,1
9272-LSVYH,Fiber optic,0,0,0,0,0,0
7943-RQCHR,Fiber optic,0,0,0,0,1,1
3793-MMFUH,Fiber optic,0,0,0,0,1,1
3249-ZPQRG,Fiber optic,0,1,0,0,0,0
2568-BRGYX,Fiber optic,0,0,0,0,0,0
3084-DOWLE,DSL,1,1,1,1,1,1
1084-MNSMJ,DSL,1,1,1,1,1,1
7721-JXEAW,DSL,0,1,0,0,0,1
7249-WBIYX,Fiber optic,0,0,0,0,1,0
4238-HFHSN,Fiber optic,0,1,0,0,0,0
6250-CGGUN,Fiber optic,1,0,1,1,0,0
5478-JJVZK,DSL,1,1,0,0,0,0
6567-HOOPW,Fiber optic,0,0,0,0,1,0
9793-WECQC,Fiber optic,0,1,0,0,1,1
8999-YPYBV,DSL,1,1,1,1,1,1
3164-AALRN,DSL,0,0,1,0,1,1
3071-MVJCD,DSL,1,1,1,1,1,0
1697-BCSHV,DSL,0,1,0,0,1,0
0562-KBDVM,DSL,1,1,1,1,0,0
1131-SUEKT,Fiber optic,0,1,0,1,1,1
3717-OEAUQ,Fiber optic,0,0,0,0,0,0
3334-CTHOL,DSL,0,0,0,0,0,0
4704-ERYFC,Fiber optic,0,0,0,0,0,0
9432-RUVSL,Fiber optic,1,0,1,1,1,1
8060-HIWJJ,DSL,0,1,1,1,1,1
9089-UOWJG,DSL,0,0,1,0,1,0
8621-MNIHH,Fiber optic,0,1,1,0,0,1
8039-ACLPL,DSL,1,1,1,0,0,1
9885-AIBVB,Fiber optic,0,1,1,0,0,0
2272-JKMSI,Fiber optic,0,1,1,1,1,1
0471-LVHGK,DSL,0,0,1,0,1,1
9518-RWHZL,Fiber optic,0,0,1,0,1,1
8714-CTZJW,Fiber optic,0,0,1,0,0,1
3569-EDBPQ,Fiber optic,1,0,0,1,0,0
5419-CONWX,Fiber optic,0,1,1,0,1,1
6240-EURKS,DSL,0,0,0,0,0,1
2373-NTKOD,DSL,0,0,0,0,1,1
6960-HVYXR,Fiber optic,0,0,0,0,0,0
0895-UADGO,DSL,1,0,0,1,0,1
5678-VFNEQ,Fiber optic,1,0,1,0,1,1
5977-CKHON,Fiber optic,0,0,1,0,0,1
7024-OHCCK,Fiber optic,0,0,0,0,1,1
2692-BUCFV,Fiber optic,0,1,1,0,1,1
7861-UVUFT,Fiber optic,0,0,1,0,1,0
1830-GGFNM,Fiber optic,1,1,1,1,0,0
5302-BDJNT,Fiber optic,0,0,1,1,1,0
5223-UZAVK,Fiber optic,1,1,0,0,1,1
4859-ZSRDZ,DSL,0,0,1,1,1,1
5651-WYIPH,DSL,0,1,0,0,0,0
9350-VLHMB,Fiber optic,0,1,0,0,0,1
8785-CJSHH,Fiber optic,0,1,0,0,1,1
5357-TZHPP,Fiber optic,0,0,0,0,0,1
3870-SPZSI,Fiber optic,1,1,1,1,1,1
0680-DFNNY,Fiber optic,0,0,1,0,1,1
7077-XJMET,DSL,0,0,1,1,1,1
8752-GHJFU,Fiber optic,1,1,1,1,0,0
6896-SRVYQ,Fiber optic,0,0,1,0,0,0
7767-UXAGJ,DSL,0,0,0,0,0,0
6718-BDGHG,DSL,0,0,0,1,1,0
6439-LAJXL,DSL,1,1,0,1,1,0
1571-SAVHK,Fiber optic,0,0,0,1,1,1
9052-VKDUW,Fiber optic,1,1,1,0,1,1
9546-CQJSU,Fiber optic,0,0,1,0,1,0
1666-JZPZT,DSL,0,0,0,0,0,0
5777-KJIRB,DSL,0,0,1,0,0,0
0506-LVNGN,Fiber optic,0,0,1,0,0,0
2480-EJWYP,Fiber optic,0,1,0,0,1,1
3253-HKOKL,Fiber optic,1,0,1,0,1,1
7055-HNEOJ,DSL,0,0,1,1,0,0
5514-YQENT,Fiber optic,1,1,1,1,1,1
3211-AAPKX,Fiber optic,0,0,0,1,1,1
8445-DNBAE,DSL,0,0,0,0,0,0
2951-QOQTK,Fiber optic,0,0,0,1,0,0
6890-PFRQX,DSL,1,0,1,0,1,0
0222-CNVPT,DSL,1,0,0,0,1,1
5899-OUVKV,Fiber optic,0,1,0,0,1,1
1621-YNCJH,Fiber optic,1,1,1,1,0,1
3473-XIIIT,Fiber optic,0,1,0,0,1,1
6362-QHAFM,Fiber optic,0,0,1,1,1,1
3070-BDOQC,Fiber optic,0,1,1,0,1,1
2952-QAYZF,Fiber optic,0,1,1,0,0,0
6234-PFPXL,Fiber optic,1,0,0,1,1,0
4763-PGDPO,Fiber optic,0,0,0,0,0,0
4283-IVYCI,DSL,1,0,0,1,0,1
1866-OBPNR,Fiber optic,0,1,0,0,0,0
8205-MQUGY,DSL,1,0,0,0,0,0
8970-ANWXO,DSL,0,0,0,1,1,1
9480-BQJEI,Fiber optic,1,1,0,0,0,1
5394-SVGJV,Fiber optic,0,0,0,1,1,1
9777-WJJPR,Fiber optic,0,0,1,0,1,0
9283-LZQOH,Fiber optic,0,0,0,0,0,0
7079-QRCBC,Fiber optic,0,0,1,0,1,1
9495-SKLKD,Fiber optic,0,1,1,0,0,1
6048-UWKAL,Fiber optic,0,1,0,1,1,1
5469-CTCWN,Fiber optic,1,1,0,0,1,1
9851-QXEEQ,Fiber optic,0,1,1,0,1,1
6281-FKEWS,DSL,0,0,1,0,1,1
8898-KASCD,DSL,0,0,1,1,0,0
9242-TKFSV,DSL,1,1,1,1,1,1
9290-SHCMB,Fiber optic,0,0,1,0,1,1
0743-HNPFG,DSL,1,1,0,1,0,1
2277-BKJKN,Fiber optic,0,1,1,0,1,1
9809-IMGCQ,Fiber optic,0,0,0,0,1,1
5208-HFSBT,DSL,0,1,0,1,0,0
5035-PGZXH,Fiber optic,0,1,1,0,1,1
8695-WDYEA,DSL,1,0,0,0,0,0
6543-JXSOO,DSL,1,1,0,1,0,0
8016-ZMGMO,DSL,0,1,1,0,1,0
3254-YRILK,Fiber optic,0,1,0,0,1,0
6416-YJTTB,Fiber optic,1,0,1,0,0,0
4472-VESGY,Fiber optic,1,1,1,0,0,1
3128-YOVTD,Fiber optic,1,1,0,0,0,0
0529-ONKER,Fiber optic,0,0,0,0,0,0
1728-CXQBE,Fiber optic,0,1,1,0,0,1
7041-TXQJH,DSL,0,0,1,0,0,1
5724-BIDBU,DSL,1,0,0,0,0,0
0481-SUMCB,Fiber optic,0,0,1,0,1,1
1769-GRUIK,Fiber optic,0,0,0,0,0,0
5240-IJOQT,Fiber optic,0,0,0,0,0,0
8819-WFGGJ,DSL,1,0,1,0,1,1
2811-POVEX,Fiber optic,0,1,1,0,0,1
1092-GANHU,Fiber optic,0,0,1,0,0,0
7898-PDWQE,DSL,1,1,1,1,0,1
9314-IJWSQ,Fiber optic,0,0,0,0,1,0
0661-XEYAN,DSL,0,0,0,0,0,0
1921-KYSAY,DSL,0,0,1,1,0,1
6198-RTPMF,Fiber optic,0,0,0,0,1,1
2924-KHUVI,Fiber optic,1,0,0,0,1,1
7881-EVUAD,DSL,1,1,0,0,0,1
9207-ZPANB,DSL,1,1,1,1,0,0
5766-XQXMQ,DSL,1,1,1,0,0,1
9327-QSDED,DSL,0,0,0,0,0,0
1656-DRSMG,Fiber optic,0,1,1,1,1,1
2984-AFWNC,Fiber optic,0,1,0,0,1,1
8096-LOIST,DSL,0,0,0,0,0,1
3703-VAVCL,Fiber optic,0,0,1,1,0,1
8519-QJGJD,Fiber optic,0,0,1,0,0,0
7905-NJMXS,DSL,1,1,0,1,0,0
2882-WDTBA,DSL,1,1,1,1,1,0
2091-GPPIQ,DSL,0,1,0,1,1,1
6326-MTTXK,Fiber optic,0,1,0,0,1,1
5071-FBJFS,DSL,1,0,0,0,0,0
2796-UUZZO,Fiber optic,0,1,1,0,0,0
0330-IVZHA,Fiber optic,0,0,0,0,0,0
3794-NFNCH,DSL,0,0,1,0,0,0
5193-QLVZB,Fiber optic,0,1,1,0,1,1
2886-KEFUM,Fiber optic,0,1,1,0,1,1
5522-NYKPB,Fiber optic,0,0,0,1,1,0
4237-RLAQD,DSL,0,0,0,0,0,0
9957-YODKZ,Fiber optic,0,0,1,0,0,0
2245-ADZFJ,DSL,0,1,0,1,1,1
7776-QGYJC,Fiber optic,0,0,1,1,0,0
9651-GTSAQ,Fiber optic,1,1,1,0,1,1
3186-BAXNB,Fiber optic,0,1,0,1,1,0
4672-FOTSD,DSL,1,1,0,1,0,0
0637-YLETY,Fiber optic,0,1,1,0,0,1
7338-ERIVA,DSL,1,0,0,1,1,0
1157-BQCUW,Fiber optic,0,0,0,0,0,0
8259-NFJTV,DSL,1,0,0,1,0,0
3223-DWFIO,Fiber optic,0,0,0,0,0,0
2660-EMUBI,Fiber optic,0,0,0,0,1,1
6968-GMKPR,Fiber optic,0,1,1,0,0,0
4751-ERMAN,DSL,0,1,1,0,1,1
1436-ZMJAN,DSL,0,0,1,0,1,1
3292-PBZEJ,Fiber optic,0,1,1,1,1,1
0799-DDIHE,DSL,0,0,0,0,0,0
7675-OZCZG,DSL,0,0,0,0,0,0
5014-WUQMG,Fiber optic,1,1,1,0,0,1
2003-CKLOR,Fiber optic,0,1,1,0,1,1
0993-OSGPT,DSL,0,1,1,1,0,0
9254-RBFON,Fiber optic,0,0,1,1,1,1
1205-WNWPJ,DSL,0,0,0,1,1,0
9391-EOYLI,Fiber optic,0,0,0,0,0,1
7108-DGVUU,DSL,0,1,1,0,0,1
2782-JEEBU,DSL,0,1,0,1,0,0
5127-BZENZ,DSL,1,0,0,0,1,0
2720-FVBQP,DSL,0,0,0,0,0,0
9906-NHHVC,DSL,0,1,1,0,1,1
4522-XRWWI,DSL,1,0,0,1,1,1
3766-EJLFL,Fiber optic,1,0,1,1,1,1
8152-UOBNY,Fiber optic,0,1,0,1,1,1
7351-KYHQH,DSL,0,1,1,0,1,0
8387-MOJJT,Fiber optic,0,0,0,0,1,0
2761-OCIAX,Fiber optic,0,1,0,0,0,0
7321-VGNKU,Fiber optic,0,0,0,0,0,0
5327-CNLUQ,Fiber optic,1,1,1,0,1,0
5816-JMLGY,DSL,0,1,1,1,1,1
3068-OMWZA,Fiber optic,0,0,1,0,1,0
2927-QRRQV,Fiber optic,0,1,1,0,1,0
6032-KRXXO,Fiber optic,0,0,0,0,1,1
7459-RRWQZ,DSL,1,0,0,0,0,1
6265-SXWBU,Fiber optic,0,1,1,0,1,0
6374-NTQLP,Fiber optic,1,0,1,1,1,1
4154-AQUGT,Fiber optic,0,1,0,1,0,1
3584-WKTTW,Fiber optic,1,0,1,1,1,1
3399-BMLVW,DSL,1,1,0,1,0,0
1971-DTCZB,DSL,1,1,1,1,1,1
3092-IGHWF,Fiber optic,0,1,1,0,0,0
3813-DHBBB,DSL,1,1,0,1,0,1
4939-KYYPY,DSL,0,0,1,1,0,0
8017-LXHFA,Fiber optic,0,1,0,0,1,1
5930-GBIWP,DSL,1,1,1,1,0,1
6022-KOUQO,DSL,0,0,0,1,0,0
6352-TWCAU,Fiber optic,0,0,0,0,1,0
2361-UPSND,DSL,1,1,0,1,0,1
6035-RIIOM,Fiber optic,0,1,0,0,1,1
2929-QNSRW,Fiber optic,0,1,0,0,1,1
1262-OPMFY,Fiber optic,0,0,1,0,0,0
9504-DSHWM,DSL,1,0,0,1,0,0
5035-BVCXS,Fiber optic,0,1,0,0,0,0
6267-DCFFZ,Fiber optic,0,1,0,0,1,0
3533-UVMOM,DSL,1,1,1,0,0,1
2439-LYPMQ,Fiber optic,0,1,1,0,1,1
4248-QPAVC,Fiber optic,1,0,1,0,0,0
1899-VXWXM,Fiber optic,0,1,1,0,1,1
1478-VPOAD,DSL,0,0,0,0,0,0
9995-HOTOH,DSL,1,1,1,0,1,1
2988-PLAHS,DSL,0,0,1,0,1,1
4999-IEZLT,DSL,0,0,0,1,0,0
8883-ANODQ,Fiber optic,0,1,1,0,0,0
4690-LLKUA,DSL,0,0,0,0,0,0
5980-BDHPY,DSL,1,1,1,1,1,1
9469-WEJBT,Fiber optic,0,0,1,1,0,1
3331-HQDTW,Fiber optic,1,1,1,0,1,1
9490-DFPMD,Fiber optic,0,0,0,0,1,0
2581-VKIRT,DSL,1,1,0,1,0,0
5442-XSDCW,Fiber optic,0,0,0,0,1,0
7426-WEIJX,Fiber optic,1,0,0,0,0,0
2851-MMUTZ,DSL,0,1,0,1,0,0
3049-NDXFL,Fiber optic,0,0,0,0,0,1
8580-AECUZ,Fiber optic,0,0,0,0,1,0
3307-TLCUD,DSL,1,0,1,0,0,0
7963-GQRMY,DSL,0,0,0,0,0,0
8189-HBVRW,Fiber optic,1,1,1,0,0,0
1228-FZFRV,Fiber optic,1,0,1,0,1,1
3500-NSDOA,DSL,0,1,0,1,0,1
3761-FLYZI,Fiber optic,0,1,1,0,1,1
2058-DCJBE,Fiber optic,0,0,0,0,0,0
5364-XYIRR,Fiber optic,0,0,0,0,1,1
4829-AUOAX,Fiber optic,0,0,0,0,1,1
1219-NNDDO,Fiber optic,0,0,0,0,0,0
9659-QEQSY,Fiber optic,1,1,1,1,1,1
5405-ZMYXQ,Fiber optic,0,0,0,0,0,0
5047-LHVLY,DSL,0,0,1,0,0,0
1442-OKRJE,Fiber optic,1,1,1,0,1,1
4737-AQCPU,DSL,1,1,1,1,0,0
9158-VCTQB,Fiber optic,1,1,1,1,1,1
6311-UEUME,Fiber optic,0,0,0,0,1,0
0793-TWELN,Fiber optic,1,0,0,0,0,0
1060-ENTOF,Fiber optic,1,1,1,1,0,1
0999-QXNSA,DSL,0,0,0,0,0,0
9225-BZLNZ,DSL,1,1,1,0,1,1
4422-QVIJA,DSL,0,0,0,0,0,0
9365-SRSZE,Fiber optic,0,0,0,0,0,0
6839-ITVZJ,DSL,0,1,0,1,0,0
0274-JKUJR,DSL,1,1,1,0,1,1
5740-YHGTW,Fiber optic,1,1,0,0,1,0
1696-MZVAU,DSL,0,0,0,0,0,0
7359-WWYJV,Fiber optic,1,1,1,1,1,1
0375-HVGXO,DSL,0,0,0,0,1,0
4906-ZHGPK,DSL,0,1,0,1,1,0
8593-WHYHV,Fiber optic,0,0,0,0,0,1
3795-GWTRD,DSL,1,1,1,1,1,0
1298-PHBTI,Fiber optic,0,1,0,1,0,0
6097-EQISJ,Fiber optic,0,1,1,0,1,1
4423-YLHDV,Fiber optic,1,0,1,0,1,1
8158-WPEZG,DSL,0,1,0,1,0,0
0107-YHINA,Fiber optic,0,0,1,0,1,1
4918-FYJNT,Fiber optic,0,1,1,1,0,0
0727-BNRLG,Fiber optic,0,1,1,1,1,0
4854-CIDCF,Fiber optic,0,0,1,0,0,0
8640-SDGKB,DSL,0,0,1,1,1,1
3280-MRDOF,DSL,0,0,1,1,1,0
6435-SRWBJ,Fiber optic,0,0,1,1,0,0
6303-KFWSL,DSL,0,1,0,0,0,0
1702-CCFNJ,DSL,0,1,0,1,0,0
8932-CZHRQ,DSL,1,1,1,0,0,1
5515-RUGKN,DSL,0,0,0,0,0,1
2081-VEYEH,Fiber optic,0,1,1,1,1,1
6407-UTSLV,Fiber optic,0,1,0,0,1,0
4116-TZAQJ,Fiber optic,1,0,0,0,0,0
9060-HJJRW,DSL,0,1,1,0,1,1
7398-SKNQZ,Fiber optic,0,0,0,0,1,1
5935-FCCNB,Fiber optic,0,0,0,0,1,1
1958-RNRKS,DSL,0,0,0,0,0,0
5136-RGMZO,DSL,0,1,0,1,1,0
8345-MVDYC,DSL,1,0,1,1,1,1
8226-BXGES,Fiber optic,1,1,1,0,0,0
3877-JRJIP,DSL,0,0,0,0,1,0
8375-DKEBR,Fiber optic,0,0,0,0,0,0
9705-IOVQQ,Fiber optic,0,1,0,0,1,1
7511-YMXVQ,DSL,0,0,0,0,1,1
2040-XBAVJ,Fiber optic,1,1,1,1,1,1
8887-IPQNC,DSL,0,0,0,0,0,0
8646-JCOMS,Fiber optic,0,1,1,1,0,0
9804-ICWBG,Fiber optic,0,0,0,0,0,0
0106-GHRQR,DSL,0,1,1,0,0,1
5318-IXUZF,Fiber optic,0,1,0,0,1,0
8952-WCVCD,Fiber optic,1,1,1,0,1,1
3963-RYFNS,Fiber optic,1,1,1,1,1,1
3198-VELRD,Fiber optic,0,0,0,0,0,1
1320-REHCS,Fiber optic,0,1,1,1,1,1
4137-JOPHL,Fiber optic,0,0,1,1,0,1
9436-ZBZCT,Fiber optic,0,0,0,1,1,0
7801-CEDNV,DSL,1,0,0,0,0,0
2057-BOYKM,Fiber optic,1,1,1,1,0,0
3658-QQJYD,DSL,1,1,0,0,1,1
1803-BGNBD,DSL,0,1,0,1,0,0
0134-XWXCE,DSL,0,0,1,1,1,1
6950-TWMYB,Fiber optic,0,1,0,1,0,0
2511-MORQY,DSL,0,0,1,0,0,0
9470-XCCEM,Fiber optic,0,1,0,0,1,0
6519-CFDBX,DSL,0,0,0,0,0,0
3902-MIVLE,DSL,1,0,1,1,0,1
0409-WTMPL,Fiber optic,1,1,1,0,1,1
3669-WHAFY,Fiber optic,1,1,1,1,1,1
3055-VTCGS,DSL,0,0,1,0,0,1
3144-KMTWZ,Fiber optic,0,1,1,0,0,1
7279-BUYWN,Fiber optic,1,1,1,0,1,1
7156-MHUGY,Fiber optic,0,0,0,0,1,1
7198-GLXTC,Fiber optic,0,0,0,0,1,0
5207-PLSTK,DSL,1,0,0,0,0,0
2307-FYNNL,Fiber optic,1,0,1,1,1,1
2155-AMQRX,DSL,0,0,0,1,0,0
5091-HFAZW,Fiber optic,1,1,0,0,1,0
2519-LBNQL,Fiber optic,0,1,1,0,1,1
8623-ULFNQ,DSL,0,0,0,1,0,1
8380-PEFPE,Fiber optic,0,0,0,0,0,0
1568-LJSZU,DSL,1,1,1,1,1,1
7530-HDYDS,Fiber optic,0,1,1,1,0,0
7789-HKSBS,Fiber optic,1,0,1,0,1,1
2586-CWXVV,DSL,0,1,0,0,0,0
3096-IZETN,Fiber optic,0,0,0,0,0,1
2348-KCJLT,DSL,1,1,1,0,0,0
8401-EMUWF,DSL,1,1,0,0,1,0
5377-NDTOU,DSL,1,1,1,1,1,1
5922-ABDVO,Fiber optic,0,0,1,0,0,1
2474-LCNUE,DSL,0,0,0,1,1,1
9172-ANCRX,Fiber optic,1,0,0,0,1,1
6650-VJONK,DSL,0,0,0,0,0,0
2178-PMGCJ,Fiber optic,0,0,0,0,0,0
7492-TAFJD,DSL,1,1,1,0,0,0
2773-MADBQ,DSL,1,1,1,1,0,1
7860-KSUGX,DSL,1,1,1,0,0,0
6910-HADCM,Fiber optic,0,0,1,0,0,0
4816-LXZYW,Fiber optic,0,1,0,0,0,0
9606-PBKBQ,Fiber optic,0,0,0,0,0,1
5149-QYTTU,Fiber optic,1,1,1,1,0,0
2070-XYMFH,Fiber optic,0,0,1,0,0,0
2085-BOJKI,Fiber optic,0,0,1,0,1,1
0817-HSUSE,DSL,0,0,1,1,1,1
5663-QBGIS,Fiber optic,0,1,0,0,1,1
4450-MDZFX,Fiber optic,0,0,0,0,0,0
6701-DHKWQ,DSL,0,1,1,1,1,0
7554-AKDQF,DSL,0,0,0,0,0,0
3536-IQCTX,Fiber optic,0,0,0,0,0,1
4911-BANWH,Fiber optic,0,0,0,0,1,0
8496-EJAUI,Fiber optic,0,1,0,0,0,0
5423-BHIXO,DSL,0,1,0,0,0,0
6908-VVYHM,Fiber optic,0,1,0,0,0,1
2959-EEXWB,DSL,1,0,0,0,1,1
3030-YDNRM,Fiber optic,0,0,0,0,0,0
3402-XRIUO,DSL,1,1,0,1,0,0
3132-TVFDZ,DSL,0,0,0,0,1,1
8286-AFUYI,DSL,1,0,0,0,0,0
8080-DDEMJ,DSL,0,0,0,0,0,0
8356-WUAOJ,DSL,0,0,0,0,0,0
6365-MTGZX,Fiber optic,0,0,0,1,1,1
8058-DMYRU,Fiber optic,0,1,0,0,0,1
6990-YNRIO,Fiber optic,1,0,1,1,1,1
6959-GQEGV,DSL,1,0,1,0,1,1
1265-HVPZB,DSL,1,1,1,0,1,0
4115-UMJFQ,DSL,0,1,1,0,0,0
0621-TWIEM,DSL,0,0,0,0,0,0
3537-RYBHH,DSL,1,1,1,0,0,0
2485-ITVKB,DSL,0,0,0,0,0,1
3669-OYSJI,DSL,0,0,0,0,0,0
1612-EOHDH,DSL,0,0,0,0,0,0
6702-OHFWR,DSL,0,1,1,0,0,1
4510-PYUSH,DSL,1,1,0,0,0,0
9359-JANWS,DSL,1,0,1,1,0,0
7517-SAWMO,Fiber optic,1,0,0,0,0,0
4143-HHPMK,Fiber optic,0,1,0,0,0,1
7054-LGEQW,DSL,0,0,0,0,0,0
0523-VNGTF,DSL,0,1,1,1,1,0
7105-MXJLL,DSL,0,0,1,0,0,1
7064-FRRSW,Fiber optic,0,1,0,0,1,1
7940-UQQUG,Fiber optic,1,0,0,1,1,1
0923-PNFUB,Fiber optic,0,1,0,0,1,0
3961-SXAXY,DSL,0,0,0,0,0,0
3566-HJGPK,DSL,0,0,0,0,0,0
3062-ICYZQ,Fiber optic,1,1,0,0,0,1
0973-KYVNF,DSL,1,1,1,0,1,0
5129-HHMZC,DSL,1,1,0,1,1,1
9637-CDTKZ,Fiber optic,1,1,1,1,1,1
3946-JEWRQ,Fiber optic,0,0,0,0,1,1
7873-CVMAW,DSL,1,1,1,1,1,1
3494-JCHRQ,Fiber optic,0,0,0,0,0,0
6474-FVJLC,Fiber optic,0,0,0,0,0,1
4524-QCSSM,DSL,1,1,0,0,0,1
5832-EXGTT,DSL,1,0,0,0,0,1
8840-DQLGN,Fiber optic,1,1,0,1,1,0
2039-JONDJ,DSL,1,1,0,0,0,0
7217-JYHOQ,DSL,1,1,0,1,0,1
6695-FRVEC,DSL,1,0,1,1,0,0
4547-LYTDD,Fiber optic,0,0,0,0,0,0
9894-QMIMJ,DSL,0,1,1,0,0,0
8069-YQQAJ,DSL,0,1,0,0,0,0
4193-ORFCL,DSL,0,0,0,0,0,0
1636-NTNCO,DSL,0,1,0,0,1,1
3466-WAESX,DSL,1,1,0,0,0,1
9281-PKKZE,DSL,0,0,0,0,1,1
3638-VBZTA,DSL,1,1,0,1,1,1
7459-IMVYU,DSL,1,1,1,1,0,0
7776-QWNFX,DSL,0,1,0,0,0,0
6689-TCZHQ,Fiber optic,0,0,0,0,0,1
8563-OYMQY,Fiber optic,0,1,1,0,0,1
1951-IEYXM,DSL,1,1,1,1,1,1
3318-NMQXL,Fiber optic,0,0,0,0,1,1
3143-ILDAL,Fiber optic,0,1,0,1,0,1
2361-FJWNO,DSL,0,1,0,1,0,0
2272-UOINI,DSL,1,1,0,1,1,1
6637-KYRCV,DSL,0,1,0,0,0,0
5668-MEISB,Fiber optic,1,1,1,1,1,0
7188-CBBBA,Fiber optic,0,1,1,0,1,0
5356-CSVSQ,DSL,0,0,0,1,1,0
3221-CJMSG,DSL,0,0,0,1,0,0
4720-VSTSI,Fiber optic,0,1,1,0,0,0
3219-JQRSL,DSL,1,1,1,1,1,1
2801-NISEI,DSL,1,0,0,1,0,0
3946-MHCZW,DSL,0,0,1,0,0,0
6732-VAILE,DSL,0,1,1,1,1,1
8201-AAXCB,DSL,0,0,0,0,1,0
1845-CSBRZ,Fiber optic,0,0,0,0,1,0
2123-VSCOT,DSL,0,0,1,1,1,0
6651-AZVTJ,Fiber optic,0,0,1,0,1,1
4566-GOLUK,Fiber optic,0,0,1,1,1,1
2018-QKYGT,Fiber optic,0,0,0,0,0,1
7409-JURKQ,Fiber optic,0,1,1,1,1,1
4587-NUKOX,Fiber optic,1,1,0,0,0,0
2239-CGBUZ,DSL,1,1,0,1,0,0
4890-VMUAV,DSL,1,1,1,1,0,0
9261-WDCAF,DSL,0,0,0,0,0,1
7442-YGZFK,DSL,0,0,0,0,0,0
0420-BWTPW,DSL,0,0,0,0,0,0
7449-HVPIV,Fiber optic,0,0,1,0,1,0
5504-WSIUR,Fiber optic,0,1,1,1,0,0
8183-ONMXC,Fiber optic,0,0,0,0,0,1
8466-PZBLH,Fiber optic,1,0,0,1,1,1
9614-RMGHA,Fiber optic,0,1,0,0,1,0
8735-IJJEG,DSL,0,0,1,0,0,0
0564-MUUQK,Fiber optic,0,0,1,1,0,1
5054-IEXZT,Fiber optic,0,1,0,0,0,0
5834-ASPWA,Fiber optic,0,0,0,0,0,0
0701-RFGFI,Fiber optic,0,0,0,0,1,1
0019-EFAEP,Fiber optic,1,1,1,0,1,0
5619-PTMIK,DSL,1,0,0,0,0,0
3737-XBQDD,Fiber optic,0,1,1,0,0,0
5882-CMAZQ,DSL,0,1,0,1,0,0
5846-QFDFI,Fiber optic,0,1,1,1,0,0
4445-KWOKW,DSL,1,1,0,0,0,0
3511-APPBJ,Fiber optic,1,0,1,0,1,1
7967-HYCDE,Fiber optic,0,0,0,0,0,0
2430-RRYUW,DSL,1,1,0,0,0,0
3948-XHGNA,DSL,1,0,0,0,0,0
3723-BFBGR,DSL,0,1,0,0,0,0
0565-IYCGT,DSL,1,1,1,1,0,1
5447-WZAFP,Fiber optic,0,1,1,0,1,1
5110-CHOPY,DSL,1,0,1,0,1,1
5445-UTODQ,Fiber optic,0,0,0,0,1,0
7892-QVYKW,Fiber optic,0,0,0,0,0,1
9675-ICXCT,DSL,1,0,1,1,1,1
1024-VRZHF,Fiber optic,0,0,0,0,0,0
9497-QCMMS,Fiber optic,0,0,0,0,1,1
5692-ICXLW,Fiber optic,0,1,0,0,1,0
0602-DDUML,DSL,0,1,1,1,1,0
1960-UYCNN,Fiber optic,0,1,1,0,0,1
0348-SDKOL,Fiber optic,0,0,1,1,1,1
7336-RLLRH,DSL,1,0,0,1,1,1
4373-MAVJG,Fiber optic,0,1,0,0,0,1
8901-HJXTF,DSL,0,1,0,0,0,0
7710-JSYOA,Fiber optic,0,1,0,1,0,1
5419-KLXBN,Fiber optic,0,1,1,0,1,0
3424-NMNBO,Fiber optic,1,1,1,0,1,1
9885-MFVSU,DSL,1,0,0,1,1,0
4514-GFCFI,Fiber optic,0,0,0,0,1,0
0607-MVMGC,DSL,0,1,1,0,1,1
3365-SAIGS,Fiber optic,0,1,0,0,1,0
9828-AOQLM,DSL,0,0,0,0,0,0
8000-REIQB,Fiber optic,0,0,0,0,0,0
9993-LHIEB,DSL,1,0,1,1,0,1
0266-CLZKZ,Fiber optic,0,0,1,1,1,1
7615-ESMYF,DSL,0,0,0,0,1,1
3858-VOBET,Fiber optic,0,0,0,0,0,0
7020-OZKXZ,Fiber optic,0,0,1,0,0,0
0017-DINOC,DSL,1,0,0,1,1,0
1447-PJGGA,Fiber optic,0,0,1,0,1,1
8565-CLBZW,Fiber optic,0,0,1,0,1,0
9139-WQQDY,Fiber optic,0,1,0,0,1,1
0224-HJAPT,DSL,0,0,0,0,0,0
8086-OVPWV,Fiber optic,0,0,0,0,0,1
9430-FRQOC,Fiber optic,0,0,1,1,0,0
7639-OPLNG,DSL,1,1,1,1,1,0
3074-GQWYX,Fiber optic,0,0,0,0,0,0
1492-QGCLU,DSL,1,0,1,1,1,1
6845-RGTYS,Fiber optic,1,1,1,0,1,0
4418-LZMSV,DSL,0,1,1,1,0,0
5155-AZQPB,DSL,0,0,0,0,0,0
8861-HGGKB,Fiber optic,0,0,0,0,0,1
7065-YUNRY,DSL,0,0,0,0,0,0
7694-VLBWQ,Fiber optic,0,1,1,0,1,1
2546-KZAAT,DSL,1,1,0,0,1,1
0181-RITDD,Fiber optic,1,1,1,1,1,1
5989-PGKJB,Fiber optic,0,1,0,0,0,1
4795-KTRTH,Fiber optic,0,1,0,0,0,0
8272-ONJLV,Fiber optic,0,0,1,0,1,1
1488-PBLJN,Fiber optic,1,1,1,1,1,1
0308-GIQJT,Fiber optic,0,1,0,1,1,1
6481-OGDOO,Fiber optic,1,1,0,0,0,1
3090-LETTY,DSL,1,1,0,0,0,0
5349-AZPEW,DSL,0,0,0,0,0,0
3753-TSEMP,Fiber optic,0,0,0,0,1,1
9720-JJJOR,DSL,1,1,1,0,0,0
8100-HZZLJ,DSL,1,1,0,0,0,1
8775-ERLNB,Fiber optic,0,0,0,0,0,0
8309-IEYJD,Fiber optic,0,0,0,0,0,0
9172-JITSM,Fiber optic,0,0,0,0,1,1
6298-QDFNH,Fiber optic,0,1,0,0,0,0
7398-HPYZQ,DSL,1,1,1,1,1,1
7361-YPXFS,DSL,0,1,1,1,0,0
6557-BZXLQ,Fiber optic,0,0,0,0,0,0
7519-JTWQH,Fiber optic,0,1,1,1,1,1
2538-OIMXF,DSL,0,0,0,0,0,0
8543-MSDMF,DSL,1,0,1,0,1,1
9961-JBNMK,Fiber optic,0,0,1,0,1,1
1170-SASML,Fiber optic,0,1,1,0,0,0
4872-JCVCA,DSL,1,1,1,1,0,0
2038-LLMLM,Fiber optic,0,0,1,1,1,1
6173-ITPWD,Fiber optic,0,1,1,0,0,0
9734-UYXQI,DSL,0,0,0,0,0,0
1216-BGTSP,Fiber optic,1,0,1,1,1,1
4138-NAXED,Fiber optic,0,1,0,0,0,0
2189-UXTKY,DSL,1,0,0,1,1,1
0744-BIKKF,DSL,1,1,1,1,1,1
7483-IQWIB,Fiber optic,0,1,1,0,1,0
5248-KWLAR,DSL,1,1,1,1,1,1
4958-GZWIY,DSL,0,0,1,0,0,0
7833-PKIHD,DSL,1,0,0,1,1,1
5153-RTHKF,Fiber optic,0,0,0,0,1,0
4832-VRBMR,Fiber optic,0,1,1,0,1,1
9079-LWTFD,Fiber optic,1,1,0,1,1,0
6356-ELRKD,Fiber optic,1,0,0,0,1,1
8624-GIOUT,DSL,1,1,0,0,0,0
3392-EHMNK,Fiber optic,0,1,0,1,1,0
6179-GJPSO,Fiber optic,1,1,0,1,1,1
7901-TBKJX,Fiber optic,0,0,1,0,1,1
7228-PAQPD,DSL,0,0,0,1,0,1
3177-LASXD,Fiber optic,0,0,0,0,0,0
7746-QYVCO,DSL,1,1,0,0,0,0
5804-HYIEZ,Fiber optic,1,1,0,0,1,1
9919-FZDED,DSL,1,1,1,0,1,1
5934-TSSAU,Fiber optic,0,0,1,0,0,0
1084-UQCHV,Fiber optic,0,0,0,0,0,0
8290-YWKHZ,Fiber optic,0,0,0,0,1,1
2955-BJZHG,Fiber optic,0,0,0,0,1,0
3806-DXQOM,DSL,1,1,0,0,0,0
6784-XYJAE,DSL,0,0,1,0,0,0
3933-DQPWX,DSL,0,1,1,1,0,0
6661-EIPZC,DSL,0,0,0,1,0,0
2251-PYLPB,DSL,1,1,1,1,0,1
9300-RENDD,Fiber optic,0,0,0,0,1,0
8087-LGYHQ,Fiber optic,0,0,1,0,1,1
4137-BTIKL,Fiber optic,1,0,0,0,0,1
2190-BCXEC,Fiber optic,0,0,0,1,0,0
6227-FBDXH,Fiber optic,0,0,1,0,1,1
2153-MREFK,Fiber optic,1,0,1,1,0,1
2911-WDXMV,Fiber optic,0,0,1,0,0,0
7206-PQBBZ,Fiber optic,0,0,0,0,0,0
3106-ULWFW,Fiber optic,0,0,0,0,0,1
0925-VYDLG,Fiber optic,0,0,0,0,0,0
4547-FZJWE,DSL,1,0,0,0,0,1
7422-WNBTY,Fiber optic,0,1,1,0,0,1
0842-IWYCP,DSL,0,0,0,0,0,0
8383-SGHJU,DSL,1,0,0,1,0,0
7607-QKKTJ,Fiber optic,0,1,1,0,0,1
7707-PYBBH,DSL,1,1,0,1,0,0
8984-HPEMB,Fiber optic,1,1,1,1,1,1
4349-GFQHK,DSL,0,0,1,0,0,0
4139-DETXS,DSL,1,1,1,1,1,1
9779-DPNEJ,Fiber optic,0,0,0,0,0,1
4123-FCVCB,DSL,0,0,0,1,1,1
8819-IMISP,Fiber optic,0,1,0,0,0,0
7802-EFKNY,DSL,0,0,0,0,0,0
8311-UEUAB,DSL,1,0,0,0,1,1
5858-EAFCZ,DSL,0,0,0,0,0,0
8035-BUYVG,DSL,1,1,1,0,0,0
1163-ONYEY,DSL,1,1,1,0,1,0
9787-XVQIU,Fiber optic,0,0,0,0,0,0
8945-MUQUF,Fiber optic,1,1,0,0,1,0
5656-MJEFC,DSL,1,0,1,1,1,0
8051-HJRLT,Fiber optic,0,0,0,0,0,0
4010-YLMVT,Fiber optic,1,1,0,0,1,1
1379-FRVEB,Fiber optic,0,1,0,0,1,0
6288-CHQJB,DSL,1,0,1,1,0,1
8160-HOWOX,DSL,0,0,0,0,1,1
3023-GFLBR,Fiber optic,0,0,0,0,0,1
4223-BKEOR,DSL,1,0,1,0,0,1
4079-VTGLK,DSL,0,0,1,0,1,1
1763-WQFUK,DSL,0,0,0,1,0,0
1391-UBDAR,Fiber optic,0,0,1,0,0,0
8894-JVDCV,Fiber optic,1,1,1,1,1,1
2014-MKGMH,Fiber optic,0,0,1,0,1,1
5628-FCGYG,Fiber optic,0,0,0,0,0,1
0248-IPDFW,DSL,0,0,0,0,0,0
7978-DKUQH,Fiber optic,0,0,1,0,0,0
0524-IAVZO,Fiber optic,0,0,0,0,0,1
2737-YNGYW,Fiber optic,0,0,0,0,0,1
1784-EZDKJ,Fiber optic,0,1,1,0,1,1
9297-FVVDH,DSL,1,0,1,1,1,1
7101-HRBLJ,DSL,1,1,1,1,1,1
5159-YFPKQ,Fiber optic,0,0,1,0,0,0
6635-CPNUN,Fiber optic,0,1,1,0,1,0
4021-RQSNY,Fiber optic,0,0,1,0,1,1
5453-YBTWV,Fiber optic,1,1,1,1,1,0
2931-VUVJN,Fiber optic,1,1,1,1,0,0
9061-TIHDA,Fiber optic,0,0,0,0,1,1
8699-ASUFO,Fiber optic,0,0,0,0,0,0
6418-PIQSP,DSL,1,0,1,1,1,1
8220-OCUFY,DSL,1,0,1,1,0,0
3995-WFCSM,DSL,0,0,1,0,0,1
1895-QTKDO,DSL,0,0,0,0,0,0
2038-OEQZH,Fiber optic,0,0,1,0,0,1
7927-AUXBZ,Fiber optic,0,0,0,1,1,0
2878-RMWXY,Fiber optic,1,1,1,0,0,1
7375-WMVMT,Fiber optic,0,1,1,1,0,1
1136-XGEQU,DSL,0,1,1,1,1,1
2530-FMFXO,Fiber optic,0,0,1,1,1,1
6844-DZKRF,DSL,0,0,0,1,0,0
4695-WJZUE,Fiber optic,0,0,1,0,0,1
7619-ODSGN,DSL,1,0,0,0,0,0
8879-XUAHX,Fiber optic,1,1,1,1,1,1
3689-MOZGR,DSL,0,0,0,1,0,0
5003-XZWWO,DSL,0,1,1,1,1,1
3988-RQIXO,Fiber optic,0,0,0,0,1,1
7622-FWGEW,DSL,1,1,1,1,1,1
2514-GINMM,Fiber optic,0,0,0,0,1,0
8548-AWOFC,DSL,0,0,0,1,0,1
9798-DRYDS,DSL,0,0,1,1,0,0
6296-DDOOR,DSL,0,1,0,0,1,0
7951-VRDVK,DSL,1,1,1,1,1,1
5931-FLJJF,Fiber optic,0,0,0,0,0,0
4815-YOSUK,Fiber optic,1,1,1,1,0,1
2659-VXMWZ,Fiber optic,1,1,1,0,1,1
0380-NEAVX,Fiber optic,0,1,1,0,1,1
3207-OYBWH,Fiber optic,0,1,1,0,0,1
4285-GYRQC,Fiber optic,0,0,1,0,1,0
7216-EWTRS,Fiber optic,0,0,1,0,1,1
7036-TYDEC,Fiber optic,0,0,1,1,1,1
5802-ADBRC,Fiber optic,1,0,1,0,1,1
8337-MSSXB,Fiber optic,0,1,0,0,0,1
4312-GVYNH,DSL,1,0,1,1,0,1
8495-LJDFO,Fiber optic,1,0,1,1,1,1
0839-JTCUD,DSL,1,1,1,1,1,1
5494-WOZRZ,DSL,1,0,1,1,1,1
1302-UHBDD,Fiber optic,0,0,0,0,1,1
2234-EOFPT,DSL,1,1,0,1,1,1
8619-IJNDK,DSL,1,1,1,1,0,0
8378-LKJAF,Fiber optic,0,0,1,0,1,1
8182-BJDSI,Fiber optic,0,1,0,0,0,1
2528-HFYZX,Fiber optic,0,1,0,0,0,0
1153-GNOLC,DSL,0,1,0,0,1,0
3298-QEICA,DSL,1,0,0,1,0,0
3597-YASZG,Fiber optic,0,1,0,1,1,1
3496-LFSZU,Fiber optic,0,0,0,0,0,0
2482-CZGBB,Fiber optic,0,0,0,0,0,0
8097-VBQTZ,DSL,1,1,0,1,1,0
4500-HKANN,DSL,0,1,0,1,0,0
9917-KWRBE,DSL,1,1,1,0,1,0
3420-ZDBMA,Fiber optic,0,0,0,0,0,0
2212-LYASK,DSL,0,1,1,0,0,1
1393-IMKZG,Fiber optic,0,0,0,1,1,1
8069-RHUXK,DSL,1,0,0,1,0,0
3398-GCPMU,DSL,1,1,1,1,1,1
1013-QCWAM,Fiber optic,0,1,0,0,1,1
0866-QLSIR,DSL,1,1,0,1,0,0
6050-FFXES,Fiber optic,0,0,1,1,1,1
7181-BQYBV,Fiber optic,1,0,1,0,1,1
9554-DFKIC,DSL,1,0,0,0,0,0
5527-ACHSO,DSL,0,0,0,1,1,1
1399-UBQIU,DSL,0,0,1,0,1,1
0336-PIKEI,DSL,1,1,1,1,1,0
7322-OCWHC,Fiber optic,1,1,1,1,0,0
9537-VHDTA,DSL,1,0,0,0,0,0
4957-TIALW,DSL,1,1,1,1,0,0
2054-PJOCK,DSL,0,0,1,1,1,1
9150-HEPMB,DSL,1,0,1,0,0,0
6204-IEUXJ,Fiber optic,0,0,1,1,0,0
3126-WQMGH,DSL,0,0,0,0,0,0
4529-CKBCL,Fiber optic,0,0,0,0,1,0
2506-CLAKW,Fiber optic,1,1,1,1,0,1
7176-WRTNX,Fiber optic,1,1,1,1,1,1
1583-IHQZE,Fiber optic,0,1,1,1,1,1
5732-IKGQH,Fiber optic,1,0,1,1,1,1
9239-GZHZE,Fiber optic,1,1,1,1,1,1
0151-ONTOV,Fiber optic,0,0,0,0,0,0
4140-MUHUG,Fiber optic,0,0,1,0,1,0
0093-EXYQL,Fiber optic,0,0,0,0,1,1
8064-RAVOH,DSL,0,0,1,0,0,0
0320-JDNQG,Fiber optic,1,0,0,1,1,1
7180-PISOG,Fiber optic,0,0,0,0,0,0
9168-INPSZ,Fiber optic,0,0,1,1,1,1
3571-RFHAR,Fiber optic,0,1,1,1,1,1
0015-UOCOJ,DSL,1,0,0,0,0,0
2754-SDJRD,Fiber optic,0,0,0,1,1,1
9578-VRMNM,DSL,0,0,1,0,0,1
1587-FKLZB,Fiber optic,0,0,1,0,1,1
6140-QNRQQ,Fiber optic,0,0,0,0,0,0
8963-JLGJT,DSL,1,0,1,0,0,0
4307-KTUMW,Fiber optic,1,0,1,0,0,1
1465-LNTLJ,DSL,0,0,1,1,0,1
5440-FLBQG,Fiber optic,0,1,1,1,1,1
2135-DQWAQ,Fiber optic,0,1,0,0,1,0
4056-QHXHZ,Fiber optic,1,0,1,1,1,1
7470-MCQTK,DSL,0,0,1,0,1,1
7488-MXJIV,Fiber optic,0,0,0,0,1,0
7401-JIXNM,DSL,1,1,1,1,1,1
9339-FIIJL,DSL,0,1,1,1,1,1
2027-FECZV,Fiber optic,0,1,1,0,1,1
2672-DZUOY,DSL,0,0,0,0,0,0
4706-DGAHW,DSL,0,0,0,0,0,0
3870-MQAMG,Fiber optic,0,1,1,1,1,1
6670-MFRPK,Fiber optic,0,0,1,0,0,0
6177-PEVRA,DSL,1,1,0,0,0,0
4800-CZMPC,Fiber optic,1,1,0,0,1,1
4813-HQMGZ,Fiber optic,0,0,0,1,0,1
7579-KKLOE,DSL,1,1,1,1,1,1
7377-DMMRI,DSL,1,0,0,0,0,0
8402-EIVQS,Fiber optic,1,1,0,0,1,1
4947-DSMXK,Fiber optic,0,1,0,0,1,1
7245-NIIWQ,Fiber optic,0,0,0,0,0,0
0002-ORFBO,DSL,0,1,0,1,1,0
3324-OIRTO,Fiber optic,1,1,1,0,1,1
5414-OFQCB,Fiber optic,0,0,0,1,1,0
4967-WPNCF,DSL,1,1,1,1,1,1
8552-OBVRU,Fiber optic,1,0,1,1,1,1
9154-QDGTH,Fiber optic,0,0,1,1,1,1
8197-BFWVU,DSL,1,1,1,1,1,1
2577-GVSIL,DSL,0,0,0,1,1,1
6463-HHXJR,Fiber optic,1,1,1,0,1,0
7928-VJYAB,Fiber optic,0,0,0,0,1,1
1187-WILMM,DSL,1,1,1,1,1,1
9776-OJUZI,Fiber optic,0,1,1,0,1,0
8949-JTMAY,Fiber optic,0,0,1,0,1,1
2774-LVQUS,Fiber optic,0,0,1,1,0,0
2266-SJNAT,Fiber optic,0,1,1,1,1,1
0869-PAPRP,Fiber optic,0,0,1,0,1,0
4238-JSSWH,Fiber optic,0,0,1,0,1,1
2972-YDYUW,Fiber optic,0,1,0,1,0,1
1104-FEJAM,DSL,0,1,0,0,0,1
5499-ECUTN,DSL,1,0,1,0,1,0
4981-FLTMF,DSL,1,1,0,1,0,0
9121-PHQSR,Fiber optic,0,0,0,0,1,0
3113-IWHLC,DSL,1,0,1,0,0,0
3211-ILJTT,Fiber optic,0,0,0,0,0,0
4612-THJBS,Fiber optic,0,1,1,0,1,1
4094-NSEDU,Fiber optic,0,0,0,0,1,1
0234-TEVTT,DSL,1,0,1,0,0,1
4304-TSPVK,Fiber optic,1,1,1,1,1,1
1552-AAGRX,Fiber optic,1,0,0,1,1,1
2637-FKFSY,DSL,0,0,0,0,0,0
9796-MVYXX,DSL,1,0,1,1,0,0
0020-INWCK,Fiber optic,0,1,1,0,0,1
2683-JXWQQ,DSL,1,0,1,0,0,0
9548-ZMVTX,Fiber optic,0,1,1,1,0,0
8739-XNIKG,Fiber optic,0,0,0,0,1,0
9755-JHNMN,DSL,1,1,1,1,0,0
2789-HQBOU,Fiber optic,0,0,0,0,0,1
5067-WJEUN,DSL,1,1,0,0,0,0
3450-WXOAT,DSL,0,0,0,0,0,0
9251-WNSOD,DSL,1,1,1,0,0,1
2616-UUTFK,DSL,1,1,1,0,1,0
5103-MHMHY,DSL,0,0,0,0,0,0
7989-AWGEH,DSL,1,0,0,0,0,1
4373-VVHQL,DSL,0,0,0,0,0,0
4559-UWIHT,Fiber optic,0,1,1,0,0,0
7268-IGMFD,Fiber optic,0,0,1,1,1,0
1846-XWOQN,Fiber optic,0,0,0,0,0,0
0235-KGSLC,Fiber optic,0,0,1,0,1,0
6650-BWFRT,Fiber optic,1,1,1,1,1,1
9570-KYEUA,Fiber optic,1,0,1,1,0,1
6993-YGFJV,Fiber optic,1,1,1,1,1,1
0730-BGQGF,DSL,1,1,1,1,1,1
5498-IBWPI,DSL,0,0,0,1,0,0
0013-SMEOE,Fiber optic,1,1,1,1,1,1
9314-QDMDW,DSL,0,1,0,0,1,0
9308-ANMVE,DSL,1,1,0,0,0,0
2884-GBPFB,Fiber optic,0,0,0,0,0,0
3757-NJYBX,Fiber optic,0,1,1,0,1,1
3413-DHLPB,Fiber optic,0,1,0,1,1,1
6114-TCFID,DSL,1,1,0,1,0,0
3787-TRIAL,DSL,0,0,0,0,0,0
2573-GYRUU,Fiber optic,0,0,1,0,0,1
5156-UMKOW,DSL,0,1,0,0,0,0
1247-QBVSH,DSL,0,1,0,0,0,0
6734-GMPVK,Fiber optic,0,1,1,0,1,1
9822-OAOVB,DSL,0,0,0,0,0,1
6161-ERDGD,DSL,1,0,1,1,1,1
7318-EIVKO,DSL,0,0,0,0,1,0
3771-PZOBW,Fiber optic,0,0,1,0,1,0
5136-KCKGI,Fiber optic,1,0,1,0,1,1
8231-BSWXX,Fiber optic,0,1,0,0,0,0
6486-LHTMA,Fiber optic,0,0,1,0,1,0
4083-BFNYK,Fiber optic,1,1,0,0,0,1
3722-WPXTK,Fiber optic,0,0,0,0,1,1
7389-KBFIT,DSL,0,1,0,0,0,0
7176-WIONM,DSL,0,0,1,0,1,1
5141-ZUVBH,Fiber optic,1,0,1,1,0,1
1089-HDMKP,DSL,0,1,0,1,0,0
0310-SUCIN,DSL,1,1,1,1,1,1
5197-PYEPU,Fiber optic,1,1,0,0,1,0
2929-ERCFZ,Fiber optic,0,0,1,0,1,1
7548-SEPYI,Fiber optic,0,1,0,0,1,1
8835-VSDSE,Fiber optic,0,0,0,0,0,0
3275-RHRNE,DSL,0,1,1,1,1,1
3503-TYDAY,Fiber optic,0,1,0,0,0,0
6901-GOGZG,DSL,1,0,1,1,1,1
1623-NLDOT,DSL,0,1,0,1,0,0
7021-XSNYE,DSL,1,0,1,1,0,1
9898-KZQDZ,Fiber optic,0,0,0,0,1,1
8982-NHAVY,Fiber optic,0,0,1,0,1,1
4307-KWMXE,DSL,0,1,0,1,0,0
0141-YEAYS,Fiber optic,0,1,1,0,0,0
2450-ZKEED,DSL,0,0,1,1,0,0
3694-DELSO,DSL,1,0,0,0,1,0
3893-JRNFS,DSL,0,0,1,0,0,1
9603-OAIHC,Fiber optic,0,0,0,0,0,0
5236-PERKL,Fiber optic,1,1,1,0,1,1
1049-FYSYG,DSL,0,1,1,0,0,0
7854-FOKSF,DSL,0,0,0,0,0,1
2519-FAKOD,Fiber optic,0,0,1,0,1,1
8406-LNMHF,Fiber optic,1,1,1,0,0,0
1821-BUCWY,DSL,1,0,1,0,0,0
8263-JQAIK,DSL,0,0,0,0,0,0
8314-DPQHL,DSL,1,0,1,1,0,1
9481-SFCQY,DSL,0,0,1,0,1,0
6360-SVNWV,Fiber optic,1,0,0,0,0,0
0567-GGCAC,DSL,1,1,1,0,0,0
7089-IVVAZ,Fiber optic,1,0,0,1,1,1
9050-IKDZA,Fiber optic,0,0,0,0,1,0
2205-YMZZJ,Fiber optic,0,0,0,0,1,0
9802-CAQUT,Fiber optic,1,1,1,0,1,1
1254-IZEYF,Fiber optic,0,1,0,0,1,1
0187-WZNAB,Fiber optic,1,0,0,0,0,0
9492-TOKRI,Fiber optic,0,1,0,0,1,0
1475-VWVDO,Fiber optic,0,0,1,0,0,0
9221-OTIVJ,Fiber optic,0,1,1,0,1,1
1357-MVDOZ,DSL,0,0,1,0,1,0
7602-MVRMB,Fiber optic,1,0,1,1,1,1
3325-FUYCG,Fiber optic,1,1,0,0,1,1
5908-QMGOE,Fiber optic,0,0,0,0,0,0
1197-BVMVG,Fiber optic,0,0,0,0,0,0
8481-YYXWG,Fiber optic,0,1,0,1,0,1
5198-EFNBM,Fiber optic,0,1,1,0,1,0
7516-GMHUV,Fiber optic,1,0,1,0,1,1
2585-KTFRE,DSL,1,1,0,1,0,1
7994-UYIVZ,Fiber optic,0,0,0,0,0,1
2609-IAICY,Fiber optic,0,0,0,0,0,0
1740-CSDJP,DSL,0,0,0,0,0,1
6559-RAKOZ,Fiber optic,0,0,0,1,1,1
2636-OHFMN,DSL,0,1,0,0,1,1
1323-OOEPC,Fiber optic,0,1,0,0,1,1
3200-MNQTF,DSL,1,1,1,1,0,0
5630-IXDXV,Fiber optic,0,1,1,0,1,1
0320-DWVTU,Fiber optic,1,1,1,1,0,1
9135-MGVPY,DSL,1,1,1,1,1,1
1212-GLHMD,Fiber optic,1,0,0,0,0,1
7878-JGDKK,DSL,0,0,0,0,0,0
1088-AUUZZ,DSL,1,1,0,1,0,1
0397-GZBBC,Fiber optic,0,0,0,0,1,1
9588-OZDMQ,DSL,0,0,0,0,0,0
7641-EUYET,Fiber optic,1,1,1,0,1,0
9921-ZVRHG,Fiber optic,0,0,1,0,0,0
1174-FGIFN,Fiber optic,0,0,0,1,0,1
6620-HVDUJ,DSL,1,1,0,1,0,0
4701-MLJPN,DSL,0,0,1,1,0,0
1032-MAELW,DSL,1,1,1,1,0,1
7641-TQFHN,Fiber optic,0,0,0,1,1,1
9206-GVPEQ,DSL,1,0,0,1,1,1
8622-ZLFKO,Fiber optic,0,1,0,0,0,1
1596-BBVTG,Fiber optic,0,0,0,0,0,0
1134-YWTYF,DSL,0,1,0,1,0,0
6061-GWWAV,DSL,1,1,1,0,1,0
0679-TDGAK,DSL,1,0,0,1,1,1
8433-WXGNA,Fiber optic,1,0,0,0,0,0
9405-GPBBG,Fiber optic,0,1,1,1,1,1
3707-GNWHM,Fiber optic,0,0,0,0,0,0
7016-NVRIC,Fiber optic,1,0,1,0,0,1
5829-NVSQN,DSL,1,0,1,1,0,1
8922-LIEGH,Fiber optic,0,1,0,0,0,1
8869-LIHMK,Fiber optic,1,1,1,1,1,1
8245-UMPYT,Fiber optic,0,0,0,0,1,1
5186-SAMNZ,Fiber optic,0,0,0,0,0,0
0447-RXSGD,Fiber optic,0,1,0,0,1,1
4927-WWOOZ,Fiber optic,0,0,1,0,1,0
5788-YPOEG,DSL,1,1,1,1,1,1
5373-SFODM,Fiber optic,0,0,0,0,0,1
0661-KBKPA,DSL,0,0,1,1,1,1
3133-PZNSR,Fiber optic,1,1,0,1,0,1
8931-GJJIQ,Fiber optic,0,0,0,0,0,1
4277-PVRAN,Fiber optic,0,0,0,0,1,0
0022-TCJCI,DSL,1,0,1,0,0,1
0722-SVSFK,Fiber optic,0,0,1,1,1,1
9825-YCXWZ,Fiber optic,0,0,1,1,1,1
5397-NSKQG,DSL,1,0,0,0,1,1
8565-HBFNN,Fiber optic,1,1,1,1,0,1
2000-DHJUY,DSL,1,1,1,1,1,1
8670-ERCJH,Fiber optic,1,1,1,1,1,1
7758-UJWYS,DSL,0,0,0,1,1,0
7055-JCGNI,Fiber optic,1,1,1,1,1,1
0739-UUAJR,DSL,1,0,1,0,1,1
4826-DXMUP,DSL,0,0,0,1,1,1
0952-KMEEH,Fiber optic,1,0,0,0,1,1
7285-KLOTR,DSL,1,0,1,0,1,1
0654-PQKDW,DSL,1,0,1,1,1,0
7175-NTIXE,DSL,1,0,0,1,1,1
7963-SHNDT,DSL,1,1,0,1,0,0
9796-BPKIW,Fiber optic,0,0,0,0,0,0
5843-TTHGI,DSL,0,0,1,0,0,0
1849-RJYIG,DSL,1,0,0,0,1,0
8868-GAGIO,Fiber optic,1,0,1,0,0,0
4061-UKJWL,DSL,0,0,0,0,0,0
8263-QMNTJ,Fiber optic,1,1,1,1,1,1
8178-EYZUO,Fiber optic,1,1,0,0,0,1
3230-JCNZS,Fiber optic,1,1,1,0,1,0
0277-ORXQS,DSL,0,0,0,1,1,1
5130-IEKQT,Fiber optic,0,1,1,0,1,1
3230-WYKIR,DSL,0,0,1,1,1,1
3227-WLKLI,DSL,1,1,1,1,1,1
0407-BDJKB,Fiber optic,0,1,1,0,1,0
9600-UDOPK,Fiber optic,0,0,0,0,1,1
8216-AZUUZ,Fiber optic,0,0,1,1,1,1
4074-SJFFA,DSL,0,0,0,0,0,1
3269-ATYWD,Fiber optic,0,0,0,0,1,1
1074-AMIOH,Fiber optic,0,1,1,1,1,1
4910-GMJOT,Fiber optic,0,0,0,0,1,1
0354-WYROK,Fiber optic,0,0,1,1,1,1
7748-UMTRK,Fiber optic,0,0,0,1,1,1
7145-FEJWU,Fiber optic,0,1,1,0,1,1
6463-MVYRY,DSL,1,0,1,1,1,0
3969-JQABI,DSL,1,1,0,0,1,0
5780-INQIK,DSL,0,0,0,1,0,0
7576-OYWBN,Fiber optic,0,0,0,0,0,0
4526-ZJJTM,Fiber optic,0,1,1,0,0,1
8384-FZBJK,Fiber optic,0,1,0,0,1,1
3096-YXENJ,Fiber optic,0,1,1,1,1,1
1265-BCFEO,DSL,0,0,1,1,1,1
5837-LXSDN,DSL,0,1,0,0,1,0
5945-AZYHT,Fiber optic,1,1,1,0,1,1
8325-QRPZR,Fiber optic,0,0,1,0,0,0
6384-VMJHP,DSL,1,1,1,1,0,1
2262-SLNVK,Fiber optic,0,0,0,0,0,0
7730-CLDSV,Fiber optic,0,1,1,1,0,1
1135-HIORI,Fiber optic,0,1,1,1,1,1
0164-APGRB,Fiber optic,1,1,1,1,1,1
6481-ESCNL,Fiber optic,0,0,1,0,1,1
1550-EENBN,Fiber optic,1,1,0,0,1,1
5539-TMZLF,Fiber optic,0,0,0,0,0,0
4323-SADQS,DSL,1,0,0,1,0,0
4446-BZKHU,Fiber optic,0,1,1,0,1,1
5202-IVJNU,DSL,0,0,1,0,0,0
5976-JCJRH,Fiber optic,0,0,0,0,0,0
8198-RKSZG,DSL,0,1,0,1,1,1
0137-OCGAB,Fiber optic,0,1,0,0,0,0
3351-NQLDI,Fiber optic,1,0,0,1,0,1
9297-EONCV,DSL,1,1,1,1,1,1
7593-JNWRU,DSL,0,0,0,0,0,0
3336-JORSO,Fiber optic,0,1,1,1,1,1
7799-DSEWS,DSL,1,0,1,1,1,0
8766-PAFNE,DSL,0,1,1,1,1,1
5315-CKEQK,DSL,0,0,0,0,0,0
3130-ICDUP,Fiber optic,1,0,0,0,0,0
0820-FNRNX,DSL,0,1,1,1,0,0
0880-FVFWF,Fiber optic,1,1,0,0,0,0
4611-ANLQC,DSL,1,1,1,0,0,1
2792-LSHWX,Fiber optic,1,1,0,1,0,0
5028-GZLDO,Fiber optic,0,0,0,0,0,0
0014-BMAQU,Fiber optic,1,0,0,1,0,0
6861-XWTWQ,Fiber optic,0,0,1,0,1,1
9018-PCIOK,DSL,0,1,1,0,0,1
4837-QUSFT,Fiber optic,1,1,0,1,1,0
6877-TJMBR,Fiber optic,0,0,0,1,1,0
0907-HQNTS,Fiber optic,1,1,1,1,1,1
7665-NKLAV,DSL,1,0,1,1,0,0
6769-DCQLI,Fiber optic,0,1,1,1,1,1
2433-KMEAS,DSL,1,0,0,0,0,0
4391-LNRXK,Fiber optic,0,1,1,1,0,1
8250-ZNGGW,DSL,1,1,0,1,0,0
2195-ZRVAX,Fiber optic,0,0,1,0,0,1
3550-SAHFP,Fiber optic,0,0,0,0,0,1
2011-TRQYE,DSL,0,1,1,0,0,0
5893-PYOLZ,DSL,0,1,1,1,1,1
6131-FOYAS,DSL,1,0,1,0,0,0
5609-IMCGG,Fiber optic,1,0,1,0,0,0
4873-ILOLJ,Fiber optic,0,0,0,0,1,1
4727-MCYZG,DSL,0,0,0,0,0,1
9481-WHGWY,DSL,1,0,0,1,1,1
2725-KXXWT,Fiber optic,0,0,0,0,1,1
9565-DJPIB,Fiber optic,0,1,0,0,1,0
4328-VUFWD,DSL,0,0,0,1,0,1
3301-LSLWQ,DSL,1,0,0,0,0,1
3166-PNEOF,DSL,1,0,1,1,1,1
5639-NTUPK,DSL,1,0,0,0,0,0
8780-YRMTT,DSL,1,1,1,1,0,0
8348-HFYIV,DSL,0,0,1,0,1,1
5140-FOMCQ,Fiber optic,1,1,1,0,1,1
6242-SGYTS,Fiber optic,1,1,0,0,1,0
8166-ORCHU,Fiber optic,1,1,0,1,0,1
8414-OOEEL,DSL,0,1,1,1,1,1
8454-AATJP,Fiber optic,1,1,1,1,1,1
4659-NZRUF,Fiber optic,1,1,0,0,0,1
4531-AUZNK,Fiber optic,1,0,0,1,1,0
4191-XOVOM,Fiber optic,0,1,0,1,1,1
8429-XIBUM,Fiber optic,1,0,0,0,1,1
2608-BHKFN,Fiber optic,0,0,0,0,0,0
7341-LXCAF,Fiber optic,0,0,0,0,0,0
6997-UVGOX,DSL,1,1,1,1,1,1
9674-EHPPG,DSL,1,0,1,1,0,0
9462-MJUAW,DSL,0,0,0,0,0,0
8128-YVJRG,Fiber optic,1,0,0,0,0,0
5440-VHLUL,Fiber optic,0,1,0,1,1,1
5781-BKHOP,Fiber optic,1,1,1,0,1,0
4283-FUTGF,Fiber optic,0,0,1,0,0,0
5213-TWWJU,Fiber optic,0,0,1,1,0,1
1569-TTNYJ,Fiber optic,0,1,0,0,0,0
8628-MFKAX,Fiber optic,1,1,1,1,1,1
2397-BRLOM,Fiber optic,0,0,0,0,1,0
7629-WIXZF,DSL,1,0,0,0,0,1
5445-GLVOT,DSL,1,0,0,0,0,0
0254-KCJGT,DSL,1,1,1,1,0,1
5472-CVMDX,DSL,1,0,1,1,0,0
6461-SZMCV,DSL,1,1,1,1,1,1
9508-ILZDG,Fiber optic,0,1,0,1,1,0
2346-DJQTB,DSL,0,0,0,0,0,0
1942-OQFRW,DSL,0,0,0,0,0,0
4749-VFKVB,DSL,0,0,0,0,0,0
9640-ZSLDC,DSL,0,0,1,0,0,1
7598-UAASY,Fiber optic,0,0,1,0,0,0
7938-OUHIO,Fiber optic,0,0,1,1,1,1
8510-AWCXC,Fiber optic,1,0,0,0,1,1
6128-AQBMT,DSL,0,1,1,0,1,1
0431-APWVY,Fiber optic,0,0,0,0,1,1
5133-VRSAB,DSL,1,0,0,0,0,0
6838-YAUVY,Fiber optic,0,0,1,1,0,1
7883-ROJOC,DSL,0,0,0,0,0,0
0244-LGNFY,DSL,1,1,1,1,1,1
7274-CGTOD,DSL,1,1,1,1,0,0
4295-YURET,DSL,1,0,0,1,1,1
3426-NIYYL,DSL,0,0,0,0,0,0
8225-BTJAU,Fiber optic,0,0,0,0,0,1
4236-UJPWO,DSL,0,0,0,0,0,0
3387-VATUS,Fiber optic,0,0,0,0,1,1
6402-SSEJG,DSL,1,1,1,0,1,1
1143-NMNQJ,Fiber optic,0,0,0,0,0,1
1169-SAOCL,Fiber optic,0,1,0,1,1,1
1110-KYLGQ,Fiber optic,1,1,1,0,1,1
3518-PZXZQ,DSL,0,0,0,0,1,0
7693-QPEFS,Fiber optic,0,0,0,0,0,0
0924-BJCRC,Fiber optic,0,1,0,0,0,1
5074-FBGHB,Fiber optic,0,0,1,1,1,1
2351-BKRZW,DSL,1,0,1,0,1,1
4455-BFSPD,Fiber optic,0,0,0,1,1,1
0415-MOSGF,DSL,0,0,0,0,0,0
1724-BQUHA,Fiber optic,0,0,0,0,1,1
3948-KXDUF,DSL,1,1,1,1,0,0
2323-ARSVR,Fiber optic,1,1,1,1,1,1
0815-MFZGM,Fiber optic,0,0,1,1,1,1
4826-XTSOH,Fiber optic,0,0,0,0,1,0
2495-INZWQ,DSL,0,0,0,0,1,1
9086-YJYXS,DSL,0,0,1,0,1,1
7909-FIOIY,DSL,0,0,0,0,0,0
4139-SUGLD,DSL,1,0,0,1,0,0
6857-VWJDT,Fiber optic,0,0,0,0,1,1
6351-SCJKT,DSL,1,0,1,1,0,0
0197-PNKNK,Fiber optic,1,0,1,0,0,0
2408-WITXK,DSL,0,0,0,0,0,1
8929-KSWIH,Fiber optic,0,0,1,1,1,1
2250-IVBWA,Fiber optic,1,1,0,0,0,0
1810-MVMAI,DSL,1,1,1,1,0,0
9506-UXUSK,Fiber optic,0,0,0,0,0,0
1229-RCALF,Fiber optic,1,1,1,1,1,1
3572-UOLYZ,Fiber optic,0,0,1,1,0,0
6100-QQHEB,Fiber optic,0,0,0,0,1,1
6366-XIVKZ,DSL,1,0,1,0,0,1
3470-OBUET,DSL,1,1,0,1,1,0
2770-NSVDG,DSL,0,0,1,0,0,0
9375-MHRRS,DSL,0,0,0,1,0,0
2634-HCZGT,DSL,1,0,0,1,0,0
7503-QQRVF,Fiber optic,0,1,0,0,0,0
6599-GZWCM,Fiber optic,0,1,0,0,0,0
2691-NZETQ,Fiber optic,0,0,0,0,1,0
4404-HIBDJ,DSL,1,1,1,1,1,0
5533-NHFRF,DSL,0,1,0,1,0,1
7037-MTYVW,DSL,1,0,1,1,1,1
4760-THGOT,Fiber optic,1,1,0,0,0,1
7295-JOMMD,Fiber optic,0,0,1,1,1,1
4016-BJKTZ,Fiber optic,0,1,1,1,1,1
6584-VQMYT,DSL,1,1,0,0,0,0
2790-XUYMV,Fiber optic,1,1,0,0,0,0
0581-MDMPW,Fiber optic,0,0,1,0,1,0
5013-SBUIH,Fiber optic,1,1,0,1,1,1
1023-BQXZE,DSL,1,0,1,0,1,1
9163-GHAYE,DSL,0,1,0,0,0,0
3904-UKFRE,Fiber optic,1,0,0,0,0,0
5353-WILCI,DSL,1,1,0,0,0,0
0709-TVGUR,Fiber optic,0,0,0,0,0,0
0058-EVZWM,Fiber optic,1,0,0,0,1,0
6023-YEBUP,Fiber optic,0,0,1,0,1,1
7209-JCUDS,Fiber optic,0,0,1,0,1,1
1017-FBQMM,Fiber optic,0,1,0,1,1,1
3001-CBHLQ,Fiber optic,0,0,1,1,1,1
6158-DWPZT,DSL,0,0,0,0,0,0
9372-TXXPS,DSL,1,1,0,1,0,0
3259-QMXUN,DSL,1,1,1,0,1,1
6645-MXQJT,Fiber optic,1,0,0,0,1,1
4360-QRAVE,DSL,0,1,1,0,0,0
8433-WPJTV,Fiber optic,0,0,1,1,1,1
3763-GCZHZ,Fiber optic,0,1,0,1,1,1
7599-NTMDP,DSL,1,1,0,1,1,0
0772-GYEQQ,Fiber optic,0,0,1,1,1,0
0536-ACXIP,Fiber optic,1,1,1,0,1,1
4831-EOBFE,Fiber optic,1,0,0,0,1,1
1575-KRZZE,DSL,1,1,0,0,0,0
4102-OQUPX,Fiber optic,0,0,0,0,0,0
9170-GYZJC,DSL,1,1,1,1,0,1
3638-DIMPH,DSL,0,0,0,0,0,0
1845-ZLLIG,DSL,0,1,0,0,0,0
3999-QGRJH,Fiber optic,0,0,0,0,0,0
1699-UOTXU,DSL,1,1,1,0,0,0
2454-RPBRZ,Fiber optic,0,1,1,0,1,0
0635-WKOLD,DSL,0,1,0,1,1,0
5993-JSUWV,DSL,1,1,1,0,0,0
5387-ASZNZ,DSL,1,1,0,1,0,0
6988-CJEYV,Fiber optic,0,1,0,0,1,1
7299-GNVPL,Fiber optic,1,1,0,1,0,0
9743-DQKQW,DSL,0,0,0,0,0,0
1215-VFYVK,DSL,1,0,1,1,0,1
2265-CYWIV,Fiber optic,1,0,0,0,1,1
9093-FPDLG,Fiber optic,0,1,1,1,0,1
0541-FITGH,DSL,1,0,0,0,0,1
6985-HAYWX,Fiber optic,0,1,0,0,0,0
7508-KBIMB,DSL,1,0,1,0,0,0
2277-DJJDL,Fiber optic,0,0,0,1,1,1
1897-OKVMW,DSL,1,1,1,1,1,1
5485-ITNPC,DSL,1,1,1,1,1,1
0233-FTHAV,Fiber optic,0,0,1,0,0,0
4644-PIZRT,DSL,1,0,1,0,1,0
2740-TVLFN,DSL,0,0,0,0,0,0
7771-CFQRQ,DSL,0,1,0,1,0,1
6963-EZQEE,DSL,1,1,1,1,1,1
2452-KDRRH,Fiber optic,0,0,1,0,1,1
2004-OCQXK,Fiber optic,0,0,0,0,0,1
5027-QPKTE,Fiber optic,0,0,0,0,0,0
4146-SVFUD,DSL,0,0,0,0,0,0
1564-HJUVY,DSL,0,1,0,1,1,0
3617-XLSGQ,Fiber optic,1,1,1,0,1,1
7517-LDMPS,Fiber optic,0,1,0,0,0,1
5226-NOZFC,Fiber optic,0,1,0,0,1,0
2672-HUYVI,Fiber optic,0,0,0,0,1,1
1400-WIVLL,Fiber optic,0,0,1,1,1,1
7508-MYBOG,Fiber optic,0,0,0,0,1,0
0148-DCDOS,Fiber optic,0,0,0,0,1,1
9992-RRAMN,Fiber optic,0,0,0,0,0,1
0310-MVLET,Fiber optic,0,1,0,0,1,1
0428-IKYCP,Fiber optic,0,0,1,0,1,0
4550-VBOFE,Fiber optic,0,1,1,0,1,1
2187-PKZAY,Fiber optic,0,0,0,0,0,1
4003-OCTMP,DSL,1,0,0,1,0,1
6652-YFFJO,DSL,0,0,0,0,1,1
5248-RPYWW,DSL,1,1,1,1,1,1
7923-IYJWY,Fiber optic,1,1,1,1,1,1
3170-GWYKC,Fiber optic,1,0,1,1,1,1
5696-QURRL,DSL,0,0,0,0,0,0
7409-KIUTL,Fiber optic,0,0,0,0,0,0
9830-ECLEN,DSL,1,1,1,0,1,0
1732-VHUBQ,Fiber optic,0,0,0,0,0,0
0495-RVCBF,Fiber optic,0,0,0,0,0,1
7854-EDSSA,DSL,1,1,0,0,0,0
8869-TORSS,DSL,1,0,1,1,0,0
6505-OZNPG,DSL,1,1,1,1,1,1
6164-HAQTX,DSL,1,1,1,1,1,0
0679-IDSTG,Fiber optic,0,0,0,0,0,0
7765-LWVVH,Fiber optic,1,1,0,0,1,0
1658-TJVOA,Fiber optic,1,0,0,0,0,0
0953-LGOVU,DSL,0,1,0,1,0,0
2115-BFTIW,Fiber optic,0,0,0,0,0,0
4692-NNQRU,Fiber optic,0,0,1,1,0,0
7742-MYPGI,DSL,0,0,0,1,0,0
0611-DFXKO,Fiber optic,0,0,0,0,1,1
7780-OTDSO,Fiber optic,1,0,0,0,1,1
9619-GSATL,DSL,0,1,0,1,0,0
9747-DDZOS,Fiber optic,0,0,1,0,0,0
0674-DGMAQ,Fiber optic,0,1,1,0,0,1
6203-HBZPA,DSL,1,1,1,1,1,1
0484-FFVBJ,DSL,0,0,0,0,1,1
0301-FIDRB,DSL,1,1,1,1,1,1
4139-JPIAM,DSL,1,0,0,1,0,1
2761-XECQW,DSL,0,1,1,0,0,1
1936-CZAKF,DSL,0,1,0,0,1,1
9453-PATOS,DSL,1,1,1,1,1,1
0564-JJHGS,Fiber optic,0,0,0,0,1,1
3348-CFRNX,Fiber optic,1,0,0,0,1,1
4402-FTBXC,Fiber optic,1,0,1,0,1,0
1428-GTBJJ,Fiber optic,0,1,0,0,0,0
2931-XIQBR,Fiber optic,0,0,1,1,1,1
0106-UGRDO,Fiber optic,1,1,1,1,1,1
5542-TBBWB,Fiber optic,0,0,0,0,0,0
1930-QPBVZ,Fiber optic,1,1,0,1,0,1
2606-PKWJB,DSL,1,1,0,1,0,0
8059-UDZFY,Fiber optic,0,1,1,0,1,1
7740-BTPUX,Fiber optic,0,1,1,1,1,1
9435-JMLSX,DSL,1,1,1,1,1,1
3352-ALMCK,Fiber optic,0,1,1,0,1,1
5312-IRCFR,Fiber optic,0,1,1,0,0,1
5294-IMHHT,Fiber optic,0,1,0,1,0,1
8802-UNOJF,Fiber optic,0,1,1,1,0,0
6313-GIDIT,DSL,0,1,1,0,1,1
6176-YJWAS,Fiber optic,1,1,1,0,1,0
5311-IHLEI,DSL,1,1,0,1,1,0
3987-KQDDU,Fiber optic,1,0,0,0,0,0
3404-JNXAX,Fiber optic,0,0,0,1,0,0
5131-PONJI,Fiber optic,0,1,1,0,1,0
2845-AFFTX,Fiber optic,0,0,1,0,1,1
3489-VSFRD,DSL,1,0,1,1,0,0
5815-HGGHV,DSL,1,0,0,1,0,1
2249-YPRNG,Fiber optic,0,1,1,0,1,1
7410-YTJIK,Fiber optic,0,0,0,0,0,0
4626-GYCZP,Fiber optic,0,0,0,0,1,1
5649-RXQTV,Fiber optic,0,1,1,0,1,1
2674-MIAHT,Fiber optic,0,1,0,0,0,0
7587-AOVVU,Fiber optic,1,1,0,1,1,0
5590-BYNII,Fiber optic,1,0,0,0,1,1
6898-MDLZW,DSL,0,1,0,1,0,0
3237-AJGEH,DSL,0,0,0,1,0,0
9357-UJRUN,DSL,1,0,0,1,0,0
1591-NFNLQ,Fiber optic,0,0,1,0,0,0
8648-PFRMP,DSL,0,0,0,0,1,1
7663-CUXZB,Fiber optic,1,1,1,1,1,1
0258-NOKBL,Fiber optic,0,1,1,0,0,1
1163-VIPRI,Fiber optic,1,0,1,1,1,1
2815-CPTUL,Fiber optic,0,0,0,0,0,0
9348-ROUAI,DSL,1,1,1,1,1,1
9443-JUBUO,DSL,1,1,1,1,1,1
0596-BQCEQ,Fiber optic,0,1,1,0,1,1
1481-ZUWZA,Fiber optic,1,1,0,0,0,1
3043-TYBNO,DSL,0,0,0,1,0,1
2960-NKRSO,Fiber optic,0,1,1,1,0,0
8996-ZROXE,DSL,0,0,1,1,0,0
4674-HGNUA,DSL,1,1,1,1,1,1
9786-IJYDL,Fiber optic,1,1,1,1,1,1
1303-SRDOK,Fiber optic,0,0,0,0,0,0
6295-OSINB,Fiber optic,1,1,1,0,1,1
2309-OSFEU,DSL,0,0,0,0,0,1
2207-QPJED,Fiber optic,0,0,1,1,1,0
4177-JPDFU,DSL,0,1,0,1,0,0
8046-DNVTL,DSL,1,1,0,1,0,0
2209-XADXF,DSL,0,0,0,0,0,0
6620-JDYNW,DSL,1,0,1,0,0,0
1891-FZYSA,Fiber optic,0,1,0,0,1,0
4770-UEZOX,Fiber optic,0,1,0,0,0,0
7613-LLQFO,Fiber optic,0,0,0,0,1,0
9513-DXHDA,DSL,1,0,1,1,1,1
2640-PMGFL,Fiber optic,0,0,0,1,0,0
3801-HMYNL,Fiber optic,0,0,0,0,1,1
9685-WKZGT,Fiber optic,0,0,0,0,0,0
6022-UGGSO,Fiber optic,0,1,0,0,0,0
3865-QBWSJ,Fiber optic,1,0,0,0,0,0
2160-GPFXD,DSL,1,1,0,1,0,0
2065-MMKGR,DSL,0,0,0,0,1,1
5857-TYBCJ,Fiber optic,0,0,1,0,1,0
1498-NHTLT,DSL,1,1,1,1,1,1
4484-CGXFK,DSL,0,0,0,0,0,1
1402-PTHGN,DSL,1,1,0,1,0,0
6214-EDAKZ,DSL,0,1,0,1,0,0
5199-FPUSP,DSL,1,0,0,1,0,0
0238-WHBIQ,DSL,1,1,1,1,1,1
6127-ISGTU,Fiber optic,0,0,0,0,1,0
8740-XLHDR,DSL,1,1,1,1,0,0
1208-DNHLN,DSL,0,0,0,0,0,0
1761-AEZZR,Fiber optic,0,0,0,0,1,0
3923-CSIHK,Fiber optic,0,0,0,0,0,0
5795-KTGUD,Fiber optic,1,1,1,0,1,1
7120-RFMVS,Fiber optic,0,0,0,0,1,0
7924-GJZFI,Fiber optic,0,0,0,0,0,0
4702-HDRKD,DSL,1,0,1,1,1,0
5897-ZYEKH,Fiber optic,1,1,0,0,1,1
5456-ITGIC,DSL,1,1,1,1,1,1
7317-GGVPB,Fiber optic,0,1,1,1,1,1
1406-PUQVY,DSL,0,1,0,0,0,0
1322-AGOQM,DSL,0,1,0,0,0,0
3677-IYRBF,DSL,0,0,1,0,0,0
5692-FPTAH,DSL,0,0,0,0,0,0
9114-AAFQH,DSL,0,1,1,0,0,1
8715-KKTFG,Fiber optic,0,0,1,1,1,1
1550-LOAHA,Fiber optic,0,1,0,0,0,1
1728-BQDMA,DSL,0,0,0,0,0,0
0876-WDUUZ,Fiber optic,0,0,0,1,0,1
5117-ZSMHQ,DSL,1,1,1,1,1,1
5151-HQRDG,DSL,1,0,0,0,0,0
0960-HUWBM,Fiber optic,0,0,1,1,1,1
6465-GSRCL,Fiber optic,0,1,0,1,1,1
0617-FHSGK,Fiber optic,0,0,0,0,0,0
0263-FJTQO,DSL,1,0,0,1,1,0
2858-MOFSQ,DSL,0,0,1,0,0,0
7089-XXAYG,DSL,0,0,1,0,1,0
8118-LSUEL,Fiber optic,0,1,1,0,1,1
8070-AAWZP,DSL,0,0,1,1,0,0
1666-JXLKU,Fiber optic,0,0,1,0,1,1
7855-DIWPO,Fiber optic,0,0,0,0,0,0
5133-POWUA,DSL,0,0,0,0,0,0
5652-MSDEY,Fiber optic,0,0,0,0,0,0
7005-CCBKV,Fiber optic,0,1,0,0,0,1
1810-BOHSY,Fiber optic,1,1,0,0,0,1
7351-MHQVU,DSL,1,1,0,1,0,1
9224-VTYID,DSL,1,1,1,1,1,1
9500-IWPXQ,DSL,1,1,1,1,0,1
5762-TJXGK,DSL,1,1,1,0,1,1
4504-YOULA,DSL,1,1,0,0,0,0
5569-IDSEY,Fiber optic,0,1,1,0,1,1
4250-FDVOU,DSL,1,1,0,0,0,0
7284-ZZLOH,DSL,1,0,1,0,0,0
5277-ZLOOR,Fiber optic,0,0,0,0,1,0
2141-RRYGO,DSL,0,1,0,0,1,1
1777-JYQPJ,DSL,0,0,0,0,0,0
6376-GAHQE,Fiber optic,0,0,0,0,1,0
3401-URHDA,DSL,1,0,0,1,0,0
5052-PNLOS,Fiber optic,0,1,1,0,1,1
3853-LYGAM,Fiber optic,0,0,1,1,0,1
6979-ZNSFF,Fiber optic,0,0,0,0,1,0
5751-USDBL,DSL,1,0,1,1,1,1
5680-LQOGP,DSL,1,1,1,1,1,1
2386-LAHRK,DSL,0,0,0,0,1,0
6032-IGALN,DSL,0,0,0,0,0,0
9931-DCEZH,DSL,0,1,0,1,0,0
1898-JSNDC,DSL,0,1,0,0,1,0
0315-LVCRK,Fiber optic,0,0,1,0,0,1
3911-RSNHI,DSL,0,1,1,1,1,1
4248-HCETZ,Fiber optic,0,1,1,0,0,0
7271-AJDTL,Fiber optic,0,1,1,0,1,0
1867-TJHTS,Fiber optic,1,0,0,0,0,0
0516-WJVXC,DSL,1,0,0,1,0,0
6860-YRJZP,Fiber optic,0,0,0,0,0,0
4429-WYGFR,DSL,0,0,0,1,0,0
5038-ETMLM,Fiber optic,1,1,1,1,1,1
5056-FIMPT,Fiber optic,1,1,0,1,1,1
8809-RIHDD,Fiber optic,0,1,1,0,1,1
8809-XKHMD,Fiber optic,1,1,0,1,0,1
0396-YCHWO,Fiber optic,0,0,0,0,1,1
0867-LDTTC,DSL,0,0,1,1,1,1
4822-NGOCH,Fiber optic,0,1,1,0,0,0
9391-DXGGG,Fiber optic,0,1,1,0,0,1
9844-FELAJ,Fiber optic,0,1,1,1,1,1
5307-DZCVC,Fiber optic,0,0,0,0,1,0
8679-JOEVF,DSL,0,0,0,1,1,0
6692-YQHXC,Fiber optic,0,0,0,0,0,0
3889-VWBID,DSL,1,1,0,1,1,1
9754-CLVZW,DSL,1,1,0,1,0,0
1432-FPAXX,DSL,0,1,0,0,0,0
7080-TNUWP,Fiber optic,0,1,1,0,1,0
0496-AHOOK,DSL,1,0,0,1,1,1
8336-TAVKX,DSL,1,1,1,1,0,1
2468-SJFLM,Fiber optic,0,0,0,1,0,0
3181-VTHOE,DSL,0,1,1,1,0,1
4803-AXVYP,Fiber optic,0,0,0,1,1,1
3884-HCSWG,Fiber optic,0,0,0,0,0,0
4567-AKPIA,Fiber optic,0,1,1,1,1,1
5077-DXTCG,DSL,0,0,0,0,0,0
1142-WACZW,DSL,0,0,0,1,0,0
7901-HXJVA,Fiber optic,0,0,1,0,0,0
5649-ANRML,Fiber optic,0,1,1,1,0,1
5924-IFQTT,DSL,0,1,1,1,1,0
2919-HBCJO,Fiber optic,0,1,0,0,0,0
4236-XPXAV,Fiber optic,0,1,0,1,1,1
8903-WMRNW,Fiber optic,1,0,1,0,1,1
2452-SNHFZ,Fiber optic,1,0,0,0,0,0
3629-WEAAM,DSL,0,0,1,1,0,1
6029-CSMJE,DSL,0,0,0,0,0,0
7993-NQLJE,Fiber optic,1,0,0,0,0,0
9909-DFRJA,Fiber optic,1,0,1,1,0,1
9099-FTUHS,DSL,1,0,0,0,0,0
0581-BXBUB,Fiber optic,0,1,0,0,0,0
3030-YZADT,DSL,0,0,0,0,0,0
7410-KTVFV,DSL,0,0,1,0,0,0
5150-ITWWB,Fiber optic,0,0,0,0,1,1
2253-KPMNB,DSL,1,1,1,1,0,0
6429-SHBCB,DSL,0,0,0,0,1,1
9281-OFDMF,Fiber optic,0,1,0,0,0,1
2603-HVKCG,Fiber optic,0,1,1,0,1,1
9097-ZUBYC,DSL,0,0,0,1,0,0
5148-ORICT,DSL,1,1,1,1,0,1
4578-PHJYZ,DSL,0,1,1,1,1,0
7272-QDCKA,Fiber optic,0,1,0,0,1,1
8393-DLHGA,Fiber optic,0,1,0,0,1,1
6968-MHOMU,DSL,0,0,0,0,1,1
7395-IGJOS,Fiber optic,0,0,0,0,0,1
1814-WFGVS,DSL,1,0,1,1,1,0
2834-SPCJV,Fiber optic,1,0,0,0,1,0
1265-ZFOSD,DSL,1,1,1,1,0,1
6568-POCUI,Fiber optic,0,0,0,1,1,1
7890-VYYWG,DSL,0,0,0,0,1,0
5197-LQXXH,DSL,0,1,1,1,1,1
9907-SWKKF,DSL,0,0,0,0,0,0
7682-AZNDK,Fiber optic,0,1,1,0,1,0
0587-DMGBH,DSL,1,0,0,0,0,0
3745-HRPHI,DSL,0,0,1,1,1,1
7636-OWBPG,DSL,0,1,0,0,0,0
6397-JNZZG,DSL,0,1,1,0,1,1
0570-BFQHT,Fiber optic,0,1,1,0,0,0
3523-QRQLL,DSL,0,1,0,0,1,1
8564-LDKFL,Fiber optic,0,1,1,0,1,1
0895-DQHEW,Fiber optic,0,1,1,0,1,1
4717-GHADL,DSL,0,1,0,1,1,1
5501-TVMGM,DSL,0,0,0,0,0,1
5879-HMFFH,DSL,1,1,1,1,1,1
3810-DVDQQ,Fiber optic,1,1,1,1,1,1
8550-XSXUQ,DSL,0,1,1,0,0,1
8149-RSOUN,Fiber optic,0,0,0,0,1,1
9055-MOJJJ,DSL,1,0,0,1,1,0
0585-EGDDA,Fiber optic,0,1,1,0,0,0
4032-RMHCI,DSL,1,0,1,0,0,0
0549-CYCQN,Fiber optic,0,1,0,0,0,0
3481-JHUZH,Fiber optic,0,1,0,0,0,0
7250-EQKIY,DSL,0,0,1,0,0,0
6869-FGJJC,Fiber optic,0,1,1,0,0,0
8205-VSLRB,DSL,1,0,1,1,0,1
5960-MVTUK,DSL,0,0,0,1,0,0
6817-WTYHE,DSL,0,0,0,0,0,0
3082-VQXNH,DSL,0,1,0,0,0,0
4013-UBXWQ,DSL,0,0,0,1,1,1
4931-TRZWN,DSL,1,0,0,0,1,1
7669-LCRSD,DSL,0,0,0,0,1,0
3567-PQTSO,Fiber optic,0,1,1,0,1,1
5519-NPHVG,Fiber optic,0,0,0,0,1,1
9938-EKRGF,DSL,1,1,1,1,1,1
2703-AMTUL,DSL,1,1,0,0,0,0
0928-JMXNP,DSL,0,0,1,0,0,0
4825-XJGDM,DSL,1,1,1,1,0,0
5402-HTOTQ,DSL,0,1,0,0,0,0
3890-RTCMS,DSL,0,0,0,1,0,0
8849-GYOKR,Fiber optic,1,1,0,0,1,1
3665-JATSN,DSL,0,1,0,0,0,1
7966-YOTQW,DSL,1,0,0,0,0,0
0461-CVKMU,Fiber optic,0,1,1,1,0,0
8806-EAGWC,DSL,0,0,0,0,1,0
8853-TZDGH,Fiber optic,0,1,1,1,1,1
7779-LGOVN,Fiber optic,0,0,0,0,0,1
4324-BZCKL,DSL,0,1,1,0,0,0
9710-ZUSHQ,Fiber optic,1,1,0,0,1,1
1536-YHDOE,DSL,1,0,0,1,0,0
8123-QBNAZ,Fiber optic,1,0,1,0,1,1
3629-ZNKXA,Fiber optic,0,1,1,0,1,1
4827-LTQRJ,Fiber optic,1,1,0,1,1,1
7711-YIJWC,DSL,1,1,1,1,1,1
5482-VXSXJ,Fiber optic,0,1,0,0,1,1
7365-BVCJH,DSL,0,0,0,0,0,0
9620-ENEJV,Fiber optic,0,0,0,0,0,0
4183-WCSEP,Fiber optic,0,1,0,1,0,0
2378-YIZKA,DSL,1,1,1,1,1,1
5498-TXHLF,Fiber optic,0,0,1,0,1,0
0689-DSXGL,Fiber optic,0,1,1,1,0,0
6818-DJXAA,Fiber optic,0,0,1,1,1,0
9722-UJOJR,Fiber optic,0,0,0,0,0,0
6778-EICRF,DSL,1,0,0,0,1,1
4132-KALRO,Fiber optic,0,0,0,1,1,1
3902-FOIGH,Fiber optic,0,1,0,0,1,1
6772-KSATR,Fiber optic,1,0,0,0,0,0
7112-OPOTK,Fiber optic,0,0,0,0,0,0
2874-YXVVA,Fiber optic,0,1,1,1,1,1
4210-QFJMF,Fiber optic,0,0,0,0,0,1
4293-ETKAP,DSL,0,1,0,1,1,1
6064-PUPMC,DSL,1,0,0,1,0,0
6504-VBLFL,DSL,1,1,1,0,0,0
6322-PJJDJ,Fiber optic,0,1,0,0,1,1
0330-BGYZE,Fiber optic,0,1,1,0,1,1
7586-ZATGZ,Fiber optic,0,0,0,0,1,0
7197-VOJMM,DSL,1,1,0,1,0,1
3318-OSATS,Fiber optic,0,0,0,0,1,1
5828-AVIPD,Fiber optic,0,0,0,1,1,1
9626-VFRGG,Fiber optic,0,1,0,0,1,0
7075-BNDVQ,DSL,1,0,1,0,0,0
9143-CANJF,DSL,1,0,0,1,0,0
7284-BUYEC,DSL,0,1,0,0,1,1
2041-JIJCI,DSL,0,1,0,0,0,1
1086-LXKFY,Fiber optic,0,0,0,0,0,0
4900-MSOMT,DSL,1,1,1,1,1,0
2229-VWQJH,DSL,0,0,1,0,0,0
9194-GFVOI,DSL,1,0,1,1,1,1
4282-MSACW,Fiber optic,1,1,1,1,1,1
2636-ALXXZ,Fiber optic,0,0,0,0,0,0
7774-OJSXI,Fiber optic,0,1,1,0,1,1
7786-WBJYI,Fiber optic,0,1,0,0,0,0
0136-IFMYD,Fiber optic,0,1,1,1,1,1
5144-TVGLP,Fiber optic,0,0,0,0,1,1
9643-AVVWI,Fiber optic,0,1,0,1,0,0
0253-ZTEOB,DSL,0,1,0,1,1,1
9885-CSMWE,Fiber optic,0,0,0,0,1,0
6137-MFAJN,DSL,1,1,0,0,1,0
2402-TAIRZ,Fiber optic,0,1,1,0,0,0
9659-ZTWSM,Fiber optic,0,1,1,1,1,1
9139-TWBAS,DSL,1,1,1,0,1,0
6685-GBWJZ,DSL,1,1,0,1,1,0
5016-ETTFF,DSL,0,0,1,0,0,0
3866-MDTUB,DSL,1,0,0,0,1,1
2195-VVRJF,DSL,1,0,0,0,0,1
8058-JMEQO,Fiber optic,0,0,0,0,0,1
5043-TRZWM,Fiber optic,0,0,1,0,0,0
0697-ZMSWS,Fiber optic,0,0,0,0,0,1
7657-DYEPJ,DSL,0,1,1,1,1,0
9494-BDNNC,Fiber optic,0,1,1,0,0,1
1640-PLFMP,Fiber optic,0,0,0,0,0,0
5366-OBVMR,DSL,0,0,0,1,0,0
8276-MQBYC,Fiber optic,0,0,1,0,1,1
7593-XFKDI,DSL,0,0,0,0,0,0
0337-CNPZE,Fiber optic,0,1,1,0,1,1
0840-DFEZH,Fiber optic,0,0,0,0,0,0
1513-XNPPH,Fiber optic,0,0,1,1,0,1
8690-ZVLCL,DSL,1,1,1,1,1,1
6015-VVHHE,Fiber optic,0,0,0,0,1,0
1125-SNVCK,DSL,0,0,0,0,0,0
0384-LPITE,DSL,1,1,1,0,1,1
6347-DCUIK,Fiber optic,0,0,0,0,0,0
1335-HQMKX,Fiber optic,0,1,1,0,1,1
2545-EBUPK,Fiber optic,0,0,0,0,0,1
2172-EJXVF,Fiber optic,0,1,1,0,1,1
0897-FEGMU,Fiber optic,0,0,1,0,1,1
7663-RGWBC,DSL,0,0,0,0,0,0
1120-BMWUB,DSL,0,1,0,1,0,0
9124-LHCJQ,Fiber optic,0,0,0,0,0,1
4536-PLEQY,Fiber optic,0,1,0,0,0,1
7029-IJEJK,DSL,1,0,0,1,0,1
8871-JLMHM,Fiber optic,0,1,1,1,0,0
2235-ZGKPT,DSL,0,0,0,0,0,0
3891-PUQOD,DSL,0,0,1,0,0,1
5447-VYTKW,DSL,1,0,0,1,0,0
0689-NKYLF,Fiber optic,0,0,1,0,1,0
8659-HDIYE,DSL,0,1,1,1,0,1
3658-KIBGF,DSL,1,1,0,0,0,0
3474-BAFSJ,DSL,0,1,1,1,1,1
5519-YLDGW,Fiber optic,1,0,1,0,1,1
1855-AGAWH,Fiber optic,0,0,1,0,1,1
7109-CQYUZ,DSL,1,1,1,1,1,1
1370-GGAWX,Fiber optic,0,1,1,0,0,1
4680-KUTAJ,DSL,1,0,0,0,0,0
5307-UVGNB,DSL,1,1,1,0,0,1
2883-ILGWO,Fiber optic,0,1,0,1,1,1
2516-VQRRV,Fiber optic,0,0,0,0,0,0
7580-UGXNC,DSL,1,1,0,0,0,0
5766-FTRTS,DSL,1,1,1,1,1,1
5178-LMXOP,Fiber optic,0,0,0,0,1,1
8879-ZKJOF,DSL,1,0,1,1,1,1
8185-UPYBR,Fiber optic,0,0,0,0,0,0
4585-HETAI,Fiber optic,0,0,1,0,0,0
7526-BEZQB,Fiber optic,0,0,0,0,1,1
1474-JUWSM,DSL,1,0,0,1,0,1
8498-XXGWA,DSL,1,0,1,0,0,0
9617-INGJY,Fiber optic,0,0,0,0,0,0
7636-PEPNS,DSL,0,0,0,0,0,0
4683-WYDOU,Fiber optic,0,0,1,1,1,1
9052-DHNKM,DSL,1,1,0,0,0,0
6794-HKIAJ,Fiber optic,1,1,1,0,0,0
5578-NKCXI,Fiber optic,1,1,0,0,1,1
1642-HMARX,DSL,1,1,1,1,1,1
3096-WPXBT,Fiber optic,1,1,1,0,0,1
8434-PNQZX,DSL,0,0,1,1,1,1
5950-AAAGJ,Fiber optic,0,0,0,0,1,0
4951-UKAAQ,Fiber optic,0,1,0,0,0,1
6693-DJWTY,DSL,1,1,0,0,0,0
0744-GKNGE,Fiber optic,1,0,0,1,0,0
2108-YKQTY,DSL,0,1,0,0,0,0
4806-DXQCE,Fiber optic,1,1,1,1,1,1
4918-QLLIW,DSL,0,0,0,0,1,0
7056-IMHCC,Fiber optic,0,1,0,0,1,1
4854-SSLTN,DSL,1,1,0,1,0,0
5294-DMSFH,Fiber optic,0,0,0,0,1,1
4837-PZTIC,DSL,1,0,1,1,0,0
1625-JAIIY,Fiber optic,0,0,0,0,1,0
0603-OLQDC,DSL,1,0,0,0,1,1
3272-VUHPV,DSL,0,1,0,1,0,0
4176-FXYBO,Fiber optic,1,1,1,0,1,1
1063-DHQJF,Fiber optic,0,1,0,1,1,0
8663-UPDGF,DSL,1,1,0,0,1,0
6719-FGEDO,Fiber optic,1,1,1,1,0,0
1837-YQUCE,DSL,1,0,1,1,1,1
2947-DOMLJ,DSL,1,0,0,0,0,0
4112-LUEIZ,Fiber optic,0,0,0,0,1,1
0369-ZGOVK,Fiber optic,0,0,0,0,0,0
4510-HIMLV,Fiber optic,0,0,0,0,0,0
9919-KNPOO,Fiber optic,0,0,0,0,1,1
8749-JMNKX,Fiber optic,1,0,1,0,1,0
9391-LMANN,Fiber optic,1,1,1,0,0,1
2430-USGXP,Fiber optic,0,0,1,0,1,1
8174-TBVCF,DSL,1,1,1,1,1,1
1698-XFZCI,Fiber optic,1,1,1,0,1,1
1877-HKBQX,DSL,1,0,0,1,0,0
4450-DLLMH,Fiber optic,0,0,0,0,0,0
2746-DIJLO,DSL,0,1,0,0,0,0
5955-ERIHD,Fiber optic,0,0,0,0,1,1
0917-EZOLA,Fiber optic,0,1,1,0,1,1
3508-VLHCZ,DSL,1,1,1,1,1,1
4086-ATNFV,DSL,1,1,1,0,0,0
0468-YRPXN,Fiber optic,0,0,1,1,1,1
5996-NRVXR,Fiber optic,1,1,1,1,1,0
3739-YBWAB,DSL,1,0,1,0,0,0
7047-FWEYA,Fiber optic,0,1,0,1,1,1
2000-MPKCA,Fiber optic,1,1,1,0,1,1
9762-YAQAA,Fiber optic,0,1,0,0,0,0
5949-EBSQK,DSL,0,0,0,1,0,1
5473-KHBPS,Fiber optic,0,1,1,0,1,0
0100-DUVFC,Fiber optic,0,1,1,0,1,1
5397-TUPSH,Fiber optic,0,0,0,0,0,0
8950-MTZNV,DSL,0,0,0,0,0,0
0326-VDYXE,Fiber optic,0,0,1,0,1,1
6773-LQTVT,DSL,0,1,1,0,0,0
7274-RTAPZ,Fiber optic,0,0,0,0,1,1
0436-TWFFZ,DSL,1,0,1,1,1,1
0311-UNPFF,Fiber optic,0,0,0,0,1,1
2669-OIDSD,Fiber optic,0,0,1,1,1,1
8400-WZICQ,DSL,1,1,0,0,0,0
3834-XUIFC,Fiber optic,0,0,0,0,0,1
9576-SYUHJ,Fiber optic,1,0,0,0,1,0
0410-IPFTY,Fiber optic,0,1,0,0,0,1
2831-EBWRN,DSL,0,0,0,0,0,0
8414-MYSHR,Fiber optic,0,0,0,0,1,1
9402-ORRAH,Fiber optic,0,0,0,0,1,1
6483-OATDN,DSL,1,0,0,0,0,0
4840-ORQXB,Fiber optic,0,1,1,0,1,1
7599-FKVXZ,Fiber optic,0,0,1,1,1,1
3982-DQLUS,Fiber optic,1,1,0,0,0,0
3756-VNWDH,Fiber optic,1,0,0,0,1,1
7801-KICAO,Fiber optic,0,0,0,0,0,0
7673-LPRNY,DSL,1,0,1,0,1,1
8229-TNIQA,DSL,0,0,0,0,0,0
7339-POGZN,DSL,0,0,0,0,0,0
2828-SLQPF,DSL,0,0,0,0,0,0
4465-VDKIQ,Fiber optic,0,1,1,0,0,0
2921-XWDJH,Fiber optic,1,0,0,0,0,1
6221-AVQYL,Fiber optic,0,0,0,0,0,0
2558-BUOZZ,Fiber optic,1,1,0,0,1,0
0003-MKNFE,DSL,0,0,0,0,0,1
0975-UYDTX,DSL,1,1,1,1,1,1
7743-EXURX,DSL,0,0,1,0,0,0
4682-BLBUC,DSL,0,1,1,1,1,0
0975-VOOVL,DSL,0,1,0,0,0,0
5968-VXZLG,DSL,0,0,0,0,0,0
5569-KGJHX,Fiber optic,0,0,0,0,1,0
4988-IQIGL,Fiber optic,0,0,0,0,0,0
5201-FRKKS,Fiber optic,1,0,0,0,0,0
9799-CAYJJ,Fiber optic,0,0,0,0,0,0
7730-IUTDZ,Fiber optic,1,0,0,0,0,0
5443-SCMKX,Fiber optic,0,1,1,0,0,1
8295-KMENE,DSL,1,0,1,1,1,0
6738-ISCBM,DSL,1,0,1,0,1,1
9821-BESNZ,Fiber optic,0,1,0,1,1,1
1335-NTIUC,DSL,0,0,0,0,0,0
2916-BQZLN,Fiber optic,1,0,1,0,0,0
2368-GAKKQ,Fiber optic,1,1,1,1,1,1
8710-YGLWG,DSL,0,0,0,0,0,0
3199-XGZCY,Fiber optic,0,0,0,0,0,0
6993-YCOBK,Fiber optic,1,0,1,1,1,1
5206-HPJKM,DSL,1,1,0,0,0,0
7587-RZNME,DSL,0,0,0,0,0,0
0748-RDGGM,Fiber optic,1,1,1,1,1,1
5019-GQVCR,Fiber optic,0,0,0,0,1,0
2550-AEVRU,DSL,1,1,0,0,0,0
0378-CJKPV,Fiber optic,1,1,1,1,1,1
4706-AXVKM,Fiber optic,0,0,0,0,0,1
5889-JTMUL,Fiber optic,0,1,1,0,1,0
9026-RNUJS,DSL,0,0,1,0,0,0
3746-EUBYR,Fiber optic,0,0,0,0,0,0
2880-FPNAE,Fiber optic,0,0,1,0,0,0
1703-MGIAB,DSL,0,0,1,1,1,0
9474-PHLYD,DSL,0,0,1,0,0,1
2165-VOEGB,Fiber optic,1,1,0,1,1,1
3612-YUNGG,Fiber optic,0,1,1,1,1,1
2254-DLXRI,Fiber optic,0,1,0,0,0,0
5062-CJJKH,DSL,0,1,1,0,0,0
9028-LIHRP,Fiber optic,1,1,1,1,1,0
2219-MVUSO,DSL,0,0,0,0,0,0
1053-MXTTK,Fiber optic,1,1,1,1,1,1
1530-ZTDOZ,DSL,1,0,0,0,1,0
1301-LOPVR,DSL,1,1,1,1,0,1
0853-TWRVK,Fiber optic,1,1,1,1,0,1
8914-RBTSB,Fiber optic,0,1,1,0,1,0
6212-ATMLK,Fiber optic,0,0,0,0,1,1
8200-LGKSR,DSL,1,0,1,1,1,1
1568-BEKZM,DSL,1,1,1,1,1,1
0670-ANMUU,Fiber optic,1,0,0,1,0,1
6897-RWMUB,DSL,1,1,1,1,0,0
0963-ZBDRN,Fiber optic,0,0,0,1,1,1
7594-RQHXR,Fiber optic,0,0,0,0,0,1
6999-CHVCF,Fiber optic,1,1,1,0,0,1
1077-HUUJM,Fiber optic,0,0,0,0,0,0
6331-EWIEB,Fiber optic,0,0,0,0,1,0
2045-BMBTJ,DSL,1,1,1,0,1,1
8417-GSODA,Fiber optic,0,0,0,0,1,1
4452-QIIEB,DSL,0,0,0,0,0,0
5998-VVEJY,Fiber optic,0,0,0,1,0,0
1624-NALOJ,Fiber optic,0,1,0,0,0,1
6741-EGCBI,Fiber optic,1,0,0,0,0,1
7820-ZYGNY,Fiber optic,0,1,0,0,0,1
4317-VTEOA,DSL,0,1,0,0,0,0
9677-AVKED,DSL,0,1,1,1,1,1
1670-SVOWZ,Fiber optic,0,1,0,1,0,1
2227-JRSJX,Fiber optic,0,1,0,1,1,1
8980-WQFWL,DSL,0,0,1,0,0,1
1730-ZMAME,Fiber optic,0,0,0,0,0,1
9501-UKKNL,DSL,0,0,0,1,1,1
7541-YLXCL,DSL,0,1,0,1,0,1
4795-WRNVT,DSL,1,1,0,0,1,0
6080-TCMYC,Fiber optic,0,0,1,0,0,0
0260-ZDLGK,DSL,0,0,1,1,1,1
7860-UXCRM,DSL,1,1,1,1,1,0
6357-JJPQT,Fiber optic,0,0,0,0,1,0
2292-XQWSV,DSL,0,1,1,1,1,1
9552-TGUZV,Fiber optic,1,0,0,0,0,0
5913-INRQV,Fiber optic,1,0,0,1,1,0
8722-NGNBH,DSL,1,0,1,1,0,0
6210-KBBPI,Fiber optic,0,1,0,0,1,1
9643-YBLUR,DSL,0,1,1,0,0,1
8734-FNWVH,DSL,0,0,0,0,0,1
0133-BMFZO,Fiber optic,1,1,0,1,0,0
6128-CZOMY,DSL,0,0,0,0,0,0
9540-JYROE,Fiber optic,0,0,0,0,0,0
9026-LHEVG,DSL,0,1,0,0,0,1
2260-USTRB,Fiber optic,0,0,0,0,0,0
3656-TKRVZ,DSL,1,1,0,0,0,0
7011-CVEUC,Fiber optic,0,0,0,1,1,1
6185-TASNN,DSL,0,0,0,0,0,0
7925-PNRGI,DSL,1,1,1,1,1,0
8623-TMRBY,Fiber optic,0,1,1,0,0,0
3038-PQIUY,DSL,1,1,1,0,0,0
1501-SGHBW,DSL,0,0,0,0,0,0
8148-BPLZQ,DSL,0,1,0,0,0,0
2623-DRYAM,Fiber optic,0,0,1,0,1,1
9987-LUTYD,DSL,1,0,0,1,0,0
3208-YPIOE,Fiber optic,0,0,0,0,0,0
4488-KQFDT,Fiber optic,0,1,1,0,1,1
2612-RANWT,Fiber optic,0,0,1,0,1,1
5693-PIPCS,Fiber optic,0,1,0,1,1,1
0491-KAPQG,Fiber optic,0,0,0,0,0,0
1925-LFCZZ,DSL,0,0,1,0,1,1
8039-EQPIM,DSL,1,0,1,1,1,1
6900-PXRMS,Fiber optic,0,1,1,0,1,1
8707-RMEZH,Fiber optic,1,1,0,0,0,1
3346-BRMIS,DSL,0,0,1,0,1,1
3209-ZPKFI,DSL,0,1,0,0,0,0
6479-VDGRK,DSL,1,1,1,1,1,1
9373-WSLOY,DSL,0,1,1,1,1,0
2933-FILNV,DSL,0,0,0,0,0,0
3569-JFODW,DSL,1,1,1,1,1,1
9819-FBNSV,Fiber optic,0,0,0,0,0,0
9544-PYPSJ,Fiber optic,0,1,1,0,0,1
0396-UKGAI,DSL,0,1,0,1,0,0
5186-EJEGL,DSL,1,0,1,1,1,0
2722-JMONI,DSL,1,0,0,0,0,0
2203-GHNWN,Fiber optic,0,0,1,0,0,0
3878-AVSOQ,Fiber optic,0,0,0,0,0,0
3258-SYSWS,Fiber optic,1,1,1,1,1,1
7579-OOPEC,DSL,0,1,0,0,0,0
0512-FLFDW,Fiber optic,0,0,1,0,1,1
1771-OADNZ,Fiber optic,0,1,1,0,0,1
0487-CRLZF,DSL,0,0,1,1,1,1
2107-FBPTK,Fiber optic,0,1,1,0,1,1
9738-QLWTP,Fiber optic,0,0,1,1,0,0
1016-DJTSV,Fiber optic,0,0,0,0,0,0
9419-IPPBE,Fiber optic,0,0,1,0,0,1
0612-RTZZA,DSL,0,0,0,0,0,0
8106-GWQOK,DSL,1,1,0,1,1,1
8751-EDEKA,Fiber optic,0,1,1,0,0,1
4039-PIMHX,DSL,0,1,0,0,0,0
3604-WLABM,DSL,0,0,1,1,0,0
0795-GMVQO,Fiber optic,1,1,1,0,1,1
2259-OUUSZ,DSL,0,0,1,1,0,0
1142-IHLOO,Fiber optic,0,0,0,0,1,1
6410-LEFEN,DSL,0,0,0,0,0,0
4633-MKHYU,Fiber optic,0,0,0,0,1,1
6257-RJOHI,DSL,0,0,0,1,0,0
1545-JFUML,Fiber optic,1,1,1,0,1,0
3194-ORPIK,Fiber optic,0,0,0,0,1,0
7826-VVKWT,Fiber optic,0,0,1,0,1,1
1353-GHZOS,DSL,1,0,0,0,1,0
2587-EKXTS,Fiber optic,1,1,1,0,1,1
8816-VXNZD,Fiber optic,0,0,0,0,0,0
9378-FXTIZ,DSL,0,0,0,0,1,1
1723-HKXJQ,Fiber optic,0,1,0,0,1,1
7825-GKXMW,DSL,0,0,0,0,0,0
2364-UFROM,DSL,1,1,0,1,1,0
6656-JWRQX,DSL,0,0,0,1,0,0
6473-ULUHT,DSL,1,1,0,1,1,1
0836-SEYLU,DSL,0,0,0,1,1,0
4433-JCGCG,Fiber optic,0,0,1,0,1,1
3716-BDVDB,Fiber optic,0,0,0,0,0,0
7688-AWMDX,DSL,1,0,0,1,0,0
2842-BCQGE,Fiber optic,0,0,0,0,0,0
7244-QWYHG,DSL,1,0,0,1,1,0
5899-MQZZL,Fiber optic,0,0,0,0,0,0
6849-OYAMU,Fiber optic,0,1,0,1,1,1
5312-UXESG,Fiber optic,0,0,1,0,1,1
9488-HGMJH,Fiber optic,0,0,0,0,0,0
6038-GCYEC,DSL,0,1,1,0,1,1
2150-WLKUW,DSL,0,1,0,0,1,0
7159-FVYPK,DSL,0,1,1,0,1,0
7032-LMBHI,DSL,1,0,0,0,1,0
1150-WFARN,Fiber optic,1,0,1,1,1,1
6088-BXMRG,Fiber optic,0,1,0,0,1,1
3144-AUDBS,DSL,0,0,0,1,0,0
4821-SJHJV,Fiber optic,1,0,0,0,1,0
7346-MEDWM,Fiber optic,0,1,1,0,0,0
1137-DGOWI,DSL,0,1,1,1,0,1
4818-QIUFN,Fiber optic,1,0,0,0,0,0
4227-OJHAL,DSL,1,1,1,0,1,0
9220-CXRSC,DSL,1,0,0,1,0,0
4993-JCRGJ,Fiber optic,0,0,1,1,0,0
2103-ZRXFN,DSL,0,0,0,0,0,0
4877-TSOFF,DSL,1,1,0,1,0,1
9209-NWPGU,DSL,1,0,0,1,1,0
6961-VCPMC,Fiber optic,0,0,0,0,0,1
7306-YDSOI,DSL,1,1,1,0,0,0
5288-AHOUP,Fiber optic,0,0,0,0,0,1
6688-UZPWD,Fiber optic,0,1,0,0,1,1
0655-YDGFJ,DSL,0,0,1,0,0,0
8468-EHYJA,Fiber optic,1,0,0,0,1,1
1097-FSPVW,DSL,1,0,1,0,0,0
8328-SKJNO,DSL,1,1,0,1,0,0
0968-GSIKN,Fiber optic,0,0,0,0,0,0
1965-DDBWU,Fiber optic,0,0,0,1,0,1
9057-SIHCH,Fiber optic,0,0,0,0,1,1
6352-GIGGQ,DSL,1,1,1,1,1,1
6771-XWBDM,Fiber optic,0,1,1,0,1,1
2897-DOVND,Fiber optic,0,0,0,0,0,0
3082-YVEKW,DSL,1,0,1,1,1,0
0191-EQUUH,DSL,1,0,0,1,0,0
7134-HBPBS,Fiber optic,0,1,1,1,1,1
3489-HHPFY,Fiber optic,0,0,0,0,1,0
8601-QACRS,DSL,0,0,0,0,0,0
4950-BDEUX,DSL,0,0,1,0,1,1
0508-OOLTO,Fiber optic,0,0,0,0,0,0
2984-TBYKU,Fiber optic,1,1,1,1,0,1
9822-WMWVG,Fiber optic,1,1,1,1,1,0
2391-SOORI,DSL,1,0,0,0,0,0
9040-KZVWO,Fiber optic,0,1,0,0,0,0
2645-QTLMB,Fiber optic,0,1,0,0,1,1
4806-HIPDW,Fiber optic,0,0,0,0,0,0
1548-ARAGG,DSL,0,1,0,1,0,0
6339-RZCBJ,DSL,0,1,1,1,1,1
4424-TKOPW,Fiber optic,0,0,0,0,1,1
4415-WNGVR,DSL,1,0,1,1,1,1
2522-AHJXR,Fiber optic,1,0,1,1,1,1
0412-UCCNP,DSL,1,0,1,1,0,0
1816-FLZDK,DSL,0,0,0,1,0,0
8443-ZRDBZ,Fiber optic,0,0,0,0,0,0
9136-ALYBR,DSL,0,0,0,0,0,0
4615-PIVVU,DSL,0,0,1,1,0,1
8885-QSQBX,DSL,1,0,0,0,0,0
7479-NITWS,Fiber optic,0,0,1,0,1,0
8617-ENBDS,Fiber optic,0,0,1,0,0,0
9385-NXKDA,DSL,1,1,1,0,1,1
0430-IHCDJ,DSL,0,0,0,0,0,0
2959-MJHIC,Fiber optic,0,0,0,0,1,0
4201-JMNGR,DSL,1,0,1,0,0,0
9351-HXDMR,Fiber optic,1,0,1,1,1,1
3537-HPKQT,Fiber optic,0,1,0,0,0,0
5960-WPXQM,Fiber optic,0,0,0,0,1,0
0684-AOSIH,Fiber optic,1,0,0,0,1,1
8260-NGFNY,DSL,0,0,0,0,0,0
1309-XGFSN,DSL,0,1,1,0,1,1
1866-RZZQS,Fiber optic,0,0,1,0,1,1
6968-URWQU,DSL,0,0,0,0,1,0
9631-XEYKE,DSL,0,0,0,0,0,0
8631-NBHFZ,DSL,1,1,1,1,1,0
1335-MXCSE,DSL,0,0,1,1,0,0
8800-JOOCF,Fiber optic,0,0,0,0,1,0
1469-LBJQJ,Fiber optic,0,1,1,0,1,1
4958-XCBDQ,Fiber optic,0,0,1,0,1,1
8337-UPOAQ,Fiber optic,0,0,1,0,0,1
0064-YIJGF,Fiber optic,0,0,0,0,0,0
2386-OWURY,Fiber optic,0,0,0,1,1,1
1725-IQNIY,Fiber optic,1,1,1,1,1,1
3453-RTHJQ,Fiber optic,0,0,0,0,0,0
6712-OAWRH,Fiber optic,0,0,0,0,1,1
4280-DLSHD,DSL,0,1,1,0,0,0
1508-DFXCU,Fiber optic,0,0,0,0,1,0
8614-VGMMV,DSL,0,0,0,0,0,0
7868-BGSZA,DSL,1,0,1,0,1,1
2800-QQUSO,Fiber optic,0,0,0,1,1,1
2930-UOTMB,DSL,1,0,1,1,0,0
7973-DZRKH,Fiber optic,1,0,1,1,0,0
5914-DVBWJ,Fiber optic,0,1,0,1,0,0
2533-QVMSK,Fiber optic,0,1,0,1,1,0
9773-PEQBZ,Fiber optic,0,1,0,0,0,0
8644-XLFBW,Fiber optic,0,0,0,0,0,0
0650-BWOZN,Fiber optic,0,1,0,0,0,0
8625-AZYZY,Fiber optic,0,1,1,0,1,1
2903-YYTBW,DSL,0,0,0,0,0,0
3620-MWJNE,DSL,1,0,0,1,0,0
6837-HAEVO,Fiber optic,0,1,1,0,1,1
6701-YVNQG,DSL,1,1,1,1,1,1
9306-CPCBC,Fiber optic,0,0,0,0,0,0
4304-XUMGI,DSL,1,1,1,0,0,1
8819-ZBYNA,Fiber optic,1,1,0,1,1,1
6174-NRBTZ,DSL,1,0,0,0,0,0
9481-IEBZY,Fiber optic,1,1,1,1,1,1
1833-VGRUM,Fiber optic,0,0,0,0,0,0
6137-NICCO,Fiber optic,0,1,1,0,1,0
9065-ZCPQX,DSL,1,1,1,1,0,1
6402-EJMWF,DSL,0,0,0,0,0,1
8374-XGEJJ,Fiber optic,0,1,0,0,1,1
2656-TABEH,Fiber optic,0,1,0,0,1,1
6946-LMSQS,Fiber optic,1,0,0,0,0,1
4626-OZDTJ,DSL,0,1,0,1,1,1
9169-BSVIN,DSL,0,0,1,0,1,1
2325-ZUSFD,DSL,1,0,0,0,1,1
6872-HXFNF,DSL,0,0,1,1,0,0
3932-CMDTD,Fiber optic,0,1,1,1,1,1
7714-YXSMB,Fiber optic,0,0,1,0,1,1
4039-HEUNW,Fiber optic,0,1,0,0,1,1
1194-HVAIF,Fiber optic,0,0,0,0,1,1
0812-WUPTB,Fiber optic,0,0,0,0,0,0
3594-UVONA,DSL,1,0,1,1,1,1
0004-TLHLJ,Fiber optic,0,0,1,0,0,0
1767-TGTKO,DSL,0,0,0,0,0,0
8805-JNRAZ,DSL,0,1,0,0,0,0
5089-IFSDP,Fiber optic,1,1,1,0,1,1
6418-HNFED,DSL,1,1,1,1,1,1
7128-GGCNO,Fiber optic,0,0,0,0,0,0
0237-YFUTL,Fiber optic,1,1,0,1,1,1
7691-KGKGP,DSL,0,1,0,1,1,0
6710-HSJRD,Fiber optic,0,1,1,1,1,1
0840-DCNZE,DSL,1,1,1,1,1,1
1732-FEKLD,Fiber optic,0,1,1,0,1,0
9862-KJTYK,DSL,0,0,0,0,0,0
0479-HMSWA,Fiber optic,0,1,1,1,1,1
0365-BZUWY,Fiber optic,0,1,1,0,1,1
4817-VYYWS,Fiber optic,0,1,0,0,1,1
4922-CVPDX,DSL,0,1,1,0,1,1
1396-QWFBJ,Fiber optic,0,1,0,0,0,0
1357-BIJKI,Fiber optic,0,1,0,0,1,1
1099-BTKWT,DSL,1,0,1,0,1,1
5299-SJCZT,Fiber optic,0,0,1,0,1,1
2018-PZKMU,Fiber optic,0,0,1,1,1,1
7340-KEFQE,DSL,1,0,0,1,0,0
4570-QHXHL,DSL,0,0,0,0,0,0
2403-BCASL,Fiber optic,0,1,1,1,1,1
7392-YYPYJ,Fiber optic,0,1,0,0,1,1
2898-LSJGD,DSL,1,0,1,0,1,1
2223-GDSHL,Fiber optic,1,1,1,1,1,1
7359-PTSXY,DSL,0,0,0,0,0,0
9470-RTWDV,DSL,0,0,1,1,1,1
2176-OSJUV,DSL,1,1,0,1,0,0
9348-YVOMK,DSL,0,0,0,0,0,0
8104-OSKWT,Fiber optic,1,0,0,0,0,0
4521-YEEHE,Fiber optic,0,0,0,1,1,0
4090-KPJIP,Fiber optic,0,0,0,0,0,0
3786-WOVKF,Fiber optic,1,1,0,0,1,1
4503-BDXBD,Fiber optic,0,1,0,0,0,0
6086-ESGRL,Fiber optic,0,0,0,0,0,1
3886-CERTZ,Fiber optic,0,1,1,1,1,1
7995-ZHHNZ,DSL,1,0,0,0,0,0
5816-SCGFC,DSL,0,1,0,0,0,0
5989-AXPUC,Fiber optic,1,1,1,1,1,1
8015-IHCGW,Fiber optic,1,1,1,1,1,1
9278-VZKCD,Fiber optic,1,1,1,0,1,1
2773-OVBPK,Fiber optic,0,1,1,1,1,1
5999-LCXAO,DSL,1,0,0,0,0,0
5206-XZZQI,Fiber optic,0,1,0,1,0,0
5759-RCVCB,DSL,0,0,0,0,1,0
6372-RFVNS,Fiber optic,0,0,0,0,1,0
2139-FQHLM,Fiber optic,0,0,1,1,1,0
8261-GWDBQ,Fiber optic,1,1,1,1,1,1
8938-UMKPI,Fiber optic,0,1,1,0,1,1
0991-BRRFB,DSL,1,0,0,0,0,0
3882-IYOIJ,Fiber optic,1,1,1,1,1,1
3115-JPJDD,Fiber optic,1,0,1,0,0,0
5600-KTXFM,Fiber optic,0,0,0,0,0,0
3871-IKPYH,Fiber optic,0,0,0,0,0,0
6319-IEJWJ,Fiber optic,0,0,0,0,1,1
9025-AOMKI,Fiber optic,0,0,0,0,1,1
6339-TBELP,Fiber optic,0,0,1,1,0,0
7964-YESJC,DSL,1,1,1,0,0,0
6173-GOLSU,Fiber optic,0,0,0,0,1,1
5275-SQEIZ,Fiber optic,0,0,0,0,0,1
7716-YTYHG,Fiber optic,0,0,0,0,0,1
9938-ZREHM,DSL,0,1,0,1,0,1
7950-XWOVN,DSL,0,1,1,0,0,0
4647-MUZON,Fiber optic,0,0,1,0,1,1
9702-AIUJO,DSL,0,0,0,0,0,0
8849-PRIQJ,Fiber optic,1,0,1,1,1,1
8851-RAGOV,DSL,1,1,0,1,0,1
1304-NECVQ,Fiber optic,0,0,1,0,0,0
1729-VLAZJ,DSL,1,1,0,1,0,0
0701-TJSEF,DSL,1,0,1,1,0,1
6629-LADHQ,DSL,1,0,0,0,0,0
8945-GRKHX,Fiber optic,0,0,0,0,0,1
1559-DTODC,DSL,0,0,0,0,0,0
6959-UWKHF,DSL,0,0,0,0,0,0
8720-RQSBJ,DSL,0,0,0,0,0,0
3815-SLMEF,DSL,1,0,0,1,0,0
5154-VEKBL,DSL,1,0,1,1,1,1
4324-AHJKS,DSL,1,0,1,0,0,0
4355-CVPVS,Fiber optic,0,0,0,0,1,1
4495-LHSSK,DSL,1,0,0,0,0,0
5655-JSMZM,Fiber optic,0,0,0,0,1,1
5915-ANOEI,DSL,1,1,1,1,1,0
9861-PDSZP,Fiber optic,0,1,1,1,1,1
4505-EXZHB,Fiber optic,0,0,1,0,0,0
7225-CBZPL,Fiber optic,0,0,0,0,1,1
6704-UTUKK,DSL,0,0,0,0,1,1
4587-VVTOX,Fiber optic,0,1,1,0,1,1
2019-HDCZY,Fiber optic,0,0,1,0,1,1
4652-NNHNY,Fiber optic,0,0,0,0,0,0
8788-DOXSU,DSL,0,0,1,0,0,1
7404-JLKQG,DSL,0,0,1,0,1,0
7421-ZLUPA,DSL,0,1,0,0,0,0
8972-HJWNV,Fiber optic,0,0,0,0,0,1
2632-IVXVF,Fiber optic,1,0,1,1,1,1
3692-JHONH,Fiber optic,0,1,1,0,1,1
8915-NNTRC,Fiber optic,1,1,0,1,1,1
2920-RNCEZ,Fiber optic,0,0,0,0,0,0
2541-YGPKE,DSL,1,0,0,1,0,1
5382-TEMLV,DSL,1,0,0,0,0,0
3441-CGZJH,DSL,1,0,1,1,1,1
9592-ERDKV,DSL,1,0,1,0,1,1
2860-RANUS,Fiber optic,0,0,0,0,0,1
5261-QSHQM,DSL,0,0,0,0,0,0
4778-IZARL,Fiber optic,1,1,1,1,1,1
0432-CAJZV,Fiber optic,0,0,0,0,1,1
8868-WOZGU,Fiber optic,0,1,1,0,1,1
1200-TUZHR,Fiber optic,0,0,0,0,0,1
1334-FJSVR,DSL,0,0,0,0,0,0
7130-CTCUS,DSL,1,1,0,0,0,0
6242-FEGFD,Fiber optic,1,1,1,1,0,0
7625-XCQRH,Fiber optic,0,0,0,0,0,0
6194-HBGQN,DSL,1,1,1,1,1,0
7634-WSWDB,DSL,1,0,0,0,0,1
6986-IXNDM,Fiber optic,0,0,0,0,1,1
1731-TVIUK,Fiber optic,0,1,0,1,0,1
2987-BJXIK,DSL,1,1,1,0,1,1
9769-TSBZE,DSL,1,1,0,1,0,0
0406-BPDVR,Fiber optic,0,1,0,0,1,1
0618-XWMSS,Fiber optic,1,0,0,0,0,0
6023-GSSXW,DSL,0,1,0,0,0,1
6752-APNJL,DSL,1,1,0,0,0,0
5276-KQWHG,Fiber optic,0,0,0,0,0,0
0420-HLGXF,Fiber optic,0,0,1,0,1,1
7446-KQISO,Fiber optic,0,1,1,1,1,1
9823-EALYC,DSL,1,1,1,1,1,0
5803-NQJZO,DSL,1,1,1,1,0,0
0743-HRVFF,DSL,0,0,1,1,1,1
4006-HKYHO,DSL,1,1,1,1,1,1
6689-KXGBO,DSL,0,1,0,0,0,0
9667-TKTVZ,DSL,0,0,0,1,0,0
3657-COGMW,Fiber optic,1,1,1,0,1,1
8570-KLJYJ,DSL,1,0,0,0,0,0
7754-IXRMC,DSL,0,0,0,0,0,0
9473-CBZOP,DSL,1,0,1,0,0,0
2969-WGHQO,DSL,1,1,1,0,1,0
6615-NGGZJ,Fiber optic,0,1,0,0,1,1
4334-HOWRP,DSL,1,1,1,1,1,1
1329-VHWNP,DSL,0,0,0,0,0,0
2984-MIIZL,Fiber optic,0,0,1,0,0,0
0266-GMEAO,Fiber optic,1,1,1,1,1,1
5590-YRFJT,DSL,0,0,0,0,0,0
5574-NXZIU,Fiber optic,1,1,1,1,1,1
0019-GFNTW,DSL,1,1,1,1,0,0
4256-ZWTZI,DSL,0,0,0,1,0,0
8309-PPCED,Fiber optic,0,1,1,1,1,1
4098-NAUKP,Fiber optic,0,1,1,0,0,0
5196-WPYOW,DSL,1,1,0,1,0,0
4608-LCIMN,DSL,0,0,0,0,0,0
1485-YDHMM,Fiber optic,0,1,0,1,0,1
8161-QYMTT,Fiber optic,0,0,0,0,1,1
9581-GVBXT,DSL,1,0,1,0,0,0
5862-BRIXZ,DSL,1,0,1,1,1,1
5404-GGUKR,DSL,0,1,0,0,0,0
3308-JSGML,DSL,1,0,1,1,1,1
2126-GSEGL,DSL,0,1,1,1,1,1
3677-TNKIO,Fiber optic,0,0,0,0,0,0
0440-QEXBZ,DSL,0,0,0,0,0,0
2434-EEVDB,Fiber optic,1,0,1,0,1,0
6762-QVYJO,DSL,1,0,1,1,1,1
6199-IWKGC,Fiber optic,0,0,0,1,1,1
2675-DHUTR,Fiber optic,0,1,0,0,1,1
8152-VETUR,Fiber optic,0,1,0,0,1,1
9667-EQRXU,DSL,0,0,1,0,1,0
7446-YPODE,DSL,1,1,0,0,0,0
9522-BNTHX,DSL,0,1,1,0,1,1
4676-WLUHT,DSL,1,1,0,0,0,1
3329-WDIOK,DSL,0,1,0,0,1,1
2873-ZLIWT,Fiber optic,0,0,1,1,0,0
3415-TAILE,DSL,0,0,0,0,1,1
0757-WCUUZ,DSL,0,0,1,0,0,1
1629-DQQVB,DSL,1,0,0,0,0,0
1915-IOFGU,Fiber optic,0,0,0,0,0,0
3045-XETSH,Fiber optic,0,1,1,0,0,1
0374-AACSZ,DSL,1,0,0,0,0,0
4872-VXRIL,DSL,1,1,0,1,0,0
9140-CZQZZ,DSL,1,1,0,1,1,1
9938-TKDGL,Fiber optic,1,0,0,1,1,1
0531-ZZJWQ,Fiber optic,0,0,0,0,0,0
6537-QLGEX,DSL,1,0,0,0,1,0
2688-BHGOG,Fiber optic,0,0,0,0,0,1
7683-CBDKJ,DSL,1,1,0,0,1,0
0946-CLJTI,Fiber optic,0,0,1,0,1,1
3160-TYXLT,DSL,1,1,0,0,0,1
1325-USMEC,Fiber optic,1,1,1,0,1,0
0916-QOFDP,Fiber optic,0,0,0,0,1,1
0628-CNQRM,DSL,1,0,1,1,1,0
5606-AMZBO,Fiber optic,1,0,0,0,0,0
7665-TOALD,Fiber optic,0,0,0,0,0,0
0112-QWPNC,DSL,1,0,1,1,1,1
0324-BRPCJ,Fiber optic,0,1,0,0,1,1
2777-PHDEI,Fiber optic,0,0,0,0,1,0
5640-CAXOA,DSL,0,0,0,1,0,1
2235-EZAIK,DSL,1,1,1,1,1,0
1196-AMORA,Fiber optic,0,0,0,0,0,0
4282-YMKNA,Fiber optic,0,0,0,0,0,0
1453-RZFON,DSL,1,0,0,0,0,0
8263-OKETD,DSL,0,1,0,1,0,1
2476-YGEFM,Fiber optic,0,0,0,0,0,0
8687-BAFGU,Fiber optic,0,0,0,1,0,0
0641-EVBOJ,Fiber optic,1,0,0,1,0,0
0829-XXPLX,Fiber optic,1,0,1,0,1,0
9974-JFBHQ,Fiber optic,0,1,0,1,1,1
6624-JDRDS,DSL,1,0,0,0,0,0
9780-FKVVF,DSL,1,0,0,0,0,1
1919-RTPQD,DSL,0,0,0,0,0,0
5214-NLTIT,Fiber optic,0,0,1,0,0,1
3345-PBBFH,DSL,0,1,0,0,0,0
5055-BRMNE,Fiber optic,1,0,0,1,1,1
9189-JWSHV,Fiber optic,0,0,0,0,1,1
2190-PHBHR,Fiber optic,1,1,0,0,0,1
0746-JTRFU,DSL,0,0,0,0,0,0
5208-FVQKB,DSL,1,1,0,1,0,1
7184-LRUUR,DSL,0,1,1,0,1,0
6627-CFOSN,Fiber optic,1,1,1,0,0,1
7247-XOZPB,DSL,1,0,1,1,1,0
6211-WWLTF,Fiber optic,1,0,1,0,1,1
4826-TZEVA,Fiber optic,0,1,0,0,0,0
9138-EFSMO,Fiber optic,0,0,0,0,0,1
0576-WNXXC,Fiber optic,0,1,1,0,0,1
4632-XJMEX,DSL,1,1,0,1,0,0
8910-LEDAG,Fiber optic,0,0,0,0,0,0
3452-GWUIN,Fiber optic,0,0,0,0,1,1
2716-GFZOR,Fiber optic,1,1,1,0,0,0
4628-CTTLA,DSL,0,1,0,0,1,0
3192-LNKRK,Fiber optic,0,0,1,0,1,0
4439-YRNVD,DSL,0,1,0,1,0,0
6834-NXDCA,DSL,0,0,0,0,0,0
2208-UGTGR,Fiber optic,0,1,0,0,1,1
3005-TYFRD,Fiber optic,0,1,1,0,1,1
8670-MEFCP,DSL,1,1,1,1,1,1
5597-GLBUC,Fiber optic,0,0,1,0,1,0
7278-CKDNC,Fiber optic,0,1,0,0,0,0
2748-MYRVK,Fiber optic,0,1,0,0,1,1
8450-UYIBU,DSL,0,0,1,0,1,0
2969-VAPYH,DSL,1,1,0,1,0,0
4822-YCXMX,Fiber optic,0,0,0,0,0,1
7181-OQCUT,Fiber optic,1,0,1,0,1,1
8474-UMLNT,DSL,1,1,0,1,0,1
9821-POOTN,Fiber optic,0,0,0,0,0,0
6559-ILWKJ,DSL,0,1,0,0,1,1
0187-QSXOE,Fiber optic,0,0,0,0,1,1
7733-UDMTP,DSL,0,1,1,0,1,1
2649-HWLYB,DSL,1,0,1,1,0,1
4229-CZMLL,Fiber optic,0,0,0,0,0,0
6904-JLBGY,Fiber optic,1,1,1,1,1,1
1685-VAYJF,DSL,0,0,0,0,0,0
6917-YACBP,Fiber optic,1,1,1,0,0,0
5049-MUBWG,DSL,1,0,0,1,1,1
4223-WOZCM,DSL,0,0,1,0,0,0
0769-MURVM,DSL,1,1,1,1,1,1
9253-VIFJQ,DSL,1,1,1,0,0,0
7030-FZTFM,Fiber optic,0,1,1,1,1,1
9741-YLNTD,Fiber optic,0,0,0,1,0,1
5120-ZBLAI,DSL,0,0,1,0,1,1
1194-BHJYC,DSL,1,0,1,1,1,1
3663-MITLP,Fiber optic,0,1,1,0,1,1
0906-QVPMS,Fiber optic,1,1,1,1,1,1
7858-GTZSP,Fiber optic,0,0,0,0,0,1
3285-UCQVC,DSL,0,0,0,1,0,0
3470-BTGQO,DSL,0,0,0,0,0,0
1209-VFFOC,DSL,1,1,1,1,0,1
8224-DWCKX,Fiber optic,0,0,0,0,0,0
5482-PLVPE,DSL,0,0,0,0,0,0
4553-DVPZG,Fiber optic,0,0,1,0,1,1
4902-OHLSK,Fiber optic,0,0,0,1,1,1
6917-IAYHD,DSL,0,1,0,1,0,0
0495-ZBNGW,Fiber optic,0,0,1,0,0,0
7572-KPVKK,Fiber optic,0,0,1,1,1,1
2357-COQEK,Fiber optic,0,0,1,1,1,1
7103-ZGVNT,DSL,1,1,0,1,1,0
3737-GCSPV,Fiber optic,1,0,0,1,1,0
2027-WKXMW,Fiber optic,0,1,1,1,1,1
1768-HNVGJ,DSL,1,0,0,1,0,1
5934-RMPOV,Fiber optic,0,0,0,0,0,1
4088-YLDSU,Fiber optic,0,0,1,1,1,1
8316-BBQAY,DSL,1,0,1,1,1,1
4395-PZMSN,Fiber optic,0,1,0,0,0,1
6427-FEFIG,DSL,1,0,1,0,1,1
0017-IUDMW,Fiber optic,1,1,1,1,1,1
8706-HRADD,DSL,1,0,0,1,1,0
9955-QOPOY,DSL,0,1,1,1,1,1
4385-ZKVNW,DSL,0,1,0,1,0,0
5446-DKWYW,DSL,0,0,1,0,1,0
2034-CGRHZ,Fiber optic,0,1,1,0,1,1
5797-APWZC,Fiber optic,0,0,0,0,1,1
3683-QKIUE,DSL,0,0,0,1,0,0
4228-ZGYUW,Fiber optic,0,1,0,0,0,1
9031-ZVQPT,Fiber optic,0,1,1,1,1,1
2990-IAJSV,DSL,1,1,1,1,1,1
8107-KNCIM,Fiber optic,0,0,0,0,0,0
5176-LDKUH,Fiber optic,0,1,0,0,0,0
6480-YAGIY,Fiber optic,1,1,1,1,1,1
4029-HPFVY,Fiber optic,0,0,0,0,0,0
3519-ZKXGG,Fiber optic,0,0,0,0,0,0
5457-COLHT,DSL,1,1,0,1,1,1
6416-TVAIH,Fiber optic,0,0,0,0,0,0
5451-YHYPW,Fiber optic,1,1,1,1,1,1
5108-ADXWO,Fiber optic,1,0,0,0,0,0
7998-WNZEM,DSL,1,1,1,1,0,1
3066-RRJIO,Fiber optic,0,0,0,0,0,0
4664-NJCMS,DSL,1,0,1,1,1,1
7629-WFGLW,Fiber optic,1,1,1,1,0,0
6715-OFDBP,DSL,0,0,1,0,1,1
6481-LXPWL,DSL,0,1,1,0,0,0
1567-DSCIC,Fiber optic,0,1,1,0,1,0
2150-UWTFY,DSL,1,1,1,0,0,0
9362-MWODR,DSL,1,0,0,1,1,0
5153-LXKDT,Fiber optic,1,1,1,0,1,1
5161-UBZXI,Fiber optic,1,1,0,1,1,1
1020-JPQOW,Fiber optic,0,1,1,1,0,0
7919-ZODZZ,DSL,0,1,1,0,0,1
0565-JUPYD,Fiber optic,1,1,1,1,1,0
6867-ACCZI,DSL,1,1,1,1,0,1
5939-XAIXZ,DSL,0,0,1,0,0,0
9054-FOWNV,Fiber optic,0,0,1,0,1,0
2683-BPJSO,Fiber optic,1,1,0,0,0,0
2157-MXBJS,DSL,0,0,1,0,1,1
9732-EQMWY,Fiber optic,0,1,1,0,1,1
9360-AHGNL,Fiber optic,1,0,1,1,1,1
5269-NRGDP,DSL,0,0,1,1,1,1
6195-MELTI,DSL,0,1,0,1,0,0
5485-WUYWF,DSL,1,0,1,0,1,0
2121-JAFOM,Fiber optic,1,1,1,1,1,1
8818-DOPVL,Fiber optic,0,1,1,0,1,1
2632-UCGVD,Fiber optic,0,0,0,1,1,1
5445-PZWGX,Fiber optic,1,1,0,1,0,1
1227-UDMZR,DSL,1,1,1,1,1,1
5198-HQAEN,Fiber optic,0,1,0,1,1,0
9170-CCKOU,Fiber optic,1,1,1,0,0,0
2167-FQSTQ,DSL,1,1,1,1,1,1
3814-MLAXC,Fiber optic,0,0,0,1,0,0
1226-UDFZR,DSL,0,1,0,0,0,0
6821-JPCDC,Fiber optic,0,1,1,0,1,1
8582-KRHPJ,DSL,1,1,0,0,0,0
5811-IWXYM,Fiber optic,0,0,1,0,1,1
7044-YAACC,Fiber optic,0,0,0,0,0,0
8189-XRIKE,Fiber optic,0,0,0,0,1,1
1506-YJTYT,DSL,1,1,0,1,1,0
4123-DVHPH,Fiber optic,1,0,0,0,0,1
6425-YQLLO,Fiber optic,0,0,1,1,1,1
5442-UTCVD,Fiber optic,0,0,1,0,0,1
7734-DBOAI,DSL,0,0,0,1,1,0
2789-CZANW,Fiber optic,1,1,0,1,1,1
2091-RFFBA,Fiber optic,0,0,0,0,0,0
2114-MGINA,Fiber optic,0,0,0,0,1,1
7596-LDUXP,Fiber optic,1,0,0,0,1,0
3740-RLMVT,DSL,1,1,0,1,0,0
4489-SNOJF,DSL,1,0,1,1,1,0
2192-OZITF,DSL,1,0,0,1,0,1
5651-CPDND,DSL,0,0,0,0,0,0
2186-QZEYA,DSL,1,1,0,0,0,0
9134-WYRVP,Fiber optic,1,0,0,0,1,0
2931-SVLTV,Fiber optic,1,1,0,1,1,1
6899-PPEEA,Fiber optic,0,0,0,0,1,1
7504-UWHNB,Fiber optic,0,0,0,0,0,0
2582-FFFZR,DSL,0,0,1,0,1,1
8908-NMQTX,DSL,1,1,1,1,1,1
2187-LZGPL,DSL,0,1,0,0,0,1
1431-AIDJQ,DSL,0,1,1,1,1,1
6288-LBEAR,Fiber optic,0,1,0,1,0,0
4597-NUCQV,Fiber optic,0,1,0,0,1,1
9019-QVLZD,Fiber optic,0,0,0,0,1,0
8413-YNHNV,DSL,1,1,1,1,1,1
4369-NYSCF,DSL,0,1,0,1,1,1
6333-YDVLT,Fiber optic,1,0,1,1,1,1
5599-HVLTW,Fiber optic,0,0,1,0,0,0
7394-LWLYN,Fiber optic,0,0,0,0,0,0
3707-LRWZD,Fiber optic,0,0,0,0,1,0
6873-UDNLD,DSL,1,0,1,0,0,1
1455-ESIQH,Fiber optic,0,0,0,0,1,1
0958-YHXGP,Fiber optic,0,0,0,0,0,0
1101-SSWAG,DSL,0,0,0,0,0,0
2979-SXESE,Fiber optic,1,0,1,0,1,0
4013-TLDHQ,Fiber optic,0,1,1,0,0,0
4194-FJARJ,DSL,1,0,0,1,0,0
5325-UWTWJ,Fiber optic,1,1,0,1,0,0
3969-GYXEL,Fiber optic,1,0,0,0,0,0
9208-OLGAQ,Fiber optic,0,0,1,0,0,1
3244-CQPHU,Fiber optic,1,1,0,1,1,1
2674-MLXMN,Fiber optic,0,1,0,0,1,1
9708-HPXWZ,DSL,0,0,1,1,1,0
6992-TKNYO,DSL,0,0,1,1,0,1
4468-YDOVK,DSL,0,0,0,1,0,0
3754-DXMRT,DSL,0,0,0,0,0,0
5792-JALQC,DSL,1,0,1,0,0,0
7130-VTEWQ,Fiber optic,0,0,0,0,0,0
2200-DSAAL,DSL,0,1,1,0,1,1
9351-LZYGF,DSL,1,1,0,1,0,0
4366-CTOUZ,Fiber optic,0,1,0,1,1,1
7903-CMPEY,Fiber optic,1,0,0,0,0,0
1518-OMDIK,DSL,0,0,0,0,0,0
0595-ITUDF,Fiber optic,1,1,1,0,0,0
6996-KNSML,Fiber optic,0,0,1,0,0,0
0096-BXERS,DSL,0,0,0,0,0,0
6253-WRFHY,DSL,0,0,0,0,1,1
9133-AYJZG,Fiber optic,0,1,0,0,1,1
2675-OTVVJ,Fiber optic,1,0,0,0,1,0
8680-CGLTP,DSL,1,1,0,1,0,0
5018-GWURO,Fiber optic,0,0,0,0,1,0
6741-QRLUP,DSL,1,1,1,1,0,1
4737-HOBAX,DSL,0,0,1,1,1,1
0537-QYZZN,Fiber optic,1,0,0,0,0,0
3340-QBBFM,DSL,0,0,1,1,0,0
1704-NRWYE,Fiber optic,0,0,0,0,1,0
2592-SEIFQ,DSL,0,0,0,0,0,0
8200-KLNYW,DSL,1,0,1,1,1,1
9896-UYMIE,Fiber optic,1,1,1,1,1,1
0853-NWIFK,Fiber optic,1,1,0,0,1,1
8212-CRQXP,Fiber optic,0,0,0,0,1,0
7691-XVTZH,Fiber optic,0,0,1,0,1,0
7481-ATQQS,Fiber optic,0,0,1,0,0,1
2277-VWCNI,DSL,0,0,0,0,0,0
1088-CNNKB,DSL,1,1,1,1,0,1
8642-GVWRF,Fiber optic,0,1,1,0,0,0
3400-ESFUW,DSL,1,1,0,1,0,0
1482-OXZSY,Fiber optic,1,0,0,0,1,1
0377-JBKKT,DSL,1,1,0,1,0,0
5778-BVOFB,DSL,0,0,0,1,1,0
2057-ZBLPD,Fiber optic,0,0,0,0,0,1
0228-MAUWC,DSL,0,0,1,1,0,0
5502-RLUYV,Fiber optic,0,1,1,0,1,1
0023-HGHWL,DSL,0,0,0,0,0,0
7663-YJHSN,Fiber optic,1,1,1,1,1,0
4915-BFSXL,DSL,1,0,1,0,1,0
3086-RUCRN,Fiber optic,1,1,1,1,0,1
5215-LNLDJ,DSL,0,0,0,0,0,0
7576-JMYWV,Fiber optic,1,1,0,1,1,1
9039-RBEEE,DSL,1,1,0,1,1,0
0257-KXZGU,DSL,0,1,1,0,0,0
1307-ATKGB,Fiber optic,0,1,1,0,0,1
8417-FMLZI,Fiber optic,0,1,0,0,0,1
3714-XPXBW,DSL,1,1,1,1,1,0
2824-DXNKN,DSL,1,0,1,0,1,0
5227-JSCFE,DSL,1,1,1,1,0,0
0848-ZGQIJ,Fiber optic,0,1,0,0,1,1
3621-CHYVB,DSL,1,0,1,1,0,1
1792-UXAFY,Fiber optic,0,1,1,0,1,0
0420-TXVSG,DSL,1,1,1,0,0,0
6217-TOWGS,DSL,0,1,0,0,1,1
0515-YPMCW,Fiber optic,0,0,0,0,0,0
0378-XSZPU,DSL,1,1,1,0,0,0
1544-JJMYL,DSL,1,0,1,1,1,0
4636-JGAAI,Fiber optic,0,1,0,0,0,1
6874-SGLHU,Fiber optic,0,1,0,0,1,1
5951-AOFIH,DSL,0,1,1,0,1,0
4729-XKASR,DSL,0,0,0,0,0,0
3059-NGMXB,DSL,1,1,0,0,0,1
8652-YHIYU,Fiber optic,0,0,0,1,0,0
5278-PNYOX,Fiber optic,0,0,1,1,1,1
5449-FIBXJ,Fiber optic,0,0,1,1,1,1
3486-HOOGQ,DSL,1,1,1,1,1,0
5061-PBXFW,DSL,1,1,0,1,0,0
8630-FJLIB,Fiber optic,0,0,0,0,0,0
3891-NLXJB,DSL,1,1,0,1,0,0
4749-OJKQU,Fiber optic,0,0,0,0,0,0
0577-WHMEV,Fiber optic,1,1,1,0,0,0
5453-AXEPF,Fiber optic,0,1,0,0,0,0
3639-XJHKQ,DSL,1,1,1,0,0,0
3716-LRGXK,Fiber optic,0,0,1,0,1,1
3397-AVTKU,DSL,0,1,0,0,0,1
9837-BMCLM,Fiber optic,0,0,0,0,1,0
2672-OJQZP,DSL,0,0,0,0,0,0
3134-DSHVC,Fiber optic,1,1,1,0,1,0
6161-UUUTA,Fiber optic,0,0,0,0,1,0
7821-DPRQE,Fiber optic,1,1,0,1,1,1
6543-XRMYR,Fiber optic,0,1,0,0,1,1
2001-EWBQU,Fiber optic,0,1,1,0,1,1
4925-LMHOK,DSL,0,1,0,1,0,0
1608-GMEWB,Fiber optic,0,0,0,0,1,1
6695-AMZUF,DSL,1,1,1,1,1,1
1455-UGQVH,Fiber optic,0,0,1,0,1,1
8280-MQRQN,DSL,0,0,1,0,0,0
7611-YKYTC,Fiber optic,1,0,0,0,0,0
2037-SGXHH,Fiber optic,0,1,1,0,1,0
3178-FESZO,Fiber optic,0,1,0,0,1,1
0365-GXEZS,Fiber optic,0,0,1,1,0,0
0082-OQIQY,Fiber optic,0,0,0,1,1,1
6087-MVHJH,Fiber optic,0,0,1,0,0,1
4603-JANFB,Fiber optic,0,0,0,0,0,0
3018-TFTSU,Fiber optic,1,0,1,0,0,0
3606-SBKRY,DSL,0,0,1,0,1,1
4806-KEXQR,Fiber optic,0,0,0,0,0,1
0667-NSRGI,DSL,0,0,1,1,0,1
6893-ODYYE,Fiber optic,1,1,1,1,0,0
8242-JSVBO,DSL,0,0,0,0,0,0
2479-BRAMR,Fiber optic,1,0,1,0,0,0
9541-ZPSEA,Fiber optic,1,0,1,0,0,0
2665-NPTGL,Fiber optic,0,0,1,0,1,1
1139-WUOAH,DSL,0,0,1,1,1,1
6937-GCDGQ,DSL,1,0,0,0,0,0
0988-JRWWP,DSL,0,0,0,0,1,0
7908-QCBCA,Fiber optic,0,0,0,0,0,0
8644-XYTSV,DSL,1,0,0,0,1,0
6711-FLDFB,Fiber optic,0,0,0,0,0,0
7465-ZZRVX,Fiber optic,0,0,0,0,0,0
7975-JMZNT,DSL,1,1,1,1,1,1
7251-XFOIL,Fiber optic,0,0,1,0,0,1
3714-JTVOV,Fiber optic,1,0,0,0,0,0
8259-DZLIZ,DSL,0,1,0,0,0,0
0442-ZXKVS,Fiber optic,1,1,1,1,1,1
0225-ZORZP,Fiber optic,0,1,0,0,0,1
4702-IOQDC,Fiber optic,0,0,0,0,0,0
9489-JMTTN,DSL,1,1,1,1,1,1
0575-CUQOV,Fiber optic,0,1,1,0,1,1
6178-KFNHS,Fiber optic,1,0,0,0,0,0
2830-LEWOA,Fiber optic,0,1,1,1,1,1
1264-BYWMS,Fiber optic,0,0,0,0,1,1
9658-WYUFB,Fiber optic,1,1,0,0,1,0
5329-KRDTM,DSL,0,1,1,1,1,0
7797-EJMDP,DSL,1,0,0,1,0,1
2013-SGDXK,Fiber optic,0,1,0,0,1,0
6368-NWMCE,DSL,0,1,0,1,0,1
3633-CDBUW,DSL,0,1,1,1,1,1
0707-HOVVN,DSL,0,1,1,1,1,0
8580-QVLOC,DSL,1,1,1,1,1,1
3956-MGXOG,Fiber optic,0,0,0,0,0,1
9274-UARKJ,Fiber optic,0,1,0,0,1,0
4077-HWUYD,DSL,1,1,1,1,1,1
2012-NWRPA,Fiber optic,0,0,1,0,1,1
8808-ELEHO,Fiber optic,0,0,1,0,0,0
0103-CSITQ,Fiber optic,0,1,1,1,1,1
8671-KKKOS,DSL,1,1,0,0,1,0
9518-XXBXE,Fiber optic,1,0,0,0,0,0
3934-HXCFZ,Fiber optic,1,1,1,0,1,0
6578-KRMAW,Fiber optic,1,1,1,0,0,1
4860-IJUDE,Fiber optic,1,0,0,0,0,0
7666-WKRON,Fiber optic,0,0,1,1,0,0
9688-YGXVR,Fiber optic,0,1,1,0,1,0
0423-UDIJQ,DSL,0,0,0,1,0,0
4910-AQFFX,Fiber optic,0,0,1,0,0,0
2154-KVJFF,Fiber optic,0,1,0,0,0,0
5360-LJCNJ,Fiber optic,0,1,1,0,1,1
2607-FBDFF,DSL,0,0,0,1,0,0
9647-ERGBE,Fiber optic,0,0,1,0,1,1
3428-XZMAZ,Fiber optic,0,0,0,0,0,0
1100-DDVRV,DSL,0,1,0,0,1,1
0378-TOVMS,Fiber optic,0,0,0,1,0,1
4355-HBJHH,DSL,1,0,1,0,1,1
9058-CBREO,DSL,0,0,0,0,0,0
9029-FEGVJ,Fiber optic,0,0,1,0,0,0
0318-QUUOB,Fiber optic,0,0,0,0,1,0
6145-NNPNO,DSL,0,0,0,0,0,0
5520-FVEWJ,Fiber optic,0,1,1,0,0,0
5339-TJFEK,Fiber optic,1,1,0,0,1,1
5572-ZDXHY,Fiber optic,0,1,0,0,0,1
2074-GUHPQ,Fiber optic,0,1,1,1,0,0
5827-MWCZK,Fiber optic,0,1,0,1,1,0
5914-XRFQB,Fiber optic,1,1,1,1,1,1
4329-YPDDQ,Fiber optic,1,1,1,1,1,1
3750-CKVKH,Fiber optic,0,0,0,0,0,0
5944-UGLLK,DSL,0,0,1,1,1,1
8063-GBATB,Fiber optic,0,0,0,0,0,1
2252-ISRNH,Fiber optic,0,0,1,0,1,0
9415-TPKRV,DSL,0,1,0,0,0,0
5322-TEUJK,Fiber optic,1,1,1,1,1,1
4547-KQRTM,Fiber optic,0,1,0,0,0,0
1866-DIOQZ,DSL,1,1,1,1,1,1
8375-KVTHK,Fiber optic,0,1,0,1,1,1
2697-NQBPF,Fiber optic,0,1,0,1,1,1
3709-OIJEA,Fiber optic,0,1,1,1,0,0
7639-SUPCW,DSL,1,0,0,0,0,0
0599-XNYDO,Fiber optic,0,0,0,0,0,0
6377-WHAOX,Fiber optic,0,1,1,0,1,1
8999-XXGNS,Fiber optic,0,1,1,0,1,1
0471-ARVMX,Fiber optic,1,0,1,0,1,1
7766-CLTIC,DSL,0,0,0,1,0,1
5650-YLIBA,Fiber optic,0,1,0,0,0,0
6122-LJADA,DSL,1,1,1,1,1,1
2400-XIWIO,DSL,1,1,1,1,1,1
7524-VRLPL,DSL,1,0,1,1,0,1
1069-XAIEM,Fiber optic,0,0,0,0,0,1
7569-NMZYQ,Fiber optic,1,1,1,1,1,1
5201-USSQZ,Fiber optic,0,0,0,1,0,1
2105-PHWON,Fiber optic,0,0,1,1,0,1
4884-TVUQF,Fiber optic,1,0,1,1,0,1
4658-HCOHW,Fiber optic,0,1,1,1,1,1
2211-RMNHO,DSL,0,1,1,1,1,1
2432-TFSMK,Fiber optic,0,0,1,0,1,0
3440-JPSCL,Fiber optic,0,0,1,1,1,1
4929-ROART,DSL,1,0,0,0,0,0
1834-ABKHQ,DSL,0,0,1,0,0,0
1741-WTPON,Fiber optic,1,1,1,1,1,1
3932-IJWDZ,Fiber optic,0,0,1,1,1,1
3594-KADLU,DSL,1,0,0,1,0,0
8065-BVEPF,Fiber optic,0,1,1,0,1,1
3796-ENZGF,DSL,0,1,0,1,0,1
2853-CWQFQ,DSL,0,0,0,1,0,1
0813-TAXXS,DSL,0,0,1,0,1,1
2519-TWKFS,DSL,0,0,0,1,0,0
2889-FPWRM,Fiber optic,1,1,1,1,1,1
6723-CEGQI,DSL,0,1,0,1,1,0
6987-XQSJT,Fiber optic,0,1,0,0,0,0
9499-XPZXM,DSL,1,1,0,1,0,0
4338-EYCER,DSL,0,0,0,0,1,0
6350-XFYGW,Fiber optic,0,0,1,0,1,1
4290-BSXUX,Fiber optic,0,0,0,1,0,0
8513-OLYGY,Fiber optic,1,1,1,1,1,1
0311-QYWSS,DSL,1,0,0,0,0,0
8705-DWKTI,Fiber optic,0,0,1,0,0,1
8755-IWJHN,Fiber optic,0,1,1,0,0,1
0325-XBFAC,Fiber optic,0,0,1,0,1,1
4480-QQRHC,Fiber optic,0,0,1,0,0,0
0929-PECLO,Fiber optic,0,0,1,0,0,1
3680-CTHUH,Fiber optic,1,1,1,1,1,1
1202-KKGFU,DSL,1,0,0,1,0,0
1852-XEMDW,DSL,1,1,1,0,0,0
2462-XIIJB,Fiber optic,0,0,1,0,1,0
9470-YFUYI,DSL,1,1,0,1,1,0
7817-BOQPW,Fiber optic,0,0,0,0,0,0
7402-EYFXX,Fiber optic,0,0,0,0,1,1
1853-UDXBW,Fiber optic,0,0,0,0,0,0
9895-VFOXH,DSL,0,0,0,0,0,0
5458-CQJTA,DSL,1,0,0,1,1,1
1230-QAJDW,DSL,0,0,0,1,1,0
5701-ZIKJE,DSL,0,0,0,1,0,0
5219-YIPTK,Fiber optic,0,1,1,0,1,1
5032-MIYKT,Fiber optic,0,0,0,0,0,0
7396-VJUZB,DSL,0,0,0,0,0,0
9717-QEBGU,Fiber optic,0,0,0,0,0,0
5172-RKOCB,Fiber optic,1,1,0,1,1,1
3540-RZJYU,Fiber optic,1,0,0,0,1,0
2091-MJTFX,DSL,0,0,0,1,1,1
5985-TBABQ,DSL,1,0,0,0,1,1
9800-ONTFE,Fiber optic,0,0,0,0,0,0
6743-HHQPF,DSL,0,0,0,0,0,0
8455-HIRAQ,DSL,0,0,0,0,0,0
6616-AALSR,Fiber optic,1,0,1,0,1,1
9415-ZNBSX,DSL,1,1,1,1,1,1
0722-TROQR,Fiber optic,0,0,0,0,0,0
7571-YXDAD,Fiber optic,0,0,0,0,0,0
3884-UEBXB,DSL,1,1,0,0,0,0
1791-PQHBB,DSL,1,0,0,0,0,1
8741-LQOBK,DSL,1,1,0,0,0,0
3393-FMZPV,Fiber optic,0,1,0,0,1,1
8082-GHXOP,DSL,0,0,0,0,0,0
6402-ZFPPI,Fiber optic,1,1,0,0,1,1
0980-FEXWF,DSL,0,0,1,0,0,0
7486-KSRVI,Fiber optic,0,0,0,1,1,1
8443-WVPSS,Fiber optic,0,1,0,1,1,1
3006-XIMLN,Fiber optic,0,0,0,0,1,1
8218-FFJDS,DSL,1,1,0,1,1,1
1986-PHGZF,DSL,1,1,0,0,0,0
9965-YOKZB,Fiber optic,0,0,0,0,0,1
0504-HHAPI,Fiber optic,0,0,1,0,0,1
9360-OMDZZ,Fiber optic,0,0,0,0,1,1
6305-YLBMM,Fiber optic,0,1,1,1,1,1
0345-XMMUG,Fiber optic,0,1,1,1,1,1
8024-XNAFQ,Fiber optic,1,1,1,1,0,1
3647-GMGDH,Fiber optic,0,0,1,0,1,1
2988-GBIVW,Fiber optic,1,0,0,0,0,1
7036-ZZKBD,DSL,0,0,1,1,0,1
3791-LGQCY,Fiber optic,0,0,1,0,1,1
0265-PSUAE,Fiber optic,1,0,1,0,1,1
9128-CPXKI,Fiber optic,0,0,1,0,1,1
0129-KPTWJ,Fiber optic,0,0,1,0,1,1
8166-ZZTFS,DSL,0,1,1,0,1,1
5855-EIBDE,Fiber optic,1,1,1,1,0,1
5365-LLFYV,DSL,0,0,0,0,0,0
5956-YHHRX,Fiber optic,0,1,1,0,1,1
6008-NAIXK,DSL,0,1,1,0,1,1
2956-GGUCQ,Fiber optic,1,0,0,0,0,0
1928-BXYIV,DSL,1,1,0,0,0,0
5760-FXFVO,Fiber optic,1,1,0,0,0,0
6595-COKXZ,DSL,0,0,0,0,0,0
0961-ZWLVI,Fiber optic,1,1,1,0,1,1
5181-OABFK,DSL,1,1,1,0,0,0
4007-NHVHI,Fiber optic,1,1,0,0,0,1
7816-VGHTO,DSL,0,1,1,1,0,0
7550-WIQVA,Fiber optic,1,1,1,0,1,1
7544-ZVIKX,Fiber optic,0,0,1,1,1,1
0016-QLJIS,DSL,1,1,1,1,1,1
7508-DQAKK,DSL,1,1,1,1,1,1
5176-OLSKT,DSL,1,1,1,0,0,0
9356-AXGMP,Fiber optic,1,0,1,1,1,1
0362-ZBZWJ,Fiber optic,0,0,0,0,0,1
8979-CAMGB,Fiber optic,0,0,1,1,1,1
7581-EBBOU,DSL,0,1,1,1,1,0
4274-OWWYO,Fiber optic,0,1,0,0,0,0
5073-RZGBK,DSL,1,1,1,1,0,1
1541-ETJZO,DSL,0,0,1,1,0,0
2192-CKRLV,DSL,1,1,1,0,0,1
6119-SPUDB,DSL,1,0,1,1,0,0
6522-OIQSX,DSL,0,1,1,0,1,1
7813-ZGGAW,Fiber optic,0,0,1,1,1,0
1319-YLZJG,Fiber optic,1,1,1,0,0,0
4106-HADHQ,DSL,1,0,1,1,1,1
0723-FDLAY,DSL,0,1,1,1,1,1
3050-RLLXC,DSL,1,1,1,1,1,0
9298-WGMRW,Fiber optic,1,1,1,1,1,1
2369-UAPKZ,Fiber optic,0,1,1,0,1,1
3088-LHEFH,Fiber optic,1,0,0,0,0,0
2778-OCLGR,DSL,1,0,0,0,0,1
6583-KQJLK,Fiber optic,0,1,0,0,1,1
6681-ZSEXG,DSL,0,1,1,0,0,0
6116-RFVHN,Fiber optic,0,0,1,0,1,1
0637-KVDLV,Fiber optic,0,0,0,0,0,0
6633-MPWBS,DSL,0,0,0,1,0,0
0373-AIVNJ,DSL,1,1,1,0,0,0
5729-KLZAR,Fiber optic,0,0,0,0,0,1
8849-AYPTR,Fiber optic,0,0,0,0,1,1
9518-IMLHK,DSL,1,1,1,1,1,0
1582-RAFML,DSL,0,1,0,1,0,0
8740-CRYFY,Fiber optic,0,0,0,0,1,0
3569-VLDHH,DSL,1,1,1,1,1,0
7594-LZNWR,Fiber optic,0,0,0,0,0,0
4001-TSBTV,Fiber optic,0,1,1,0,1,0
2962-XPMCQ,DSL,0,0,0,0,0,0
8727-XDPUD,DSL,0,0,0,0,1,0
1043-UXOVO,Fiber optic,1,1,1,1,1,1
1678-FYZOW,Fiber optic,0,0,0,0,1,0
5795-BKOYE,DSL,0,1,1,1,0,0
8627-EHGIP,DSL,0,1,1,0,1,1
7402-PWYJJ,Fiber optic,0,0,0,1,0,1
5480-TBGPH,Fiber optic,0,1,1,0,1,1
0018-NYROU,Fiber optic,0,0,0,0,0,0
7501-VTYLJ,DSL,0,1,0,0,0,0
0480-BIXDE,Fiber optic,0,0,1,0,1,1
5895-QSXOD,Fiber optic,0,0,0,0,0,0
6175-IRFIT,Fiber optic,0,0,0,0,0,1
8760-ZRHKE,DSL,1,1,0,0,1,0
8854-CCVSQ,Fiber optic,0,1,0,0,0,0
6749-UTDVX,Fiber optic,0,1,1,0,1,1
5542-DHSXL,DSL,1,1,0,0,0,0
9102-OXKFY,DSL,0,0,1,0,0,0
0511-JTEOY,Fiber optic,0,0,0,0,0,0
5216-WASFJ,Fiber optic,0,0,0,0,0,1
7067-KSAZT,Fiber optic,0,1,1,0,1,1
2284-VFLKH,Fiber optic,0,0,1,1,1,1
3807-BPOMJ,Fiber optic,1,0,0,0,1,1
3892-NXAZG,Fiber optic,1,1,1,1,1,1
4948-WBBKL,Fiber optic,0,0,0,0,0,0
9300-AGZNL,Fiber optic,0,0,0,0,1,1
0988-AADSA,DSL,1,1,1,1,0,1
9972-NKTFD,DSL,0,1,0,1,0,0
3717-LNXKW,Fiber optic,1,0,0,0,1,0
5734-EJKXG,Fiber optic,1,1,1,1,1,1
9695-IDRZR,Fiber optic,1,1,1,1,1,1
8144-DGHXP,DSL,1,0,1,1,1,1
1112-CUNAO,Fiber optic,0,1,0,0,0,1
5175-AOBHI,DSL,0,0,0,0,0,0
5174-RNGBH,DSL,0,1,0,1,1,0
8631-WUXGY,Fiber optic,0,1,1,0,1,1
7270-BDIOA,Fiber optic,0,0,0,1,1,0
9565-JSNFM,Fiber optic,0,0,0,0,0,0
5906-DVAPM,DSL,1,1,0,1,1,0
8348-JLBUG,Fiber optic,1,0,1,0,0,0
5641-DMBFJ,DSL,1,0,1,1,1,1
9200-NLNPD,DSL,0,0,1,1,1,1
2664-XJZNO,Fiber optic,1,0,1,1,1,1
9732-KPKBW,DSL,1,0,0,1,0,0
3339-EAQNV,Fiber optic,0,1,0,0,1,1
0921-OHLVP,Fiber optic,0,0,0,0,0,1
3389-YGYAI,Fiber optic,0,1,1,0,1,1
9560-ARGQJ,Fiber optic,0,0,0,0,1,0
8350-NYMVI,DSL,0,1,1,1,0,0
1600-DILPE,DSL,0,0,0,0,0,0
0536-ESJEP,DSL,1,1,0,0,1,1
4654-GGUII,DSL,1,1,0,1,0,0
6478-HRRCZ,DSL,1,1,0,1,0,1
2360-RDGRO,Fiber optic,1,0,1,0,1,1
0584-BJQGZ,DSL,1,1,1,1,1,0
5134-IKDAY,Fiber optic,0,0,0,0,0,0
1360-XFJMR,Fiber optic,0,1,1,1,1,1
3070-DVEYC,Fiber optic,0,0,0,0,0,0
5730-RIITO,DSL,1,1,0,0,0,0
9058-MJLZC,Fiber optic,1,0,0,0,1,1
5707-ORNDZ,DSL,1,0,0,0,0,0
0056-EPFBG,DSL,1,0,1,1,0,0
8993-IZEUX,Fiber optic,0,0,0,0,0,0
8696-JKZNU,Fiber optic,0,0,0,0,0,0
5380-AFSSK,Fiber optic,0,0,0,0,1,1
8190-ZTQFB,DSL,0,0,1,0,1,1
0931-MHTEM,Fiber optic,1,1,0,0,1,1
2055-PDADH,Fiber optic,0,0,0,0,0,0
0440-UEDAI,Fiber optic,0,1,1,1,0,1
1337-BOZWO,DSL,0,1,1,0,1,0
0868-VJRDR,Fiber optic,1,1,0,1,1,1
8714-EUHJO,Fiber optic,0,1,0,0,0,1
6344-SFJVH,DSL,0,0,0,0,0,0
3950-VPYJB,DSL,1,1,0,1,0,0
8041-TMEID,Fiber optic,1,1,1,0,1,1
7321-ZNSLA,DSL,1,1,0,1,0,0
6941-KXRRV,DSL,0,1,0,0,0,1
3721-CNEYS,Fiber optic,0,0,0,0,0,0
9475-NNDGC,Fiber optic,0,1,1,1,1,1
1355-KUSBG,DSL,0,0,0,0,0,0
3688-FTHLT,DSL,0,0,0,0,0,1
0899-LIIBW,Fiber optic,0,0,1,0,1,1
2568-OIADY,Fiber optic,0,0,1,0,1,1
1384-RCUXW,Fiber optic,0,1,0,0,0,0
5825-XJOCM,DSL,1,1,1,0,0,0
6848-YLDFR,DSL,0,1,0,1,1,1
8125-QPFJD,DSL,1,0,1,1,1,1
1193-RTSLK,Fiber optic,1,1,1,0,0,0
2302-ANTDP,Fiber optic,1,1,1,1,1,1
5923-GXUOC,Fiber optic,1,1,1,0,1,1
4973-RLZVI,DSL,1,1,1,1,1,0
7869-ZYDST,DSL,0,0,0,0,1,0
4501-UYKBC,DSL,0,0,1,1,0,1
2305-MRGLV,Fiber optic,0,0,0,1,0,0
8404-VIOMB,DSL,1,1,1,1,1,1
5233-GEEAX,DSL,0,0,1,0,0,0
2359-KLTEK,Fiber optic,0,0,1,0,1,1
5304-EFJLP,Fiber optic,0,1,1,1,1,1
4393-RYCRE,Fiber optic,1,1,1,0,1,1
9746-MDMBK,Fiber optic,1,1,1,1,1,1
3162-ZJZFU,Fiber optic,0,1,0,1,1,0
8404-GFGCZ,DSL,0,0,1,0,1,0
8875-AKBYH,Fiber optic,0,0,0,0,1,0
4432-ADRLB,DSL,0,0,0,0,0,0
0533-UCAAU,DSL,0,1,1,0,1,0
1394-SUIUH,Fiber optic,1,1,0,1,0,0
3521-MNKLV,DSL,0,0,1,0,0,0
2533-TIBIX,DSL,1,0,0,0,0,0
8993-PHFWD,DSL,0,0,0,0,0,0
1565-RHDJD,Fiber optic,0,1,1,0,0,0
7137-RYLPP,Fiber optic,0,0,0,0,1,0
3765-JXVKY,Fiber optic,0,1,0,0,0,0
5092-STPKP,DSL,1,0,0,1,0,0
7330-WZLNC,Fiber optic,0,1,0,0,1,0
0114-PEGZZ,Fiber optic,0,1,1,0,1,1
8639-NHQEI,Fiber optic,1,1,0,0,1,0
3957-LXOLK,Fiber optic,0,1,1,0,1,1
3720-DBRWL,DSL,1,1,1,1,1,1
6635-MYYYZ,DSL,1,1,1,1,1,1
8565-WUXZU,Fiber optic,1,1,0,1,0,0
5281-BUZGT,Fiber optic,1,0,0,0,1,0
4994-OBRSZ,DSL,1,1,1,1,0,1
0562-FGDCR,DSL,1,1,0,1,1,0
2436-QBZFP,DSL,0,1,0,0,1,0
3420-YJLQT,Fiber optic,0,1,0,0,0,0
8242-PDSGJ,DSL,1,0,1,1,0,0
0089-IIQKO,Fiber optic,0,0,0,1,1,1
7839-NUIAA,DSL,1,1,0,0,0,0
6075-QMNRR,DSL,1,0,0,0,0,0
5378-IKEEG,DSL,0,0,0,0,1,0
5966-EMAZU,Fiber optic,1,0,1,1,1,1
0440-EKDCF,DSL,0,1,1,1,0,0
2718-GAXQD,DSL,0,0,0,0,0,0
2055-BFOCC,DSL,1,1,1,1,1,1
8180-AKMJV,DSL,0,0,0,0,0,0
4298-OYIFC,Fiber optic,0,0,1,1,1,1
5566-SOEZD,Fiber optic,1,1,0,0,0,0
9842-EFSYY,DSL,1,1,1,0,1,1
2272-WUSPA,Fiber optic,1,1,1,0,1,1
3898-GUYTS,Fiber optic,1,1,0,1,1,0
0930-EHUZA,DSL,1,1,1,1,1,0
6413-XKKPU,Fiber optic,1,0,1,0,1,0
3703-KBKZP,Fiber optic,0,0,0,0,0,0
2626-URJFX,DSL,0,0,0,0,0,0
4973-MGTON,DSL,1,1,1,1,1,1
2612-RRIDN,Fiber optic,0,0,0,0,1,0
4735-ASGMA,Fiber optic,0,0,1,0,1,1
3446-QDSZF,DSL,0,0,0,0,1,0
3669-LVWZB,DSL,0,1,0,0,1,1
6892-EZDTG,Fiber optic,0,1,0,0,1,0
5117-IFGPS,Fiber optic,0,0,0,0,0,1
7379-FNIUJ,Fiber optic,1,1,0,0,1,1
9725-SCPZG,Fiber optic,0,0,0,0,1,1
5884-GCYMI,Fiber optic,0,0,0,0,0,0
3217-FZDMN,Fiber optic,0,0,1,0,1,1
0060-FUALY,Fiber optic,1,1,0,0,1,0
7480-QNVZJ,Fiber optic,0,0,0,0,1,1
6954-OOYZZ,DSL,0,0,0,0,0,0
7088-FBAWU,DSL,1,1,0,0,1,1
8313-AFGBW,DSL,0,1,1,0,1,1
3943-KDREE,Fiber optic,0,0,0,0,0,0
9239-ZBZZV,DSL,0,0,1,0,1,1
3097-IDVPU,DSL,0,0,0,0,0,0
4398-HSCJH,DSL,0,0,0,1,1,0
2197-OMWGI,DSL,0,1,1,0,1,1
9795-VOWON,DSL,0,0,0,0,0,0
7852-LECYP,Fiber optic,1,1,0,0,0,1
4430-UZIPO,DSL,0,1,0,1,0,0
4822-LPTYJ,Fiber optic,0,1,1,0,1,1
8165-CBKXO,DSL,0,1,1,0,1,1
4855-SNKMY,DSL,0,0,0,0,0,0
8008-HAWED,DSL,0,0,1,0,1,1
7124-UGSUR,Fiber optic,0,1,1,0,1,1
1862-SKORY,DSL,0,1,0,0,1,0
5236-XMZJY,DSL,1,1,1,0,0,0
4827-DPADN,DSL,1,0,1,1,1,1
2694-CIUMO,Fiber optic,0,0,0,1,0,0
0909-SDHNU,DSL,1,0,0,0,0,0
4647-XXZAM,DSL,0,0,0,0,0,0
1502-XFCVR,Fiber optic,1,1,1,0,1,1
7740-KKCXF,DSL,0,1,0,0,0,0
5360-XGYAZ,DSL,1,1,1,1,1,1
9692-TUSXH,Fiber optic,1,0,0,0,1,1
7912-SYRQT,Fiber optic,0,0,0,0,0,0
3557-HTYWR,DSL,1,1,0,1,0,1
4816-JBHOV,DSL,0,0,0,0,0,0
8920-NAVAY,Fiber optic,0,1,1,1,1,1
5600-PDUJF,DSL,0,0,0,1,0,0
8292-TYSPY,DSL,0,0,1,1,0,0
0567-XRHCU,DSL,1,0,1,0,0,1
1867-BDVFH,Fiber optic,0,0,0,0,0,0
2067-QYTCF,Fiber optic,0,1,1,1,1,1
2359-QWQUL,Fiber optic,1,0,1,1,1,1
9103-TCIHJ,DSL,1,0,0,0,0,0
0052-DCKON,Fiber optic,1,1,1,1,1,1
3654-ARMGP,DSL,0,1,1,1,1,1
9699-UBQFS,Fiber optic,1,1,0,0,1,0
1261-FWTTE,DSL,0,0,0,0,0,1
3528-HFRIQ,DSL,0,1,1,0,1,1
0708-SJDIS,DSL,0,0,0,1,1,0
2073-QBVBI,DSL,0,1,0,1,0,0
3320-VEOYC,Fiber optic,0,0,0,0,1,1
6617-WLBQC,Fiber optic,1,0,0,0,0,0
2599-CIPQE,Fiber optic,1,1,1,1,1,1
6653-CBBOM,Fiber optic,0,0,0,0,0,0
7326-RIGQZ,Fiber optic,0,0,0,0,0,0
3247-ZVOUO,Fiber optic,0,0,0,0,0,1
0254-FNMCI,Fiber optic,1,1,1,1,1,1
1848-LBZHY,DSL,1,0,0,0,0,0
6101-IMRMM,Fiber optic,0,0,1,0,1,1
8118-TJAFG,Fiber optic,0,1,0,1,1,1
5429-LWCMV,Fiber optic,0,1,0,0,0,1
9758-MFWGD,DSL,0,1,0,0,0,0
3955-JBZZM,Fiber optic,0,0,0,0,1,0
1268-ASBGA,Fiber optic,0,0,0,0,0,1
8943-URTMR,Fiber optic,0,0,0,0,1,0
4713-LZDRV,Fiber optic,0,0,0,0,0,1
9909-IDLEK,Fiber optic,0,1,0,1,1,0
4325-NFSKC,Fiber optic,1,0,0,0,1,0
9927-DSWDF,Fiber optic,1,1,0,1,1,1
9500-LTVBP,Fiber optic,0,0,0,1,0,0
7252-NTGSS,DSL,0,0,0,0,0,0
8149-AIQCG,Fiber optic,0,0,0,0,0,0
1360-JYXKQ,Fiber optic,0,0,1,1,1,1
7762-URZQH,Fiber optic,1,0,1,0,1,1
0899-WZRSD,Fiber optic,1,0,0,1,1,1
3255-GRXMG,DSL,0,0,0,0,0,0
4828-FAZPK,Fiber optic,0,1,0,0,0,0
6094-ZIVKX,DSL,1,0,1,0,0,0
3262-EIDHV,DSL,1,0,1,1,1,1
7354-OIJLX,Fiber optic,0,0,0,0,0,0
1376-HHBDV,DSL,1,0,0,0,0,0
6907-NZZIJ,Fiber optic,0,1,0,0,1,1
6133-OZILE,DSL,0,0,1,1,0,0
4135-FRWKJ,DSL,1,0,1,1,1,0
2911-UREFD,DSL,1,0,1,0,1,1
3744-ZRRDZ,Fiber optic,0,1,0,0,0,0
5673-TIYIB,DSL,0,1,1,1,0,0
7191-ADRGF,DSL,0,1,1,0,1,1
5018-LXQQG,DSL,1,0,0,1,0,1
1602-IJQQE,Fiber optic,0,0,0,0,0,0
4628-WQCQQ,Fiber optic,0,0,1,0,1,0
1746-TGTWV,Fiber optic,0,0,1,0,0,0
5995-SNNEW,Fiber optic,0,1,1,0,1,1
8050-WYBND,DSL,0,0,1,0,1,1
4879-GZLFH,Fiber optic,0,0,1,0,1,1
1644-IRKSF,Fiber optic,0,0,1,0,1,1
9402-ROUMJ,Fiber optic,1,0,1,1,0,1
2507-QZPQS,Fiber optic,0,1,0,1,0,1
7159-NOKYQ,Fiber optic,0,1,1,0,0,1
5707-ZMDJP,DSL,1,1,0,1,1,0
7136-IHZJA,DSL,1,1,0,1,0,1
7074-STDCN,DSL,0,0,0,1,0,1
0277-BKSQP,DSL,0,0,0,0,1,0
6502-HCJTI,Fiber optic,1,1,0,0,0,1
2606-RMDHZ,DSL,0,1,0,0,0,0
2676-SSLTO,DSL,0,0,0,1,1,0
6266-QHOJZ,Fiber optic,1,1,0,1,0,0
7269-JISCY,DSL,0,0,0,0,0,0
0363-SVHYR,DSL,1,1,1,1,1,1
8547-NSBBO,Fiber optic,1,1,1,1,0,0
8258-GSTJK,Fiber optic,0,0,0,0,0,0
9940-RHLFB,Fiber optic,0,0,1,0,0,0
6591-QGOYB,Fiber optic,1,1,1,1,1,0
9070-BCKQP,Fiber optic,1,0,1,1,1,1
6421-SZVEM,Fiber optic,1,0,0,0,0,1
2995-UPRYS,Fiber optic,0,1,0,1,1,1
8878-RYUKI,DSL,0,0,1,0,0,1
9633-DENPU,DSL,0,1,0,0,1,0
7811-JIVPF,DSL,0,0,1,0,0,0
7113-HIPFI,DSL,1,1,1,1,0,0
8541-QVFKM,Fiber optic,0,0,0,0,0,0
6686-YPGHK,Fiber optic,1,0,0,0,0,1
9258-CNWAC,Fiber optic,1,1,1,1,1,1
5371-VYLSX,Fiber optic,1,1,0,0,0,0
6374-AFWOX,DSL,1,1,1,1,0,0
4759-TRPLW,Fiber optic,0,0,0,0,0,0
5317-FLPJF,DSL,1,0,1,1,1,1
7621-VPNET,Fiber optic,0,0,1,1,0,0
6034-YMTOB,Fiber optic,0,0,0,1,0,0
8563-IIOXK,DSL,1,0,0,0,0,0
4903-CNOZC,DSL,0,1,1,0,0,1
4353-HYOJD,DSL,0,1,0,0,0,0
8020-BWHYL,Fiber optic,0,1,0,0,0,0
2982-VPSGI,Fiber optic,0,0,0,0,1,1
4188-FRABG,Fiber optic,1,1,1,1,1,0
8199-ZLLSA,Fiber optic,1,1,1,1,1,1
4128-ETESU,Fiber optic,0,0,1,0,1,1
0620-DLSLK,Fiber optic,0,0,0,0,1,0
4625-EWPTF,DSL,1,0,0,0,0,0
5980-NOPLP,Fiber optic,0,0,0,0,1,1
3850-OKINF,DSL,1,0,0,0,1,0
6892-XPFPU,Fiber optic,0,1,1,0,1,1
8010-EZLOU,Fiber optic,0,1,0,0,0,0
3295-YVUSR,Fiber optic,0,0,0,0,0,0
8016-NCFVO,Fiber optic,1,1,1,1,1,1
4119-ZYPZY,Fiber optic,0,1,0,1,1,1
7577-SWIFR,Fiber optic,0,0,0,0,1,1
6408-OTUBZ,Fiber optic,1,1,1,1,1,0
5204-HMGYF,DSL,1,1,1,1,1,1
1078-TDCRN,DSL,0,1,0,0,0,0
3797-FKOGQ,Fiber optic,0,0,0,0,0,1
7622-NXQZR,DSL,0,0,0,1,0,0
6196-HBOBZ,Fiber optic,1,1,1,0,1,0
5439-WIKXB,Fiber optic,0,1,0,0,1,1
9874-QLCLH,Fiber optic,1,0,1,0,1,1
8294-UIMBA,Fiber optic,0,0,0,1,1,1
8109-YUOHE,DSL,1,1,0,0,0,0
5840-NVDCG,DSL,1,1,0,1,0,1
5928-QLDHB,Fiber optic,0,0,0,0,0,0
9840-EFJQB,Fiber optic,0,1,0,0,0,0
0696-UKTOX,DSL,0,1,0,1,0,0
3472-OAOOR,DSL,1,1,0,0,0,0
6135-OZQVA,DSL,1,0,0,0,0,0
8062-YBDOE,Fiber optic,0,0,0,0,0,0
2252-JHJGE,Fiber optic,1,0,1,0,1,1
4188-PCPIG,DSL,1,1,0,1,1,0
6000-APYLU,Fiber optic,0,0,0,0,0,1
7105-BENQF,DSL,1,0,1,0,0,1
3566-VVORZ,DSL,0,0,0,0,0,0
2480-SQIOB,DSL,0,0,0,0,0,0
0947-IDHRQ,Fiber optic,0,0,0,0,1,0
0128-MKWSG,DSL,1,0,0,1,0,1
3672-YITQD,Fiber optic,0,0,0,0,0,1
4350-ZTLPI,Fiber optic,0,1,1,1,1,1
9048-JVYVF,DSL,0,0,0,1,1,1
0361-HJRDX,DSL,1,1,1,1,1,1
5727-MYATE,DSL,1,1,1,1,1,1
8988-ECPJR,Fiber optic,0,1,0,0,0,0
7570-WELNY,Fiber optic,1,1,0,0,0,0
3021-VLNRJ,DSL,1,0,1,1,1,0
3776-EKTKM,DSL,0,0,0,0,1,0
2080-CAZNM,Fiber optic,0,1,1,0,1,1
1028-FFNJK,Fiber optic,0,0,0,1,1,1
6907-FLBER,DSL,0,1,0,0,0,0
3001-UNBTL,Fiber optic,0,0,1,0,1,1
5982-PSMKW,DSL,1,1,1,1,1,1
1902-XBTFB,Fiber optic,0,1,1,0,1,0
1676-MQAOA,DSL,1,1,1,1,1,0
0786-IVLAW,Fiber optic,0,1,1,0,1,1
7566-DSRLQ,Fiber optic,0,1,1,1,1,1
0643-OKLRP,Fiber optic,1,0,0,0,0,0
7245-JMTTQ,Fiber optic,0,1,1,1,1,1
6050-IJRHS,Fiber optic,0,1,1,0,1,1
8591-TKMZH,Fiber optic,1,1,0,1,1,1
0734-OXWBT,DSL,0,0,0,1,1,1
4282-ACRXS,DSL,0,0,0,0,0,0
0365-TRTPY,Fiber optic,1,1,1,0,0,0
7349-ALMUX,DSL,1,1,1,1,0,0
9381-NDKME,DSL,0,0,1,0,0,1
6502-KUGLL,DSL,1,1,0,1,0,0
1841-YSJGV,Fiber optic,1,1,0,1,1,1
2794-XIMMO,DSL,0,1,1,1,1,1
8382-SHQEH,Fiber optic,0,0,0,0,0,1
3511-BFTJW,DSL,1,1,1,0,0,0
7668-XCFYV,Fiber optic,0,0,0,0,1,1
2983-ZANRP,Fiber optic,0,1,0,0,0,0
3034-ZBEQN,DSL,0,1,1,0,0,0
2282-YGNOR,DSL,1,0,1,1,0,0
5336-UFNZP,Fiber optic,0,1,1,0,1,1
6854-EXGSF,DSL,1,1,1,0,0,0
9233-PSYHO,Fiber optic,0,0,1,0,1,1
5376-PCKNB,Fiber optic,0,1,1,0,1,1
4060-LDNLU,Fiber optic,0,0,0,0,1,1
3589-PPVKW,DSL,0,0,0,0,0,0
8327-LZKAS,Fiber optic,0,0,1,1,1,1
5887-IKKYO,Fiber optic,0,0,1,1,0,1
1075-BGWOH,Fiber optic,0,0,1,0,1,1
0302-JOIVN,Fiber optic,0,1,1,0,1,1
3858-XHYJO,Fiber optic,1,0,1,0,1,1
4299-SIMNS,Fiber optic,1,0,0,0,0,0
7025-IWFHT,Fiber optic,0,1,0,1,1,0
6261-LHRTG,DSL,0,1,1,0,0,0
7841-FCRQD,DSL,0,1,0,1,0,0
2056-EVGZL,Fiber optic,0,1,1,1,1,1
8777-MBMTS,Fiber optic,0,1,1,1,1,1
7753-USQYQ,DSL,0,1,0,1,0,1
5366-IJEQJ,Fiber optic,0,0,1,0,1,0
7661-CPURM,Fiber optic,0,0,0,1,0,1
6233-HXJMX,Fiber optic,0,0,1,0,0,1
1981-INRFU,Fiber optic,0,0,0,0,1,0
4971-PUYQO,Fiber optic,0,0,0,0,1,1
5115-GZDEL,DSL,1,1,1,1,1,1
3338-CVVEH,Fiber optic,0,0,0,0,1,1
8485-GJCDN,Fiber optic,0,0,0,0,0,0
2615-YVMYX,Fiber optic,1,1,1,0,1,1
2851-STERV,DSL,0,0,1,1,1,1
4393-GEADV,Fiber optic,1,1,1,1,1,1
8486-AYEQH,Fiber optic,0,0,0,0,0,0
1527-SXDPN,Fiber optic,0,0,1,1,0,1
6029-WTIPC,Fiber optic,0,0,1,0,1,1
8634-CILSZ,Fiber optic,0,1,0,1,1,1
5419-JKZNQ,Fiber optic,0,0,0,0,0,0
2495-KZNFB,Fiber optic,1,0,0,0,0,1
1409-PHXTF,Fiber optic,0,1,1,1,1,1
4560-WQAQW,DSL,1,0,0,1,0,1
9591-YVTEB,DSL,1,1,0,0,1,0
9309-BZGNT,DSL,0,0,1,0,0,0
4274-DRSQT,Fiber optic,0,1,0,0,1,0
2027-DNKIV,DSL,1,0,1,1,0,0
2885-HIJDH,DSL,1,0,1,1,1,1
5424-RLQLC,DSL,0,1,0,0,1,0
6682-QJDGB,DSL,1,1,0,0,0,0
6507-DTJZV,DSL,0,0,0,0,1,1
8780-IXSTS,Fiber optic,0,1,0,0,1,0
6723-WSNTY,Fiber optic,0,1,1,1,1,1
9530-EHPOH,DSL,0,0,1,0,0,0
2725-IWWBA,DSL,1,0,1,1,0,0
0345-HKJVM,Fiber optic,0,0,0,0,1,1
1061-PNTHC,Fiber optic,1,0,1,1,1,1
6574-MCOEH,DSL,0,0,1,1,1,1
7399-QHBJS,DSL,1,1,0,1,0,0
3049-SOLAY,Fiber optic,0,0,0,0,1,1
0997-YTLNY,DSL,0,0,0,1,0,0
3317-HRTNN,DSL,0,0,0,0,1,1
9479-HYNYL,DSL,0,1,1,1,1,1
3235-ETOOB,Fiber optic,1,0,0,0,0,0
8058-INTPH,Fiber optic,0,0,0,0,1,0
3642-GKTCT,Fiber optic,1,1,1,1,1,1
0774-RMNUW,DSL,1,1,0,1,1,1
1334-PDUKM,Fiber optic,0,1,1,0,0,0
0756-MPZRL,DSL,0,0,1,1,0,0
2242-MFOTG,Fiber optic,1,0,0,0,0,0
2927-CVULT,Fiber optic,1,1,1,1,0,1
2144-BFDSO,Fiber optic,1,1,1,0,1,1
8745-PVESG,DSL,1,0,1,1,0,0
5647-FXOTP,Fiber optic,0,1,1,0,1,1
5569-OUICF,Fiber optic,0,0,0,1,1,1
8821-XNHVZ,Fiber optic,0,0,0,0,1,0
2082-OJVTK,Fiber optic,0,0,1,0,0,1
9700-ISPUP,DSL,0,1,0,1,0,1
9839-ETQOE,DSL,1,1,1,0,0,0
6078-VESFR,Fiber optic,0,0,0,0,0,0
9027-TMATR,DSL,1,0,1,1,1,1
5940-NFXKV,Fiber optic,0,0,0,0,0,1
1941-HOSAM,Fiber optic,0,0,0,0,1,1
9110-HSGTV,DSL,1,0,1,1,1,1
6171-ZTVYB,DSL,1,1,0,1,0,0
9564-KCLHR,DSL,0,0,0,1,0,0
1935-IMVBB,Fiber optic,0,0,0,0,1,1
2535-PBCGC,DSL,1,1,1,1,1,1
2082-CEFLT,DSL,0,0,0,0,0,0
1470-PSXNM,Fiber optic,0,1,1,0,1,0
1213-NGCUN,DSL,0,0,0,1,0,0
2498-XLDZR,DSL,1,1,1,1,0,1
9866-OCCKE,Fiber optic,1,0,1,1,1,1
5338-YHWYT,DSL,1,1,0,1,0,0
7718-UPSKJ,Fiber optic,1,1,0,1,1,1
8731-WBBMB,DSL,0,1,1,1,1,1
1448-CYWKC,Fiber optic,0,1,1,0,1,1
7901-IIDQV,DSL,0,0,0,1,0,0
0334-ZFJSR,DSL,1,1,0,1,0,0
2894-QOJRX,DSL,0,0,0,0,1,0
5747-PMBSQ,Fiber optic,0,1,1,1,1,0
5583-EJXRD,DSL,1,1,1,1,0,1
4565-EVZMJ,DSL,1,1,0,1,0,0
3143-JQEGI,Fiber optic,0,0,0,0,1,1
6386-SZZKH,Fiber optic,0,1,1,1,1,1
3327-YBAKM,Fiber optic,1,0,0,1,1,1
6705-LNMDD,DSL,0,0,0,1,0,0
2580-ASVVY,DSL,1,0,0,1,1,0
3370-GQEAL,Fiber optic,0,0,0,0,1,0
5032-USPKF,DSL,1,1,1,0,1,1
2982-IHMFT,Fiber optic,0,0,0,0,0,0
3521-SYVOR,DSL,0,0,0,0,1,1
4254-QPEDE,DSL,1,1,1,1,1,1
6283-GITPX,DSL,1,1,1,1,1,0
9526-JAWYF,Fiber optic,0,1,1,0,1,0
0771-CHWSK,DSL,1,1,1,0,0,1
9788-HNGUT,Fiber optic,1,1,1,1,1,1
9495-REDIY,DSL,1,0,0,0,1,0
5375-XLDOF,Fiber optic,1,1,1,1,1,1
1172-VIYBP,DSL,1,1,0,0,0,1
5649-VUKMC,Fiber optic,0,0,1,0,1,1
6559-PDZLR,Fiber optic,0,0,1,1,1,1
8992-OBVDG,DSL,0,0,1,0,0,1
4273-MBHYA,Fiber optic,0,0,0,0,1,1
4724-WXVWF,Fiber optic,1,0,0,1,0,1
5701-GUXDC,DSL,1,0,1,0,0,0
5143-EGQFK,DSL,0,0,0,1,0,0
4919-IKATY,Fiber optic,1,0,1,0,0,0
9050-QLROH,Fiber optic,0,0,1,0,0,1
8232-CTLKO,DSL,1,0,0,0,1,0
9227-YBAXE,DSL,1,1,0,1,1,1
6168-WFVVF,Fiber optic,0,0,0,0,0,0
0112-QAWRZ,Fiber optic,0,0,1,0,1,0
0877-SDMBN,Fiber optic,1,0,1,0,1,1
2786-GCDPI,Fiber optic,0,0,1,1,1,1
4043-MKDTV,Fiber optic,0,1,1,1,1,1
8065-YKXKD,Fiber optic,0,0,0,0,0,0
9637-EIHEQ,DSL,0,0,0,1,0,0
8313-KTIHG,DSL,0,0,0,1,1,0
5320-BRKGK,DSL,1,0,1,1,1,0
6284-KMNUF,Fiber optic,1,0,0,0,1,1
9689-PTNPG,Fiber optic,0,0,0,0,1,0
9465-RWMXL,Fiber optic,0,0,1,0,0,0
6229-UOLQL,DSL,1,1,0,1,1,0
2362-IBOOY,Fiber optic,0,0,0,0,0,1
3137-LUPIX,DSL,0,0,0,1,1,0
0843-WTBXE,Fiber optic,0,0,0,0,1,0
6143-JQKEA,DSL,0,0,0,0,0,0
8676-OOQEJ,DSL,0,0,0,1,0,0
9701-CDXHR,Fiber optic,0,0,0,0,0,0
7450-NWRTR,Fiber optic,0,0,1,0,1,1
8124-NZVGJ,DSL,0,0,0,1,1,1
2162-FRZAA,DSL,0,1,1,1,0,0
5376-DEQCP,Fiber optic,0,0,0,0,0,0
5118-MUEYH,Fiber optic,0,1,0,1,1,1
9095-HFAFX,Fiber optic,0,0,0,0,1,0
2379-ENZGV,Fiber optic,0,1,0,0,1,0
4067-HLYQI,Fiber optic,0,0,0,0,0,0
0292-WEGCH,DSL,0,1,1,1,1,1
8910-ICHIU,Fiber optic,1,1,1,0,1,0
4097-YODCF,Fiber optic,1,1,0,0,1,1
9715-WZCLW,Fiber optic,1,0,0,0,1,1
9786-YWNHU,DSL,1,1,1,1,0,0
6005-OBZPH,Fiber optic,0,1,0,0,1,0
4049-ZPALD,Fiber optic,1,0,1,0,1,1
7932-WPTDS,DSL,0,0,0,0,0,0
3733-UOCWF,Fiber optic,0,1,0,1,0,0
6833-JMZYP,Fiber optic,0,0,1,0,1,1
2722-VOJQL,Fiber optic,0,1,0,1,1,1
1310-QRITU,DSL,0,0,0,0,0,0
8961-QDZZJ,Fiber optic,0,1,0,0,1,1
9715-SBVSU,DSL,1,1,0,0,0,1
8490-BXHEO,Fiber optic,0,1,0,0,0,0
7173-TETGO,Fiber optic,1,0,0,0,0,0
7929-SKFGK,Fiber optic,1,1,1,1,1,1
3563-SVYLG,DSL,1,1,1,1,0,0
5228-EXCET,Fiber optic,0,0,0,0,0,1
6435-VWCCY,Fiber optic,1,1,0,0,1,0
4998-IKFSE,Fiber optic,0,0,1,0,1,1
8630-QSGXK,DSL,0,0,0,1,1,1
2455-USLMV,Fiber optic,1,0,1,0,0,0
7394-FKDNK,Fiber optic,0,0,0,0,1,1
9488-FVZCC,DSL,1,1,1,1,0,1
6331-LWDTQ,DSL,0,0,0,0,1,1
1597-FZREH,DSL,0,0,1,1,1,1
7879-CGSFV,Fiber optic,1,1,0,0,1,1
9921-EZKBY,Fiber optic,1,0,1,0,0,1
7432-FFVAR,Fiber optic,0,0,1,1,0,1
7246-ZGQDF,DSL,1,0,0,1,0,0
7000-WCEVQ,DSL,0,0,0,0,0,1
0727-IWKVK,Fiber optic,0,1,1,0,0,0
5959-BELXA,Fiber optic,0,0,0,0,1,1
4456-RHSNB,DSL,0,0,1,0,0,0
3512-IZIKN,DSL,1,0,1,1,0,0
7109-MFBYV,DSL,0,0,0,0,0,0
1833-TCXKK,Fiber optic,0,1,1,0,1,1
1832-PEUTS,Fiber optic,0,0,1,0,1,0
8660-BUETV,DSL,0,0,0,0,0,0
0580-PIQHM,Fiber optic,1,1,1,0,0,1
5696-CEIQJ,Fiber optic,0,1,1,1,1,1
7503-ZGUZJ,Fiber optic,0,0,0,0,1,0
1696-HXOWK,Fiber optic,1,1,0,0,1,0
3026-ATZYV,DSL,1,1,0,0,1,1
4012-YCFAI,DSL,1,1,0,1,0,0
2506-TNFCO,Fiber optic,0,0,0,0,0,0
8718-PTMEZ,DSL,0,1,0,0,0,0
9496-IVVRP,DSL,1,0,0,0,0,0
2207-OBZNX,DSL,1,0,0,0,0,0
2657-VPXTA,Fiber optic,0,0,0,0,1,1
1221-GHZEP,DSL,1,0,0,1,0,1
9289-LBQVU,DSL,0,1,0,1,0,1
6142-VSJQO,DSL,0,0,0,0,0,0
6933-FHBZC,DSL,0,1,1,0,0,0
9770-KXGQU,Fiber optic,1,1,1,0,1,0
6437-UKHMV,Fiber optic,0,0,0,0,1,0
6538-POCHL,Fiber optic,0,1,1,0,0,0
6726-NNFWD,Fiber optic,0,1,1,0,0,1
3002-WQZWT,Fiber optic,0,0,0,0,0,0
4277-UDIEF,DSL,1,0,0,1,1,1
1208-NBVFH,DSL,0,0,1,0,0,0
4912-PIGUY,Fiber optic,0,0,0,0,1,0
1114-CENIM,DSL,0,1,0,0,0,0
6060-DRTNL,Fiber optic,0,0,1,0,1,0
2725-TTRIQ,DSL,1,0,1,1,1,1
3374-TTZTK,Fiber optic,1,1,1,1,1,1
8990-ZXLSU,Fiber optic,0,0,0,0,0,0
2275-RBYQS,DSL,0,0,0,0,0,0
8473-VUVJN,Fiber optic,0,0,0,0,0,0
6289-CPNLD,DSL,0,0,1,1,1,1
5536-SLHPM,Fiber optic,0,0,1,0,0,0
4419-UJMUS,Fiber optic,0,0,0,1,1,1
7794-JASDG,DSL,1,0,0,0,0,0
7609-YBPXG,DSL,1,0,1,1,1,1
7856-GANIL,Fiber optic,0,1,1,1,1,0
0804-XBFBV,DSL,0,0,0,0,0,0
2676-OXPPQ,DSL,1,1,0,0,0,0
3703-TTEPD,DSL,1,0,1,0,1,0
0196-VULGZ,Fiber optic,0,0,0,0,0,1
8837-VVWLQ,Fiber optic,1,0,0,0,1,0
2696-NARTR,Fiber optic,0,0,0,1,0,0
7614-QVWQL,DSL,0,1,0,0,1,1
1976-CFOCS,DSL,0,0,0,0,0,0
4631-OACRM,Fiber optic,0,0,0,0,0,1
7139-JZFVG,DSL,1,1,1,0,0,0
4987-GQWPO,DSL,0,0,0,0,0,0
3755-JBMNH,Fiber optic,0,0,0,0,0,0
6345-ULYRW,Fiber optic,0,1,0,0,0,1
4776-XSKYQ,DSL,0,0,0,1,0,0
5753-QQWPW,DSL,1,1,0,1,0,0
1809-DMJHQ,DSL,0,0,0,0,0,0
6693-FRIRW,Fiber optic,0,1,1,0,1,1
6586-MYGKD,DSL,1,0,0,1,1,1
3173-NVMPX,DSL,0,1,0,0,0,0
0248-PGHBZ,Fiber optic,1,1,0,1,1,0
0623-GDISB,DSL,1,0,0,0,0,0
6923-EFPNL,DSL,0,0,0,0,0,0
7472-EQOAV,Fiber optic,1,1,1,0,0,0
9574-RKJIF,Fiber optic,1,1,0,0,1,0
2043-WVTQJ,DSL,1,0,1,0,0,0
8034-RYTVV,Fiber optic,1,0,1,0,0,0
3863-QSTYI,DSL,0,0,1,1,1,0
2619-WFQWU,Fiber optic,0,0,0,0,0,0
5044-LRQAQ,Fiber optic,0,0,0,0,0,0
1716-LSAMB,DSL,1,0,0,1,0,0
5985-BEHZK,Fiber optic,0,1,1,0,1,1
9127-QRZMH,DSL,1,1,0,1,0,0
9644-KVCNC,Fiber optic,0,0,1,0,1,0
2137-DQMEV,DSL,1,1,0,0,1,0
9279-CJEOJ,Fiber optic,0,0,0,0,1,1
7964-VEXDG,Fiber optic,1,0,0,0,0,0
2404-JIBFC,DSL,1,0,1,1,1,1
0778-NELLA,DSL,0,0,0,0,1,0
8029-XYPWT,Fiber optic,1,1,1,1,1,1
4614-NUVZD,Fiber optic,0,0,0,0,0,1
6804-GDMOI,Fiber optic,0,0,1,1,1,1
2990-OGYTD,DSL,0,1,1,1,1,1
6646-JPPHA,Fiber optic,1,1,0,0,0,0
9572-MTILT,Fiber optic,1,1,1,1,1,0
7658-UYUQS,Fiber optic,0,0,1,0,1,0
7880-XSOJX,DSL,1,1,0,1,0,0
9611-CTWIH,Fiber optic,0,0,0,0,1,1
0329-GTIAJ,Fiber optic,0,1,0,1,1,1
6629-CZTTH,DSL,0,0,0,0,0,1
5364-EVNIB,Fiber optic,0,1,1,0,0,0
6918-UMQCG,Fiber optic,0,0,0,0,1,0
0675-NCDYU,Fiber optic,1,1,1,1,1,1
6339-DKLMK,DSL,0,1,0,0,0,0
1346-PJWTK,Fiber optic,0,1,1,1,0,1
8023-QHAIO,Fiber optic,0,0,0,1,0,0
3057-VJJQE,DSL,1,0,0,0,0,0
5087-SUURX,DSL,0,0,1,0,1,0
2302-OUZXB,DSL,0,1,1,0,1,1
8133-ANHHJ,Fiber optic,1,1,1,1,0,1
2270-CHBFN,Fiber optic,1,1,1,1,0,0
0013-EXCHZ,Fiber optic,0,0,0,1,1,0
5982-FPVQN,Fiber optic,0,1,1,0,0,1
9107-UKCKY,DSL,0,1,1,0,1,1
4654-ULTTN,DSL,1,0,1,1,0,1
5550-VFRLC,Fiber optic,0,0,0,0,0,0
1492-KGETH,DSL,1,1,1,1,0,1
4929-BSTRX,DSL,0,0,0,0,1,0
2225-ZRGSG,Fiber optic,1,1,1,1,0,0
5271-YNWVR,Fiber optic,1,1,1,1,1,1
2657-ALMWY,Fiber optic,0,1,0,0,0,1
6330-JKLPC,Fiber optic,0,1,0,0,0,0
1707-HABPF,Fiber optic,0,1,1,0,1,0
1660-HSOOQ,DSL,0,0,1,0,0,0
7253-UVNDW,DSL,0,0,1,1,0,0
7228-OMTPN,Fiber optic,0,0,0,0,1,1
4508-OEBEY,DSL,1,1,1,1,0,1
0027-KWYKW,Fiber optic,0,0,0,0,1,0
6284-AHOOQ,Fiber optic,0,0,0,1,1,0
2344-JMOGN,Fiber optic,0,1,1,1,1,0
3799-ISUZQ,Fiber optic,0,0,0,0,0,0
2877-VDUER,DSL,0,0,0,1,1,0
9152-AMKAK,DSL,1,0,1,1,1,1
1794-HBQTJ,DSL,1,0,0,0,0,0
9432-VOFYX,Fiber optic,0,0,0,0,0,0
8049-WJCLQ,DSL,0,0,1,0,1,0
6586-PSJOX,DSL,0,0,1,1,0,0
2460-FPSYH,DSL,1,1,0,0,1,1
9705-ZJBCG,DSL,1,0,0,1,0,0
4818-DRBQT,Fiber optic,0,1,0,0,0,0
1320-HTRDR,Fiber optic,0,0,0,0,0,0
6847-KJLTS,Fiber optic,0,0,0,1,1,1
9670-BPNXF,DSL,1,1,0,1,0,0
3913-FCUUW,DSL,1,1,1,1,0,0
3301-VKTGC,Fiber optic,1,1,0,0,0,0
9555-SAHUZ,DSL,1,1,0,0,0,0
4619-EVPHY,Fiber optic,0,0,0,0,1,1
5286-YHCVC,Fiber optic,0,1,1,0,1,1
6424-ELEYH,Fiber optic,0,0,0,0,0,0
4391-RESHN,Fiber optic,0,0,1,1,1,1
9115-YQHGA,DSL,0,0,0,1,0,0
4462-CYWMH,Fiber optic,0,1,0,0,0,1
2458-EOMRE,DSL,1,0,1,0,0,1
9334-GWGOW,Fiber optic,0,0,0,0,0,0
6821-BUXUX,Fiber optic,1,1,0,0,1,0
9801-GDWGV,Fiber optic,0,1,1,0,1,1
6542-LWGXJ,DSL,0,0,0,0,0,0
2087-QAREY,DSL,0,1,1,0,0,0
0601-WZHJF,DSL,0,0,0,0,1,1
4423-JWZJN,Fiber optic,0,0,1,0,0,1
5393-RXQSZ,Fiber optic,0,0,0,0,0,1
0231-LXVAP,Fiber optic,0,0,0,1,0,0
9444-JTXHZ,Fiber optic,0,0,1,0,0,0
4942-VZZOM,DSL,1,0,0,0,1,0
7502-BNYGS,DSL,0,1,0,0,1,1
4291-HYEBC,DSL,0,1,0,0,0,1
6047-SUHPR,DSL,1,1,1,0,0,0
4471-KXAUH,Fiber optic,0,0,1,1,0,0
9752-ZNQUT,DSL,0,1,0,0,0,0
7638-QVMVY,Fiber optic,0,0,0,0,1,0
1576-PFZIW,Fiber optic,1,1,1,0,1,1
7312-XSBAT,DSL,1,0,0,0,0,0
3096-GKWEB,Fiber optic,0,0,0,0,1,1
2371-JQHZZ,Fiber optic,0,0,0,0,1,1
0674-GCDXG,DSL,1,0,1,1,0,1
1121-QSIVB,DSL,0,1,0,0,1,1
3244-DCJWY,Fiber optic,0,0,0,0,0,0
2824-MYYBN,Fiber optic,0,0,0,0,1,1
0875-CABNR,Fiber optic,0,0,1,0,0,1
6345-HOVES,DSL,0,0,0,0,0,0
8318-LCNBW,DSL,1,0,1,0,1,1
0147-ESWWR,Fiber optic,0,0,0,1,1,1
1217-VASWC,Fiber optic,0,1,1,0,1,1
5915-DGNVC,DSL,1,1,1,0,0,1
3566-CAAYU,DSL,0,1,1,1,0,1
4983-CCWMC,Fiber optic,0,0,0,0,0,0
2896-TBNBE,Fiber optic,0,1,1,0,0,0
4797-AXPXK,DSL,1,1,0,1,0,0
5229-PRWKT,Fiber optic,0,0,0,0,0,1
2522-WLNSF,DSL,0,0,1,1,1,0
3841-CONLJ,DSL,0,0,0,0,0,1
5057-LCOUI,DSL,0,0,1,0,1,1
0193-ESZXP,Fiber optic,1,1,0,1,1,1
4369-HTUIF,Fiber optic,1,0,0,0,1,0
9386-LDCZR,Fiber optic,1,1,1,1,0,0
5399-ZIMKF,Fiber optic,0,1,0,0,0,0
0336-KXKFK,DSL,1,0,1,1,1,1
3948-FVVRP,DSL,0,1,0,1,0,0
5327-XOKKY,DSL,0,0,1,0,1,1
0983-TATYJ,DSL,0,0,0,1,0,0
1813-JYWTO,Fiber optic,1,0,0,0,0,0
0156-FVPTA,DSL,1,0,0,1,0,0
1984-FCOWB,Fiber optic,0,1,1,1,1,1
0654-HMSHN,Fiber optic,0,1,1,0,1,1
6719-OXYBR,Fiber optic,0,0,1,0,1,0
3312-ZWLGF,Fiber optic,0,0,0,1,0,0
6476-YHMGA,DSL,0,1,1,1,1,1
5287-QWLKY,Fiber optic,1,1,0,0,1,1
0168-XZKBB,Fiber optic,0,0,0,0,1,0
5196-SGOAK,Fiber optic,0,1,0,0,0,0
4537-DKTAL,DSL,0,0,0,0,0,0
7072-MBHEV,Fiber optic,0,0,1,0,0,0
6297-NOOPG,Fiber optic,0,1,1,1,1,1
1891-UAWWU,Fiber optic,0,0,1,0,1,0
8050-DVOJX,DSL,1,1,1,1,0,1
6108-OQZDQ,Fiber optic,0,1,0,0,1,1
0363-QJVFX,Fiber optic,1,1,0,1,1,1
8903-XEBGX,DSL,0,0,0,0,0,1
8169-SAEJD,DSL,1,1,0,0,1,1
9840-DVNDC,Fiber optic,0,0,0,0,1,0
2325-WINES,Fiber optic,0,1,1,0,1,1
6064-ZATLR,DSL,1,1,0,0,0,0
3096-JRDSO,Fiber optic,1,0,0,1,1,1
7824-PANSQ,Fiber optic,0,0,0,1,0,0
8042-JVNFH,Fiber optic,0,0,0,0,0,0
8707-HOEDG,Fiber optic,0,1,1,1,1,1
3374-LXDEV,Fiber optic,0,1,1,1,0,0
4072-IPYLT,DSL,1,0,0,0,0,0
1580-BMCMR,Fiber optic,1,0,0,0,0,1
6408-WHTEF,DSL,1,1,1,1,1,1
7989-VCQOH,DSL,1,0,1,1,1,1
4199-QHJNM,Fiber optic,0,1,0,1,1,1
8882-TLVRW,DSL,1,0,1,1,0,0
5883-GTGVD,Fiber optic,0,1,0,0,1,1
5135-GRQJV,Fiber optic,1,1,1,1,1,1
1371-WEPDS,DSL,0,0,0,0,0,1
4817-QRJSX,Fiber optic,0,1,0,0,0,0
9730-DRTMJ,DSL,1,0,0,1,1,0
4686-UXDML,Fiber optic,0,1,0,0,1,1
3349-ANQNH,Fiber optic,0,0,1,0,1,1
2398-YPMUR,Fiber optic,0,0,0,0,0,0
5937-EORGB,Fiber optic,1,0,1,0,1,0
9985-MWVIX,Fiber optic,0,0,0,0,0,0
4583-PARNH,Fiber optic,0,0,1,1,0,1
1116-FRYVH,DSL,1,1,0,1,0,0
1421-HCERK,Fiber optic,1,1,1,1,1,0
9633-XQABV,Fiber optic,0,0,0,0,0,0
0716-BQNDX,Fiber optic,1,0,0,1,0,1
1265-XTECC,Fiber optic,1,1,0,0,0,1
1183-CANVH,DSL,0,0,0,1,1,0
1972-XMUWV,DSL,0,0,0,1,1,0
8679-LZBMD,Fiber optic,0,0,0,0,1,1
3407-JMJQQ,Fiber optic,1,1,1,0,1,1
6252-DFGTK,DSL,1,0,1,1,0,0
8645-KOMJQ,DSL,0,1,1,1,1,1
0289-IVARM,DSL,1,1,1,0,0,0
9761-XUJWD,DSL,0,1,0,1,0,1
4057-FKCZK,Fiber optic,0,0,0,0,1,0
4291-TPNFG,DSL,1,1,1,1,0,1
6087-YPWHO,DSL,1,1,1,1,0,0
2237-ZFSMY,Fiber optic,1,0,1,1,1,0
1818-ESQMW,Fiber optic,0,0,1,1,0,1
4871-JTKJF,Fiber optic,0,0,0,0,0,0
1415-YFWLT,Fiber optic,0,0,0,0,1,1
7401-RUBNK,Fiber optic,1,0,0,0,0,0
8661-BOYNW,DSL,1,0,1,1,1,1
6711-VTNRE,Fiber optic,0,0,1,1,0,1
4815-GBTCD,DSL,0,0,0,0,0,0
0980-PVMRC,DSL,0,1,0,0,1,1
7233-DRTRF,Fiber optic,0,1,1,0,1,1
3500-RMZLT,Fiber optic,1,0,1,1,0,1
3873-NFTGI,DSL,0,1,0,0,0,0
1162-ECVII,Fiber optic,0,1,1,1,1,1
7048-GXDAY,Fiber optic,1,1,0,0,1,1
8571-ZCMCX,DSL,1,1,1,0,1,1
1169-WCVAK,Fiber optic,1,1,0,1,0,0
4548-SDBKE,Fiber optic,0,0,0,0,1,0
8066-POXGX,DSL,0,0,0,0,0,1
7129-CAKJW,Fiber optic,0,0,1,0,0,0
8695-ARGXZ,Fiber optic,0,0,0,0,0,0
3570-YUEKJ,DSL,0,1,0,0,0,0
4143-OOBWZ,Fiber optic,0,1,0,0,0,0
1697-NVVGY,DSL,1,0,1,0,1,0
2419-FSORS,Fiber optic,0,1,1,1,1,1
8132-YPVBX,Fiber optic,0,1,0,0,0,1
9102-IAYHT,Fiber optic,0,0,0,0,0,1
6754-LZUKA,DSL,0,1,1,0,1,1
3422-LYEPQ,Fiber optic,0,0,0,0,0,0
8099-MZPUJ,Fiber optic,1,1,1,1,1,1
2642-DTVCO,Fiber optic,0,0,0,0,0,1
0374-IOEGQ,DSL,0,0,0,0,0,0
4361-JEIVL,DSL,0,0,0,0,0,0
3197-NNYNB,Fiber optic,0,1,1,0,1,1
3396-DKDEL,Fiber optic,1,1,1,1,1,1
1752-OZXFY,DSL,1,0,0,0,1,0
9112-WSNPU,Fiber optic,0,0,0,0,0,0
5321-NTRKC,DSL,0,1,1,0,1,1
1363-TXLSL,Fiber optic,0,0,0,0,0,0
9507-EXLTT,Fiber optic,0,0,0,0,1,0
3161-GETRM,Fiber optic,0,0,1,0,0,1
6933-VLYFX,DSL,1,0,1,1,1,1
9846-GKXAS,Fiber optic,0,0,0,0,1,1
6017-PPLPX,Fiber optic,0,0,0,0,0,0
4976-LNFVV,DSL,0,1,1,0,0,0
5055-MGMGF,Fiber optic,1,0,1,0,1,1
2969-QWUBZ,DSL,0,1,0,0,1,1
9822-BIIGN,DSL,1,0,0,1,0,1
2077-MPJQO,Fiber optic,0,0,0,0,0,0
1534-OULXE,DSL,1,0,0,0,0,0
7136-RVDTZ,DSL,0,0,0,0,1,1
2971-SGAFL,DSL,1,0,1,0,1,1
1480-IVEVR,Fiber optic,0,0,1,0,0,0
2905-KFQUV,Fiber optic,0,0,0,0,0,0
4581-SSPWD,Fiber optic,0,0,0,0,0,0
3370-HXOPH,Fiber optic,0,0,0,0,0,0
9391-YZEJW,Fiber optic,0,0,0,0,1,1
9958-MEKUC,Fiber optic,1,1,1,1,0,1
6927-WTFIV,Fiber optic,0,0,0,0,0,0
4118-CEVPF,Fiber optic,1,1,1,1,1,1
3398-ZOUAA,Fiber optic,0,0,0,0,0,0
9114-VEPUF,Fiber optic,1,1,0,0,0,1
7876-BEUTG,DSL,0,0,0,0,0,0
2338-BQEZT,DSL,1,0,0,0,0,0
9873-MNDKV,DSL,0,0,0,0,0,0
0378-NHQXU,Fiber optic,0,0,1,0,1,0
2194-IIQOF,DSL,1,1,1,1,1,1
4512-ZUIYL,Fiber optic,0,0,0,0,0,0
9584-EXCDZ,Fiber optic,0,0,0,0,0,0
7969-AULMZ,Fiber optic,0,0,0,0,1,1
9214-EKVXR,DSL,0,0,0,0,0,0
3410-MHHUM,Fiber optic,0,1,1,0,0,1
0733-VUNUW,DSL,1,0,0,0,0,0
4550-EVXNY,Fiber optic,0,0,0,0,0,0
2122-YWVYA,Fiber optic,1,0,0,0,0,0
2968-SSGAA,Fiber optic,0,0,1,0,1,1
2296-DKZFP,DSL,1,1,1,0,0,1
4844-JJWUY,Fiber optic,0,1,0,0,0,1
6777-TGHTM,Fiber optic,1,0,1,0,1,1
6603-YRDCJ,DSL,1,1,0,1,0,0
3538-WZPHD,DSL,0,1,0,0,0,0
3229-USWAR,DSL,1,0,1,1,1,1
4785-QRJHC,DSL,0,1,1,1,1,1
4316-XCSLJ,DSL,1,0,0,0,0,0
8610-WFCJF,Fiber optic,0,0,0,0,1,1
9693-XMUOB,DSL,0,1,0,0,1,1
0383-CLDDA,DSL,1,0,1,1,1,1
4905-JEFDW,DSL,0,0,1,0,1,0
2709-UQGNP,DSL,1,0,0,0,0,0
7881-INRLC,Fiber optic,0,1,0,0,1,1
8033-ATFAS,DSL,0,0,1,0,1,0
9943-VSZUV,Fiber optic,0,0,0,0,0,0
0117-LFRMW,DSL,1,1,1,0,0,0
6172-FECYY,Fiber optic,0,0,0,0,1,0
7054-ENNGU,DSL,0,1,0,0,0,0
1455-HFBXA,Fiber optic,1,0,1,1,0,0
9402-CXWPL,Fiber optic,0,1,0,0,1,1
1628-BIZYP,Fiber optic,0,1,0,0,0,1
1965-AKTSX,Fiber optic,0,1,0,0,0,0
0082-LDZUE,DSL,0,0,0,0,0,0
5343-SGUBI,Fiber optic,0,1,0,0,0,0
0856-NAOES,DSL,0,0,1,0,1,0
1976-AZZPJ,DSL,1,1,0,0,0,0
7248-VZQLC,Fiber optic,0,1,1,0,0,0
6156-UZDLF,Fiber optic,1,0,1,1,0,0
3099-OONVS,DSL,1,0,0,1,0,0
5183-KLYEM,Fiber optic,1,1,1,1,1,1
6625-IUTTT,DSL,1,0,1,0,0,1
9355-NPPFS,Fiber optic,0,0,0,0,0,1
0068-FIGTF,DSL,0,1,1,1,1,1
5965-GGPRW,Fiber optic,1,0,1,0,1,1
8035-PWSEV,Fiber optic,0,0,1,1,0,1
1840-BIUOG,DSL,0,1,0,1,1,0
1356-MKYSK,DSL,1,0,1,1,1,1
5828-DWPIL,Fiber optic,1,1,1,0,0,0
8398-TBIYD,Fiber optic,1,0,0,1,0,0
0011-IGKFF,Fiber optic,0,1,1,0,1,1
4192-GORJT,Fiber optic,0,0,1,0,1,1
6496-SLWHQ,Fiber optic,0,1,1,0,1,1
9912-GVSEQ,Fiber optic,0,1,1,0,0,1
2931-FSOHN,DSL,0,1,0,0,1,0
5383-MMTWC,Fiber optic,0,0,0,0,0,1
9971-ZWPBF,Fiber optic,0,1,1,1,1,1
4712-AUQZO,DSL,1,0,1,0,0,0
9711-FJTBX,Fiber optic,0,1,1,1,0,0
2908-ZTPNF,DSL,0,1,0,1,0,0
7240-ETPTR,DSL,0,0,1,0,1,1
2202-CUYXZ,Fiber optic,0,0,1,0,1,0
5995-OIGLP,DSL,1,0,0,1,0,0
8421-WZOOW,Fiber optic,0,1,1,1,1,0
6261-RCVNS,DSL,1,1,1,1,0,1
1414-YADCW,Fiber optic,1,1,0,1,0,0
8756-RDDLT,DSL,0,1,0,1,0,1
2862-PFNIK,DSL,0,0,0,0,0,0
5816-QVHRX,Fiber optic,0,0,0,1,1,1
6888-SBYAI,DSL,1,0,0,0,0,0
7395-XWZOY,DSL,1,1,1,1,1,0
7169-YWAMK,DSL,1,1,0,1,1,0
3640-PHQXK,Fiber optic,0,0,1,0,0,1
6877-LGWXO,Fiber optic,0,0,0,0,0,1
6859-RKMZJ,DSL,0,0,0,0,1,0
2957-JIRMN,Fiber optic,0,0,0,0,1,0
2049-BAFNW,DSL,0,0,1,1,0,0
3842-QTGDL,Fiber optic,1,1,0,0,0,0
7163-OCEQI,DSL,0,0,1,1,1,1
9782-LGXMC,DSL,1,0,1,1,0,0
5975-BAICR,DSL,1,0,1,0,0,1
8019-ENHXU,Fiber optic,0,1,1,1,0,1
5167-GBFRE,DSL,0,0,0,0,0,0
9033-EOXWV,DSL,0,0,0,1,1,1
4673-KKSLS,Fiber optic,1,0,1,1,0,0
4853-OITSN,Fiber optic,1,0,0,0,0,1
1324-NLTJE,DSL,0,0,0,1,0,0
2324-EFHVG,Fiber optic,0,1,1,0,1,1
1522-VVDMG,Fiber optic,0,1,0,1,1,0
6907-CQGPN,DSL,0,1,0,1,0,0
0239-OXEXL,Fiber optic,1,1,0,0,0,0
7049-GKVZY,DSL,1,1,0,1,1,1
0212-ISBBF,DSL,0,1,0,0,1,1
9185-TQCVP,Fiber optic,0,0,0,0,0,1
3585-YNADK,DSL,0,1,1,1,1,0
5271-DBYSJ,Fiber optic,0,0,0,0,0,1
5567-WSELE,Fiber optic,0,0,0,0,1,1
1472-TNCWL,Fiber optic,0,1,0,0,1,1
8063-RJYNF,Fiber optic,1,0,0,0,1,1
0687-ZVTHB,DSL,1,1,1,0,0,1
2080-GKCWQ,Fiber optic,0,1,0,0,0,0
9661-ACXBS,Fiber optic,1,0,1,0,1,1
2193-SFWQW,Fiber optic,1,1,1,1,1,1
3462-BJQQA,Fiber optic,0,1,0,0,1,0
6733-LRIZX,Fiber optic,1,0,1,1,1,1
4367-NHWMM,DSL,0,0,0,0,0,0
3727-RJMEO,Fiber optic,0,0,0,0,1,0
3779-OSWCF,DSL,1,1,1,1,1,1
6736-DHUQI,Fiber optic,1,1,1,0,0,0
3915-ODIYG,DSL,1,1,0,0,0,1
1360-RCYRT,DSL,0,0,0,1,0,0
2724-FJDYW,DSL,0,0,1,1,1,1
6646-VRFOL,Fiber optic,0,1,1,0,1,1
5685-IIXLY,Fiber optic,0,1,0,0,0,1
5671-UUNXD,Fiber optic,0,0,0,1,1,1
0956-ACVZC,Fiber optic,0,0,1,0,1,1
2325-NBPZG,Fiber optic,1,0,0,0,0,0
4250-ZBWLV,Fiber optic,0,1,1,1,1,1
4482-FTFFX,DSL,0,0,1,1,0,0
0440-MOGPM,DSL,0,1,1,0,1,1
0020-JDNXP,DSL,1,0,1,1,1,1
5095-AESKG,Fiber optic,0,1,0,0,0,1
2887-JPYLU,DSL,0,0,0,0,0,0
1871-MOWRM,Fiber optic,1,0,0,1,0,0
9714-EDSUC,Fiber optic,1,1,0,1,0,1
2027-OAQQC,DSL,0,0,1,0,1,1
0282-NVSJS,DSL,0,0,0,1,0,0
9090-SGQXL,Fiber optic,0,1,1,0,1,1
6595-YGXIT,Fiber optic,0,1,0,0,1,0
9835-ZIITK,Fiber optic,0,1,1,1,1,1
8008-ESFLK,Fiber optic,1,1,1,1,1,1
7537-CBQUZ,Fiber optic,1,1,1,0,1,1
1555-DJEQW,Fiber optic,1,1,1,1,1,1
5649-TJHOV,DSL,0,0,0,0,0,1
0519-XUZJU,Fiber optic,0,0,0,0,0,0
6338-AVWCY,DSL,0,0,1,0,1,0
1689-YQBYY,Fiber optic,0,0,0,0,0,0
2959-FENLU,Fiber optic,0,0,1,0,0,1
0708-LGSMF,DSL,1,0,0,0,0,1
9253-QXKBE,Fiber optic,0,0,0,0,1,1
0487-RPVUM,Fiber optic,1,0,1,1,1,0
2516-XSJKX,DSL,1,1,0,1,1,1
9445-SZLCH,Fiber optic,0,1,1,0,1,0
6599-SFQVE,DSL,0,0,0,0,0,1
8331-ZXFOE,DSL,1,1,1,1,0,0
4003-FUSHP,DSL,0,0,0,1,1,0
0356-ERHVT,DSL,0,0,0,0,0,0
7325-ENZFI,DSL,1,1,0,1,0,0
4884-ZTHVF,Fiber optic,0,1,0,0,1,0
3920-HIHMQ,DSL,0,0,0,0,0,0
3055-OYMSE,Fiber optic,0,1,0,0,0,0
7568-PODML,DSL,0,0,0,0,1,1
5349-IECLD,Fiber optic,0,0,1,0,1,1
1397-XKKWR,DSL,1,0,1,0,0,0
3945-GFWQL,DSL,0,0,0,0,0,0
8097-OMULG,DSL,0,1,1,1,1,1
6013-BHCAW,DSL,0,0,1,1,1,1
0401-WDBXM,Fiber optic,1,0,1,0,1,1
3797-VTIDR,DSL,0,0,0,0,0,0
5081-NWSUP,DSL,0,1,0,1,0,1
2580-ATZSQ,DSL,1,1,1,0,0,0
8085-MSNLK,Fiber optic,1,1,1,1,1,1
9691-HKOVS,DSL,1,1,1,1,1,1
9881-VCZEP,DSL,0,1,0,0,0,0
9526-BIHHD,DSL,1,0,0,0,0,0
8757-TFHHJ,DSL,1,0,0,0,0,0
4523-WXCEF,Fiber optic,0,1,0,0,1,1
5119-KEPFY,Fiber optic,0,0,0,0,1,1
8364-TRMMK,DSL,0,0,0,0,0,0
0916-KNFAJ,DSL,1,0,1,0,0,1
8319-QBEHW,DSL,0,1,0,0,1,0
3063-QFSZL,DSL,0,0,0,0,0,1
8775-LHDJH,Fiber optic,0,1,0,0,1,0
9625-QNLUX,Fiber optic,1,1,1,0,1,1
3097-NQYSN,Fiber optic,0,0,0,0,1,0
4024-CSNBY,Fiber optic,1,1,1,1,0,0
7110-BDTWG,DSL,0,0,1,1,0,1
9605-WGJVW,Fiber optic,0,0,0,0,0,0
9114-DPSIA,DSL,1,1,1,1,0,1
4700-UBQMV,DSL,1,0,0,0,1,1
3565-UNOCC,Fiber optic,0,0,1,0,1,1
4627-MIHJH,Fiber optic,1,0,1,1,1,1
9795-NREXC,DSL,1,0,1,1,1,1
9249-FXSCK,Fiber optic,1,1,0,1,1,1
5493-SDRDQ,DSL,1,0,1,0,0,0
4819-HJPIW,DSL,0,0,0,0,0,0
8654-DHAOW,DSL,0,1,0,0,0,0
5438-QMDDL,DSL,0,1,0,0,0,1
9812-GHVRI,Fiber optic,0,0,0,0,0,1
5553-AOINX,Fiber optic,0,1,1,0,1,1
1228-ZLNBX,Fiber optic,0,0,0,0,0,0
4226-KKDON,DSL,0,1,0,1,1,0
3831-YCPUO,Fiber optic,1,1,1,1,1,1
7445-WMRBW,DSL,0,1,1,1,1,0
9924-JPRMC,Fiber optic,1,1,1,1,1,1
0080-EMYVY,DSL,0,1,0,0,0,0
6218-KNUBD,DSL,0,1,0,0,1,0
0623-EJQEG,Fiber optic,1,0,0,1,0,1
7153-CHRBV,DSL,1,0,1,1,0,0
0871-URUWO,Fiber optic,0,0,1,0,1,1
9190-MFJLN,Fiber optic,0,0,1,0,1,1
6198-PNNSZ,Fiber optic,1,1,1,0,1,1
3317-VLGQT,Fiber optic,0,0,0,0,0,1
4132-POCZS,DSL,1,0,0,0,0,1
5614-DNZCE,DSL,1,1,1,1,0,0
1095-JUDTC,Fiber optic,0,1,0,1,1,0
3896-RCYYE,DSL,0,0,1,1,1,1
9638-JIQYA,DSL,0,0,0,0,0,0
3258-SANFR,DSL,0,0,0,0,0,0
3726-TBHQT,Fiber optic,1,1,1,1,1,1
0870-VEMYL,DSL,1,0,0,1,0,0
4833-QTJNO,Fiber optic,1,1,0,0,0,0
5385-SUIRI,Fiber optic,1,0,1,0,1,1
3982-XWFZQ,DSL,0,0,0,0,0,0
2322-VCZHZ,Fiber optic,1,1,0,0,0,1
5010-IPEAQ,DSL,1,1,1,1,1,0
4009-ALQFH,Fiber optic,0,1,1,0,1,1
6383-ZTSIW,Fiber optic,1,1,0,0,1,1
8990-YOZLV,DSL,1,1,0,1,0,0
3069-SSVSN,DSL,0,0,0,0,0,0
5222-IMUKT,Fiber optic,0,0,0,0,1,1
3627-FCRDW,Fiber optic,0,0,0,0,0,0
7562-GSUHK,Fiber optic,0,1,1,0,0,1
8901-UPRHR,Fiber optic,0,1,1,1,1,1
0118-JPNOY,Fiber optic,1,0,0,0,1,0
0725-CXOTM,DSL,1,0,1,1,1,1
4343-EJVQB,Fiber optic,1,0,0,0,0,0
9000-PLFUZ,DSL,0,1,0,0,1,1
3427-GGZZI,Fiber optic,0,1,0,0,0,1
7779-ORAEL,DSL,1,0,1,1,0,1
0644-OQMDK,Fiber optic,0,0,0,0,0,0
4077-CROMM,Fiber optic,0,0,1,1,1,1
3154-CFSZG,Fiber optic,1,0,1,0,0,1
2868-MZAGQ,Fiber optic,0,0,0,0,0,1
4847-QNOKA,DSL,0,0,0,0,0,0
1658-XUHBX,Fiber optic,0,0,1,0,0,1
6379-RXJRQ,Fiber optic,0,0,0,0,0,0
2378-HTWFW,Fiber optic,1,0,0,0,0,1
8650-RHRKE,DSL,0,0,1,0,0,0
4377-VDHYI,Fiber optic,1,1,0,0,0,1
0475-RIJEP,Fiber optic,0,1,0,0,0,0
1260-TTRXI,DSL,0,0,0,0,0,1
6328-ZPBGN,Fiber optic,0,0,0,0,1,1
0201-MIBOL,Fiber optic,1,0,0,0,1,1
4937-QPZPO,Fiber optic,0,0,1,0,1,1
2925-VDZHY,DSL,1,1,1,1,1,1
6981-TDRFT,DSL,0,0,1,1,1,1
3413-CSSTH,DSL,0,0,1,0,0,0
8033-VCZGH,Fiber optic,1,0,1,0,1,1
4789-KWMXN,Fiber optic,1,0,1,1,1,1
4718-WXBGI,DSL,1,1,1,1,1,1
2867-UIMSS,Fiber optic,0,0,0,0,0,1
8495-PRWFH,DSL,0,0,1,0,0,0
0439-IFYUN,Fiber optic,0,1,0,0,0,0
5716-LIBJC,Fiber optic,0,1,1,0,1,1
2868-LLSKM,Fiber optic,0,1,0,1,0,0
8111-RKSPX,Fiber optic,0,0,0,0,0,0
2988-QRAJY,Fiber optic,1,1,1,0,1,1
1585-MQSSU,DSL,0,0,0,1,0,0
2856-NNASM,Fiber optic,0,0,0,0,1,1
6458-CYIDZ,Fiber optic,1,1,0,0,0,0
8559-CIZFV,DSL,1,1,0,1,1,0
1090-PYKCI,Fiber optic,1,1,1,1,1,0
3058-WQDRE,DSL,0,0,0,0,0,0
7547-EKNFS,Fiber optic,0,1,1,0,1,0
2279-AXJJK,Fiber optic,0,1,0,1,0,1
6769-DYBQN,Fiber optic,1,0,0,0,0,1
0909-SELIE,DSL,1,1,1,1,0,1
3417-TSCIC,DSL,0,0,0,0,0,0
1042-HFUCW,DSL,0,1,0,1,0,0
4439-JMPMT,Fiber optic,0,0,0,1,1,0
6537-OTKMY,DSL,0,0,1,0,1,1
2446-BEGGB,Fiber optic,0,1,0,0,1,1
7162-WPHPM,DSL,1,1,1,1,0,0
1599-MMYRQ,Fiber optic,1,1,0,0,0,0
8821-KVZKQ,DSL,0,1,1,1,1,1
1496-GGSUK,DSL,0,0,0,0,0,0
6434-TTGJP,DSL,1,1,1,1,0,1
0130-SXOUN,Fiber optic,0,1,0,0,0,1
2575-GFSOE,Fiber optic,0,0,0,0,0,0
2330-PQGDQ,Fiber optic,0,1,0,1,0,0
1452-UZOSF,Fiber optic,1,1,1,1,1,0
2842-JTCCU,DSL,0,0,0,0,0,0
8597-CTXVJ,DSL,1,1,0,1,0,0
6631-HMANX,DSL,0,1,1,1,1,1
3296-SILRA,Fiber optic,0,1,0,0,0,0
9681-OXGVC,Fiber optic,0,0,1,0,1,1
5180-UCIIQ,DSL,1,0,0,0,0,1
1932-UEDCX,Fiber optic,0,1,0,0,1,1
7153-OANIO,Fiber optic,0,0,0,0,0,0
5188-HGMLP,Fiber optic,0,0,0,0,0,0
0665-XHDJU,Fiber optic,0,1,0,0,1,1
6521-YYTYI,Fiber optic,0,0,0,0,1,1
8878-HMWBV,DSL,0,0,1,0,0,0
8265-HKSOW,Fiber optic,1,1,1,1,0,1
3544-FBCAS,DSL,1,1,1,0,1,1
5331-RGMTT,Fiber optic,0,0,1,0,1,1
4759-PXTAN,DSL,0,1,0,1,1,1
7054-DMVAS,DSL,1,1,0,0,1,0
3428-MMGUB,Fiber optic,0,0,1,0,1,0
6549-BTYPG,DSL,0,1,1,1,1,1
7823-JSOAG,Fiber optic,0,0,0,0,0,0
3705-RHRFR,Fiber optic,1,0,0,0,1,1
9074-KGVOX,DSL,1,0,0,0,1,0
6128-DAFVY,DSL,0,0,0,0,1,1
9933-QRGTX,Fiber optic,1,0,0,1,1,1
4476-OSWTN,Fiber optic,1,0,1,1,1,1
3751-KTZEL,DSL,0,0,0,0,0,1
1977-STDKI,Fiber optic,0,1,0,0,0,0
2661-GKBTK,DSL,0,1,0,1,1,1
0458-HEUZG,DSL,0,0,1,1,0,0
0824-VWDPO,Fiber optic,1,1,0,0,0,1
8409-WQJUX,DSL,0,0,1,1,1,1
2578-JQPHZ,Fiber optic,0,0,1,1,1,1
3278-FSIXX,DSL,0,0,0,0,0,0
5813-UECBU,Fiber optic,0,1,1,0,0,0
0328-GRPMV,Fiber optic,0,0,0,0,0,0
2946-KIQSP,DSL,0,0,1,1,0,0
6726-WEXXK,Fiber optic,1,0,1,0,0,0
4636-OLWOE,DSL,0,1,1,1,0,0
4342-HENTK,Fiber optic,0,0,0,0,0,0
4685-ERGHK,Fiber optic,0,0,0,0,1,0
0885-HMGPY,DSL,1,1,1,1,0,0
7208-PSIHR,Fiber optic,0,0,1,1,1,1
4012-ZTHBR,DSL,0,0,0,0,0,0
0489-WMEMG,DSL,0,0,0,1,0,0
6956-SMUCM,Fiber optic,1,0,1,0,1,1
2985-FMWYF,Fiber optic,0,0,0,0,1,1
2812-ENYMO,DSL,1,0,0,1,1,1
3223-WZWJM,Fiber optic,0,0,0,0,0,1
3422-GALYP,Fiber optic,0,1,0,0,0,0
9053-JZFKV,Fiber optic,1,1,1,1,1,1
2530-ENDWQ,Fiber optic,0,0,0,0,1,1
2890-WFBHU,DSL,1,1,1,1,0,1
0327-WFZSY,Fiber optic,0,0,1,0,1,1
4023-RTIQM,DSL,1,1,1,0,0,1
0864-FVJNJ,Fiber optic,1,1,1,1,1,1
7356-IWLFW,Fiber optic,0,1,0,0,0,0
9541-PWTWO,DSL,0,0,1,1,1,1
7872-RDDLZ,DSL,0,1,0,0,0,0
9250-WYPLL,Fiber optic,0,0,0,0,0,0
6308-CQRBU,Fiber optic,0,1,1,1,1,1
2754-XBHTB,Fiber optic,0,0,0,0,1,0
1597-LHYNC,Fiber optic,1,1,0,0,0,1
0186-CAERR,Fiber optic,1,1,1,1,1,1
5442-BHQNG,Fiber optic,0,0,0,0,0,0
5872-OEQNH,DSL,1,0,1,0,0,1
3162-KKZXO,Fiber optic,0,0,1,0,1,1
7055-VKGDA,Fiber optic,1,1,0,1,1,1
0754-UKWQP,Fiber optic,0,0,1,0,1,1
8873-GLDMH,Fiber optic,0,0,0,0,0,0
5696-JVVQY,DSL,1,1,1,0,0,1
7493-TPUWZ,Fiber optic,0,1,0,0,0,0
8904-OPDCK,DSL,0,0,0,0,0,0
8845-LWKGE,DSL,0,0,1,1,1,0
8752-STIVR,Fiber optic,0,0,0,0,1,0
0691-NIKRI,Fiber optic,0,0,1,1,1,1
5022-JNQEQ,Fiber optic,0,0,0,1,0,0
4558-FANTW,Fiber optic,1,0,0,1,1,0
3249-VHRIP,DSL,0,1,1,0,0,1
3736-BLEPA,Fiber optic,0,1,0,1,1,0
4701-LKOZD,DSL,1,1,1,1,1,1
6603-QWSPR,Fiber optic,0,1,1,1,1,1
9921-QFQUL,Fiber optic,0,0,1,0,0,1
1929-ZCBHE,DSL,1,0,1,1,0,0
4378-MYPGO,Fiber optic,1,1,1,0,1,1
8651-ENBZX,Fiber optic,0,0,1,1,1,1
4129-LYCOI,Fiber optic,0,1,0,1,1,1
7798-JVXYM,DSL,0,0,0,1,1,1
8647-SDTWQ,Fiber optic,0,0,0,0,0,0
2696-ECXKC,Fiber optic,1,0,0,0,1,1
7623-TRNQN,DSL,0,0,0,1,0,0
3323-CPBWR,Fiber optic,0,0,1,1,1,0
9330-IJWIO,Fiber optic,1,0,0,0,1,1
3384-CTMSF,Fiber optic,0,1,1,0,1,1
9286-DOJGF,Fiber optic,0,0,0,0,0,0
6048-QBXKL,DSL,0,1,0,0,0,0
9661-MHUMO,DSL,0,0,0,1,0,0
7718-RXDGG,Fiber optic,0,0,0,0,0,0
1025-FALIX,Fiber optic,0,0,0,0,0,0
1842-EZJMK,Fiber optic,0,1,0,1,1,1
2347-WKKAE,Fiber optic,1,0,1,0,0,1
8735-DCXNF,DSL,1,0,0,1,0,0
3214-IYUUQ,Fiber optic,1,1,0,1,0,1
1936-UAFEH,Fiber optic,1,1,0,1,1,1
3587-PMCOY,Fiber optic,1,0,1,0,1,1
8079-XRJRS,Fiber optic,1,1,1,0,0,0
1027-LKKQQ,DSL,1,0,1,1,1,1
7148-XZPHA,Fiber optic,0,1,0,1,0,0
5309-TAIKL,DSL,0,0,1,1,0,1
6856-RAURS,Fiber optic,0,0,0,0,0,0
8778-LMWTJ,Fiber optic,1,0,0,0,0,0
8884-ADFVN,Fiber optic,0,0,1,0,1,1
2845-KDHVX,DSL,0,1,1,1,0,1
0848-SOMKO,DSL,1,0,1,1,0,1
2720-WGKHP,Fiber optic,0,0,0,0,1,1
6734-FQAJX,Fiber optic,1,1,0,1,1,1
2869-ADAWR,Fiber optic,0,1,0,0,1,0
0943-ZQPXH,Fiber optic,0,0,1,0,1,1
9894-EZEWG,Fiber optic,0,1,0,0,0,0
7851-FLGGQ,DSL,0,1,0,1,0,1
0637-UBJRP,Fiber optic,1,0,0,0,0,1
0940-OUQEC,Fiber optic,0,1,0,0,0,0
2378-VTKDH,Fiber optic,0,1,1,0,1,1
8608-OZTLB,DSL,1,1,1,1,1,0
2335-GSODA,DSL,1,0,1,1,0,0
0702-PGIBZ,Fiber optic,0,1,0,0,1,1
6656-GULJQ,DSL,1,0,1,1,1,1
9853-JFZDU,DSL,0,1,0,1,0,0
6994-FGRHH,Fiber optic,0,1,1,1,1,1
4000-VGMQP,DSL,0,1,1,0,1,1
3999-WRNGR,DSL,0,1,0,0,1,1
3466-RITXD,Fiber optic,1,1,0,0,1,0
2680-XKKNJ,DSL,1,1,0,1,0,0
3058-HJCUY,Fiber optic,0,0,1,1,1,1
2974-GGUXS,Fiber optic,0,1,0,0,1,0
7994-XIRTR,DSL,0,0,1,1,0,1
3259-FDWOY,Fiber optic,0,1,1,0,1,1
2101-RANCD,Fiber optic,0,0,0,0,0,0
7921-BEPCI,DSL,1,1,0,0,0,0
0807-ZABDG,DSL,1,0,0,1,0,0
8510-TMWYB,DSL,0,1,1,0,0,0
3258-ZKPAI,Fiber optic,1,1,1,1,1,1
1428-IEDPR,Fiber optic,1,0,1,1,1,1
5298-GSTLM,Fiber optic,1,0,0,0,1,1
4450-YOOHP,DSL,0,0,1,0,1,1
6728-CZFEI,DSL,0,0,0,0,1,0
5748-RNCJT,Fiber optic,0,0,1,1,1,1
6121-TNHBO,DSL,1,1,1,1,1,0
5119-NZPTV,Fiber optic,0,0,0,0,0,0
6519-ZHPXP,Fiber optic,1,1,1,1,1,1
7739-LAXOG,Fiber optic,0,0,1,0,0,1
8224-UAXBZ,DSL,1,1,0,0,1,0
9610-WCESF,DSL,1,0,0,1,1,0
9776-CLUJA,Fiber optic,1,0,0,0,0,0
2486-WYVVE,DSL,0,0,1,1,1,1
3865-ZYKAD,Fiber optic,1,1,0,0,0,0
1422-DGUBX,Fiber optic,0,0,0,1,0,0
2999-AANRQ,DSL,1,1,0,1,1,0
8668-KNZTI,DSL,1,0,1,0,0,0
6034-ZRYCV,DSL,0,1,1,0,1,1
9746-YKGXB,DSL,1,0,1,0,0,1
3926-YZVVX,DSL,0,0,0,1,0,0
2079-FBMZK,Fiber optic,0,0,0,0,0,0
6332-FBZRI,DSL,1,1,1,1,0,0
8221-EQDGL,DSL,1,1,1,0,0,0
6608-QQLVK,DSL,0,0,1,0,0,0
0298-XACET,DSL,0,1,1,1,1,0
7560-QJAVJ,DSL,1,0,1,1,1,1
3551-HUAZH,Fiber optic,0,0,0,0,0,0
9137-UIYPG,Fiber optic,1,0,1,1,1,1
2809-ZMYOQ,Fiber optic,0,0,1,0,1,1
5084-OOVCJ,DSL,1,0,0,1,0,0
0254-WWRKD,DSL,0,1,0,0,0,0
6302-JGYRJ,DSL,0,1,0,1,1,1
5339-PXDVH,Fiber optic,1,0,0,0,1,0
2205-LPVGL,Fiber optic,1,1,0,1,0,0
8782-NUUOL,DSL,1,0,1,1,1,1
3685-YLCMQ,Fiber optic,0,0,1,1,1,1
4868-AADLV,Fiber optic,1,1,1,1,1,1
9529-OFXHY,Fiber optic,1,0,0,0,1,0
8634-MPHTR,Fiber optic,0,0,1,0,1,1
2669-QVCRG,Fiber optic,1,0,0,0,0,0
2478-EEWWM,DSL,0,0,0,0,1,1
9174-IHETN,Fiber optic,0,0,0,0,0,0
2233-TXSIU,DSL,1,0,1,0,1,0
9644-UMGQA,DSL,1,0,0,0,0,0
3256-EZDBI,DSL,0,1,0,0,0,0
8761-NSOBC,Fiber optic,0,1,0,1,1,1
0419-YAAPX,Fiber optic,0,1,0,0,1,0
8413-VONUO,Fiber optic,0,1,0,0,1,1
0872-CASZJ,DSL,1,0,0,1,0,1
4726-DLWQN,DSL,1,1,0,0,1,0
3094-JOJAI,Fiber optic,0,0,0,0,0,0
9494-MRNYX,Fiber optic,0,0,0,0,0,0
2599-CZABP,DSL,0,0,0,0,0,0
4544-RXFMG,DSL,0,0,0,0,0,0
1150-FTQGN,Fiber optic,1,1,0,0,1,0
9223-UCPVT,Fiber optic,0,0,1,0,1,1
5448-VWNAM,DSL,1,1,0,1,1,0
1177-XZBJL,DSL,1,1,0,1,0,0
3518-FSTWG,Fiber optic,1,1,1,0,1,1
9330-VOFSZ,Fiber optic,0,1,1,1,1,1
4351-QLCSU,DSL,0,0,0,0,1,0
0939-EREMR,DSL,0,0,1,1,0,0
9389-ACWBI,Fiber optic,0,0,0,0,0,0
5419-JPRRN,Fiber optic,0,0,1,0,1,1
3644-QXEHN,Fiber optic,0,0,1,0,1,1
2911-IJORQ,DSL,1,1,1,1,1,1
5921-NGYRH,Fiber optic,1,0,0,0,0,0
2100-BDNSN,DSL,0,0,1,1,1,0
5998-DZLYR,Fiber optic,0,1,0,1,0,1
0488-GSLFR,Fiber optic,0,0,0,0,0,0
9728-FTTVZ,Fiber optic,0,0,0,0,0,0
6576-FBXOJ,DSL,0,0,1,1,1,1
4310-KEDTB,DSL,0,0,1,0,0,0
7254-IQWOZ,Fiber optic,0,0,0,0,0,0
2474-BRUCM,Fiber optic,1,0,0,0,1,1
4062-HBMOS,Fiber optic,0,1,1,0,1,1
0742-NXBGR,Fiber optic,0,1,1,0,0,0
9236-NDUCW,DSL,1,0,0,1,0,0
4753-PADAS,Fiber optic,0,1,1,0,1,1
6103-QCKFX,DSL,1,0,0,1,0,0
7781-EWARA,DSL,0,1,1,1,1,1
6110-OHIHY,Fiber optic,0,0,0,0,1,0
7018-FPXHH,DSL,1,1,1,0,0,0
5889-LFOLL,Fiber optic,0,0,0,0,0,1
5708-EVONK,Fiber optic,1,1,0,0,0,1
8708-XPXHZ,Fiber optic,0,0,0,0,1,1
0616-ATFGB,DSL,0,0,0,0,0,0
0572-ZJKLT,Fiber optic,1,0,1,1,0,1
5135-RDDQL,DSL,1,0,0,0,0,0
1353-LJWEM,DSL,0,1,1,1,0,0
1794-SWWKL,DSL,0,0,1,1,0,0
6166-YIPFO,DSL,1,1,1,1,1,1
7016-BPGEU,DSL,0,0,0,0,0,0
6876-ADESB,DSL,0,0,1,0,0,0
9332-GYWLO,DSL,0,0,0,0,1,0
1963-SVUCV,DSL,0,0,0,0,0,0
4184-VODJZ,Fiber optic,0,1,0,0,0,1
0220-EBGCE,Fiber optic,0,0,1,0,0,1
7233-IOQNP,DSL,1,0,0,1,0,0
2834-JKOOW,DSL,1,1,1,1,0,0
2754-VDLTR,Fiber optic,0,0,0,0,1,1
3190-XFANI,Fiber optic,0,0,0,1,1,1
7551-DACSP,DSL,0,1,1,0,0,0
7235-NXZCP,Fiber optic,0,0,0,0,0,0
0230-UBYPQ,DSL,1,0,0,1,0,0
4923-ADWXJ,DSL,0,1,0,1,0,1
1104-TNLZA,Fiber optic,0,1,0,1,1,1
5195-KPUNQ,Fiber optic,1,1,0,1,0,1
0520-FDVVT,Fiber optic,0,1,1,0,1,1
3439-GVUSX,DSL,0,0,0,0,0,0
1444-VVSGW,Fiber optic,1,1,1,1,1,1
5712-PTIWW,Fiber optic,0,0,1,1,0,0
5949-HGVJL,DSL,0,1,0,1,1,1
5203-XEHAX,DSL,1,1,0,0,0,1
3315-TOTBP,Fiber optic,0,0,0,0,0,0
8050-XGRVL,DSL,1,0,1,0,0,0
6661-HBGWL,Fiber optic,0,1,1,0,1,1
1518-VOWAV,DSL,1,1,0,0,1,1
9828-QHFBK,DSL,1,0,0,0,0,0
3908-MKIMJ,DSL,1,1,1,0,0,0
5012-YSPJJ,DSL,0,0,1,1,0,0
5909-ECHUI,DSL,0,0,0,0,0,1
1309-BXVOQ,Fiber optic,0,0,1,1,1,1
6728-VOIFY,Fiber optic,0,1,0,0,1,1
9317-WZPGV,Fiber optic,0,0,0,0,0,1
4891-NLUBA,DSL,0,1,1,1,1,1
2856-HYAPG,Fiber optic,0,0,0,0,0,0
8709-KRDVL,Fiber optic,0,1,0,0,1,1
1427-VERSM,Fiber optic,0,0,1,1,1,1
6339-YPSAH,Fiber optic,0,0,1,0,0,0
3621-CEOVK,Fiber optic,0,1,0,0,1,1
6906-ANDWJ,Fiber optic,0,0,0,0,0,0
1548-FEHVL,Fiber optic,1,1,0,0,1,1
3795-CAWEX,Fiber optic,1,1,1,1,1,1
6215-NQCPY,Fiber optic,1,0,0,0,1,1
9626-WEQRM,DSL,1,0,0,0,0,0
2188-SXWVT,DSL,1,1,0,0,0,0
6258-PVZWJ,DSL,1,1,1,1,1,1
1094-BKOSX,DSL,0,1,1,1,0,1
6969-MVBAI,Fiber optic,0,0,1,0,1,0
2978-XXSOG,DSL,1,0,0,1,0,0
6953-PBDIN,DSL,0,1,1,1,1,0
3898-BSJYF,DSL,1,0,1,1,0,1
3938-YFPXD,DSL,1,0,1,1,1,1
7696-AMHOD,DSL,0,1,1,0,1,1
2453-SAFNS,DSL,0,1,0,1,1,0
9558-IHEZX,Fiber optic,1,1,1,0,1,1
7426-GSWPO,Fiber optic,1,1,0,0,1,1
1031-IIDEO,Fiber optic,0,0,0,0,0,0
5832-XKAES,Fiber optic,0,0,0,0,0,0
3205-MXZRA,DSL,0,0,0,1,1,0
4701-AHWMW,DSL,0,0,1,1,1,1
5702-KVQRD,DSL,1,0,1,1,1,1
0083-PIVIK,DSL,1,1,1,1,1,0
9210-IAHGH,DSL,0,0,0,1,1,1
6169-PGNCD,DSL,1,1,1,1,1,0
0023-XUOPT,Fiber optic,0,1,1,0,1,0
4592-IWTJI,DSL,1,0,0,0,0,0
4909-JOUPP,Fiber optic,0,1,1,1,1,1
4657-FWVFY,Fiber optic,0,1,1,0,1,0
2257-BOVXD,DSL,0,0,0,1,1,0
7729-JTEEC,DSL,0,0,0,0,0,0
7632-MNYOY,Fiber optic,0,1,1,1,1,1
6518-LGAOV,Fiber optic,0,0,1,1,1,1
7242-QZLXF,DSL,0,0,0,0,0,0
4576-CSAJH,DSL,0,1,0,1,0,0
9696-RMYBA,Fiber optic,0,0,0,0,1,0
8690-UPCZI,DSL,1,0,0,1,1,0
1062-LHZOD,Fiber optic,0,0,0,0,0,0
8344-WFMFH,DSL,0,1,0,0,0,0
9600-NAXZN,Fiber optic,0,1,0,0,1,1
8822-KNBHV,DSL,1,1,1,0,1,1
8404-FYDIB,Fiber optic,1,1,0,0,0,0
6457-USBER,Fiber optic,0,0,0,0,0,1
4662-EKDPQ,DSL,0,0,0,0,0,1
9248-OJYKK,Fiber optic,0,0,0,0,0,0
9888-ZCUMM,DSL,1,0,1,1,1,1
3398-FSHON,Fiber optic,0,1,0,0,1,0
3319-DWOEP,Fiber optic,0,0,1,0,1,1
9979-RGMZT,Fiber optic,0,1,0,0,1,1
6437-UDQJM,DSL,1,1,1,0,1,1
1226-IENZN,Fiber optic,0,0,0,0,0,1
2108-GLPQB,DSL,0,0,1,0,0,0
9259-PACGQ,DSL,1,1,0,1,0,0
4415-IJZTP,Fiber optic,0,0,0,0,0,0
1465-VINDH,Fiber optic,0,1,1,0,1,1
3468-DRVQJ,DSL,1,1,0,0,1,0
1122-YJBCS,DSL,1,1,0,0,0,0
4816-OKWNX,Fiber optic,0,1,1,1,1,1
3315-IKYZQ,DSL,1,0,1,1,1,0
2810-FTLEM,DSL,1,0,0,0,0,0
4747-LCAQL,DSL,1,1,0,1,1,1
3411-WLRSQ,Fiber optic,0,1,0,0,0,0
0898-XCGTF,Fiber optic,0,0,0,0,1,1
8722-PRFDV,DSL,1,0,1,0,1,1
2038-YSEZE,DSL,1,1,0,1,0,0
8799-OXZMD,DSL,0,0,1,0,0,0
1925-TIBLE,Fiber optic,0,0,0,0,1,0
0818-OCPZO,Fiber optic,0,1,0,0,0,0
3967-KXAPS,DSL,1,1,1,1,1,1
1447-GIQMR,Fiber optic,0,0,0,0,0,0
3704-IEAXF,DSL,0,1,0,1,1,1
6810-VCAEX,DSL,1,1,0,1,0,0
0674-EYYZV,DSL,0,0,0,0,1,0
4480-MBMLB,Fiber optic,0,1,1,0,1,1
1395-OFUWC,DSL,0,1,0,0,0,0
0822-QGCXA,DSL,0,1,1,1,1,1
0872-NXJYS,Fiber optic,0,0,0,0,0,1
2832-KJCRD,Fiber optic,0,0,1,1,1,1
3588-WSTTJ,Fiber optic,1,0,0,0,1,1
4075-WKNIU,DSL,0,1,1,1,1,0
5090-EMGTC,Fiber optic,0,1,0,1,1,1
3798-EPWRR,DSL,0,0,0,0,0,0
4186-ZBUEW,DSL,0,1,0,1,0,1
5274-XHAKY,Fiber optic,1,1,0,0,1,0
1442-BQPVU,DSL,0,1,0,0,0,0
4940-KHCWD,DSL,1,1,0,1,0,0
9412-ARGBX,Fiber optic,0,1,1,1,1,0
1389-CXMLU,Fiber optic,0,0,1,0,1,0
9589-ABEPT,Fiber optic,0,1,0,1,1,0
9388-ZEYVT,DSL,0,0,1,1,0,1
0305-SQECB,DSL,1,0,0,1,0,0
7605-SNLQG,DSL,0,0,1,0,0,0
4670-TABXH,Fiber optic,0,1,1,1,1,1
5561-NWEVX,Fiber optic,0,0,1,0,0,0
8561-NMTBD,Fiber optic,0,1,1,1,1,1
5161-XEUVX,Fiber optic,0,0,1,1,1,0
8292-FRFZQ,DSL,1,1,0,1,0,0
8591-NXRCV,DSL,1,0,1,1,0,1
7895-VONWT,DSL,0,0,1,0,1,1
4526-RMTLL,DSL,1,1,0,1,0,1
6253-GNHWH,DSL,1,1,1,1,0,0
4566-NECEV,Fiber optic,0,1,1,0,0,1
8080-POTJR,DSL,1,0,1,0,1,1
6906-MPARY,Fiber optic,0,1,0,1,0,1
8107-RZLNV,Fiber optic,0,1,1,0,1,1
0516-OOHAR,Fiber optic,0,1,1,0,1,1
2027-CWDNU,Fiber optic,0,0,0,1,0,1
2737-WFVYW,DSL,0,0,0,0,1,1
9912-OMZDS,Fiber optic,0,1,1,0,1,1
3733-ZEECP,DSL,0,0,0,1,0,0
2272-QAGFO,Fiber optic,0,0,0,0,0,0
7103-IPXPJ,Fiber optic,0,0,0,1,1,1
4342-HFXWS,DSL,1,0,1,1,1,0
3545-CNWRG,Fiber optic,0,1,0,0,1,1
1785-BPHTP,Fiber optic,0,0,1,0,1,0
4989-LIXVT,Fiber optic,0,1,1,0,0,1
7315-WYOAW,Fiber optic,0,0,0,1,1,1
1173-XZPYF,Fiber optic,0,0,1,0,1,0
9850-OWRHQ,Fiber optic,0,0,0,0,0,0
3768-NLUBH,Fiber optic,0,0,1,0,1,1
8676-TRMJS,Fiber optic,0,0,0,0,0,0
9530-GRMJG,DSL,0,1,1,1,1,1
6898-RBTLU,DSL,0,1,0,1,1,1
5481-NTDOH,Fiber optic,1,0,1,0,1,1
7359-SSBJK,DSL,1,1,0,1,1,0
0685-MLYYM,Fiber optic,0,0,0,0,0,0
0749-IRGQE,DSL,0,0,0,0,1,1
2380-DAMQP,Fiber optic,1,1,1,1,1,1
2256-YLYLP,DSL,0,0,1,1,1,1
5666-CYCYZ,Fiber optic,0,0,0,1,0,1
4011-ARPHK,DSL,1,0,0,0,0,0
8182-PNAGI,DSL,0,0,0,1,0,0
6365-HITVU,DSL,1,1,1,1,1,1
9488-FYQAU,Fiber optic,0,1,1,1,1,1
6994-KERXL,DSL,0,0,0,0,0,1
7957-RYHQD,Fiber optic,1,1,0,0,0,0
2180-DXNEG,Fiber optic,0,0,1,0,1,1
1960-UOTYM,DSL,1,1,1,0,1,1
6500-JVEGC,Fiber optic,1,1,1,0,1,0
5515-AKOAJ,Fiber optic,0,0,0,1,1,1
8976-OQHGT,DSL,0,1,0,1,0,0
5245-VDBUR,DSL,1,0,1,0,0,0
6230-BSUXY,Fiber optic,0,0,1,0,0,1
8469-SNFFH,DSL,1,1,1,1,1,0
2144-ESWKO,DSL,1,0,1,0,0,0
9928-BZVLZ,DSL,1,0,1,1,0,1
4114-QMKVN,DSL,1,1,0,0,0,1
2775-SEFEE,DSL,1,1,0,1,0,0
9003-CPATH,Fiber optic,0,0,1,0,0,0
1754-GKYPY,Fiber optic,0,0,0,0,1,1
5294-CDGWY,DSL,1,1,1,0,1,1
1591-MQJTP,Fiber optic,1,0,1,0,0,1
5295-PCJOO,DSL,1,0,0,0,0,0
9863-JZAIC,DSL,0,0,0,0,1,0
7471-MQPOS,DSL,0,1,1,1,0,1
7660-HDPJV,Fiber optic,0,0,0,0,0,0
7672-VFMXZ,DSL,1,0,0,1,0,0
9739-JLPQJ,Fiber optic,1,1,1,1,1,1
3855-ONCAR,Fiber optic,0,0,0,0,1,0
7931-PXHFC,DSL,0,0,1,1,0,1
3990-QYKBE,Fiber optic,0,0,0,0,1,1
3259-KNMRR,DSL,0,1,1,0,1,1
6120-RJKLU,DSL,1,0,1,1,1,1
9572-WUKSB,DSL,0,0,0,1,0,0
0076-LVEPS,DSL,1,1,1,1,0,0
3640-JQGJG,DSL,0,0,0,0,0,0
4919-MOAVT,Fiber optic,0,0,0,0,0,0
1596-OQSPS,DSL,0,1,0,0,0,0
9867-XOBQA,DSL,1,1,1,1,1,0
3090-HAWSU,Fiber optic,1,0,1,1,1,1
9820-RMCQV,DSL,1,0,0,0,0,0
3174-RKMOW,Fiber optic,0,1,1,1,1,1
5204-QZXPU,DSL,0,0,1,0,1,0
1320-GVNHT,Fiber optic,1,1,1,0,1,1
3541-ZNUHK,Fiber optic,1,1,0,0,0,0
8450-JOVAH,DSL,1,0,0,0,0,0
8725-JEDFD,Fiber optic,0,0,0,0,0,0
7562-UXTPG,Fiber optic,0,0,0,0,0,0
8071-SBTRN,Fiber optic,1,1,1,0,1,1
1113-IUJYX,Fiber optic,1,1,0,1,1,1
6668-CNMFP,Fiber optic,0,0,0,1,0,1
5626-MGTUK,Fiber optic,1,0,0,0,1,0
5681-LLOEI,Fiber optic,1,0,1,1,0,0
8212-DJRCH,Fiber optic,1,0,1,0,0,1
4323-OHFOW,Fiber optic,0,1,0,1,1,1
1116-DXXDF,Fiber optic,1,0,1,0,1,1
9274-CNFMO,Fiber optic,0,0,0,0,0,0
7758-XKCBS,DSL,0,0,0,1,0,0
8992-JQYUN,DSL,0,0,1,0,1,1
6563-VNPMN,Fiber optic,1,1,0,1,0,0
0617-AQNWT,DSL,1,0,1,1,0,1
2267-WTPYD,Fiber optic,0,1,1,0,0,1
0270-THENM,DSL,1,1,1,1,0,0
2446-PLQVO,Fiber optic,0,0,0,0,0,0
2710-WYVXG,DSL,1,1,0,1,0,1
3005-NFMTA,Fiber optic,1,0,0,0,1,1
6300-BWMJX,Fiber optic,0,0,1,1,1,0
8784-CGILN,Fiber optic,0,0,0,1,1,1
5389-FFVKB,Fiber optic,0,0,0,0,0,1
7009-LGECI,DSL,1,0,0,0,0,0
8444-WRIDW,Fiber optic,0,1,0,0,0,0
5022-KVDQT,Fiber optic,0,0,1,0,0,0
1036-GUDCL,DSL,1,1,0,1,1,1
9451-LPGOO,Fiber optic,0,0,0,0,0,1
9129-UXERG,Fiber optic,0,1,0,1,1,1
3635-JBPSG,DSL,0,1,0,0,0,1
7964-ZRKKG,Fiber optic,0,1,0,0,1,0
5868-YWPDW,Fiber optic,0,1,0,0,0,1
6229-LSCKB,Fiber optic,0,0,0,0,1,0
2025-JKFWI,Fiber optic,0,0,0,1,1,1
4078-SAYYN,Fiber optic,0,0,1,0,1,1
8217-QYOHV,DSL,1,0,0,1,0,0
9940-HPQPG,Fiber optic,1,1,1,0,0,0
6897-UUBNU,Fiber optic,0,1,0,1,1,0
6127-IYJOZ,DSL,0,0,0,0,0,0
6618-RYATB,Fiber optic,0,0,1,0,0,0
8930-XOTDP,DSL,0,0,0,0,1,0
5916-QEWPT,DSL,0,0,1,0,1,1
5060-TQUQN,Fiber optic,0,1,0,1,0,0
0531-XBKMM,DSL,1,1,0,1,0,0
8465-SBRXP,Fiber optic,0,0,1,1,1,0
2408-PSJVE,DSL,0,1,1,1,0,0
9079-YEXQJ,Fiber optic,0,1,1,1,1,1
8738-JOKAR,DSL,1,1,0,1,0,1
1930-WNXSB,Fiber optic,0,1,0,0,1,1
2685-SREOM,Fiber optic,0,0,1,0,0,1
3508-CFVZL,Fiber optic,1,1,1,1,1,1
0402-CQAJN,Fiber optic,0,1,1,0,1,1
6692-UDPJC,Fiber optic,0,0,0,1,1,0
1273-MTETI,Fiber optic,0,0,1,0,0,1
0657-DOGUM,DSL,1,0,0,1,0,0
5480-HPRRX,DSL,0,0,0,0,0,0
8792-AOROI,DSL,1,0,0,1,0,1
0295-PPHDO,Fiber optic,0,0,0,0,1,1
1195-OIYEJ,Fiber optic,0,0,0,0,1,1
5906-CVLHP,DSL,0,1,0,1,0,0
3452-SRFEG,Fiber optic,0,0,0,0,0,0
4070-OKWVH,Fiber optic,0,1,1,0,1,0
5297-MDOIR,Fiber optic,1,0,1,0,0,0
6369-MCAKO,DSL,1,1,1,1,1,1
4926-UMJZD,DSL,0,0,0,1,0,0
6341-AEVKX,Fiber optic,1,0,1,1,1,1
4501-EQDRN,Fiber optic,0,0,0,0,0,0
2990-HWIML,Fiber optic,0,0,0,0,1,1
0682-USIXD,Fiber optic,0,0,0,1,1,0
7078-NVFAM,DSL,1,1,0,0,0,0
8065-QBYTO,Fiber optic,1,1,0,1,1,0
2133-TSRRM,Fiber optic,1,1,1,0,1,1
7384-GHBPI,DSL,0,0,0,0,0,1
7603-USHJS,Fiber optic,0,0,0,0,0,0
7234-FECYN,Fiber optic,0,0,1,0,1,1
3191-CSNMG,Fiber optic,0,0,0,0,1,0
7952-OBOYL,Fiber optic,0,0,1,1,1,0
7470-DYNOE,DSL,0,0,1,0,0,1
7853-OETYL,DSL,1,0,0,0,0,0
1545-ACTAS,Fiber optic,1,0,1,0,1,1
5876-HZVZM,DSL,1,1,0,0,0,0
1400-MMYXY,Fiber optic,0,1,1,0,1,1
5126-RCXYW,DSL,0,0,1,1,0,1
3085-QUOZK,DSL,0,0,0,0,0,0
2363-BJLSL,DSL,0,1,1,1,1,1
1956-YIFGE,Fiber optic,0,1,1,0,1,1
3926-CUQZX,DSL,0,0,0,0,0,0
7921-LMDFQ,Fiber optic,0,0,1,0,1,1
2925-MXLSX,DSL,0,1,1,0,1,0
5820-PTRYM,DSL,1,1,1,1,0,0
9609-BENEA,DSL,0,1,0,1,1,0
6211-WHMYA,DSL,0,1,0,1,1,0
4459-BBGHE,DSL,0,0,0,0,1,1
1041-RXHRA,Fiber optic,0,0,0,0,0,0
1750-CSKKM,DSL,0,0,0,0,1,0
9108-EJFJP,DSL,1,1,0,0,0,0
0530-IJVDB,Fiber optic,1,1,1,1,1,1
2215-ZAFGX,Fiber optic,0,0,0,0,1,0
8213-TAZPM,Fiber optic,0,1,1,1,1,1
7142-HVGBG,Fiber optic,0,1,1,0,1,1
1304-SEGFY,Fiber optic,0,0,1,0,1,1
2904-GGUAZ,Fiber optic,1,1,0,0,0,0
8267-ZNYVZ,Fiber optic,1,0,1,1,1,1
5136-GFPMB,Fiber optic,0,0,1,0,0,1
5243-SAOTC,Fiber optic,0,1,0,0,0,0
9398-MMQTO,Fiber optic,0,1,0,0,0,0
7619-PLRLP,DSL,1,1,1,0,0,1
6457-GIRWB,Fiber optic,0,0,0,0,0,0
1450-SKCVI,Fiber optic,0,1,0,0,0,0
4710-NKCAW,DSL,1,1,0,1,0,0
5306-BVTKJ,DSL,0,1,1,0,0,0
5570-PTWEH,Fiber optic,0,0,0,0,0,0
2371-KFUOG,Fiber optic,1,1,0,0,1,1
0463-ZSDNT,DSL,0,0,0,0,0,1
6502-MJQAE,Fiber optic,0,0,0,0,0,0
6257-DTAYD,Fiber optic,0,1,0,1,1,1
4616-ULAOA,Fiber optic,0,1,1,1,1,1
7693-LCKZL,Fiber optic,0,1,0,0,0,0
7746-AWNQW,DSL,0,0,1,1,0,0
5996-EBTKM,DSL,0,0,1,1,0,1
2758-RNWXS,Fiber optic,1,0,0,1,0,1
2314-TNDJQ,DSL,1,1,1,1,0,1
2405-LBMUW,DSL,1,1,0,1,0,1
0032-PGELS,DSL,1,0,0,0,0,0
6797-LNAQX,Fiber optic,0,1,0,0,1,1
9013-AQORL,DSL,0,1,1,0,0,1
2898-MRKPI,Fiber optic,0,1,0,0,1,1
2750-BJLSB,Fiber optic,1,0,1,1,1,1
3648-GZPHF,DSL,0,0,1,1,0,0
2075-RMJIK,DSL,1,0,0,0,0,0
6394-MFYNG,Fiber optic,0,1,1,0,1,1
1564-NTYXF,Fiber optic,0,0,0,0,0,1
5392-AKEMH,DSL,0,0,0,0,0,0
2451-YMUXS,DSL,1,1,0,1,0,0
3914-FDRHP,Fiber optic,0,0,0,1,1,0
1024-KPRBB,Fiber optic,0,0,0,0,1,1
4690-PKDQG,Fiber optic,0,1,1,0,1,0
8155-IBNHG,Fiber optic,0,0,0,0,0,0
0886-QGENL,Fiber optic,1,0,1,0,1,1
9547-ITEFG,Fiber optic,0,1,1,0,1,1
1264-FUHCX,DSL,0,1,0,1,1,1
7789-CRUVC,Fiber optic,1,1,1,1,0,0
6598-KELSS,DSL,1,1,0,0,1,0
8739-WWKDU,Fiber optic,0,1,0,0,1,0
8685-WHQPW,Fiber optic,0,0,0,0,0,0
8083-YTZES,Fiber optic,0,0,0,0,0,0
7240-FQLHE,Fiber optic,0,0,0,1,1,1
6664-FPDAC,Fiber optic,0,1,1,1,1,1
9972-VAFJJ,Fiber optic,0,1,1,1,1,0
0422-UXFAP,Fiber optic,0,0,1,0,1,1
1904-WAJAA,DSL,1,1,1,0,0,0
5130-YPIRV,DSL,1,1,1,0,1,0
2843-CQMEG,DSL,0,1,0,0,0,0
6439-PKTRR,DSL,1,1,1,1,1,0
5351-QESIO,DSL,0,0,0,0,0,0
0786-VSSUD,DSL,0,1,0,0,1,0
5568-DMXZS,DSL,0,1,0,1,1,0
8468-FZTOE,DSL,1,1,1,1,0,1
6633-SYEUS,Fiber optic,0,1,1,1,0,0
6447-GORXK,DSL,0,0,0,0,0,0
6967-PEJLL,DSL,1,0,1,1,0,0
3976-BWUCK,Fiber optic,0,1,0,1,1,0
5981-ZVXOT,Fiber optic,1,1,1,0,1,1
1684-FLBGS,DSL,0,1,0,1,1,0
1389-WNUIB,DSL,1,0,0,0,1,1
0376-OIWME,Fiber optic,1,0,0,0,1,1
3585-ISXZP,Fiber optic,0,0,0,0,1,1
0218-QNVAS,Fiber optic,0,1,0,0,1,1
6583-QGCSI,Fiber optic,0,1,0,0,1,0
7164-BPTUT,DSL,1,1,1,1,1,1
4174-LPGTI,DSL,0,1,0,1,0,1
2523-EWWZL,Fiber optic,0,1,0,0,0,0
0928-XUTSN,Fiber optic,0,0,0,0,0,1
2108-XWMPY,DSL,1,1,0,0,0,0
6304-IJFSQ,DSL,0,1,0,0,0,0
9586-JGQKH,Fiber optic,0,1,0,1,1,1
4501-VCPFK,DSL,0,0,1,1,0,0
6075-SLNIL,Fiber optic,0,1,1,0,0,1
0093-XWZFY,Fiber optic,0,1,1,0,1,1
2274-XUATA,DSL,1,1,1,1,1,1
1980-KXVPM,Fiber optic,0,0,0,0,0,0
7703-ZEKEF,Fiber optic,0,0,1,0,0,0
0723-DRCLG,Fiber optic,0,0,0,0,0,0
5482-NUPNA,DSL,1,1,0,1,0,0
6691-CCIHA,DSL,1,1,0,1,1,1
1685-BQULA,Fiber optic,0,1,1,0,1,0
9053-EJUNL,Fiber optic,0,1,0,0,1,0
0666-UXTJO,Fiber optic,0,0,1,0,1,0
1471-GIQKQ,DSL,0,1,0,0,0,0
1122-JWTJW,Fiber optic,0,0,0,0,0,0
1699-HPSBG,DSL,0,0,0,1,1,0
7203-OYKCT,Fiber optic,0,1,1,0,1,1
1035-IPQPU,Fiber optic,0,1,1,0,1,1
7398-LXGYX,Fiber optic,1,0,1,0,0,0
2823-LKABH,Fiber optic,0,0,1,1,0,1
8775-CEBBJ,DSL,0,0,0,0,0,0
0550-DCXLH,DSL,0,1,0,1,1,1
9281-CEDRU,DSL,0,1,0,1,1,0
2235-DWLJU,DSL,0,0,0,0,1,1
3605-JISKB,DSL,1,1,0,0,0,0
6894-LFHLY,Fiber optic,0,0,0,0,0,0
9767-FFLEM,Fiber optic,0,0,0,0,0,0
0639-TSIQW,Fiber optic,1,1,1,0,1,0
8456-QDAVC,Fiber optic,0,0,0,0,1,0
7750-EYXWZ,DSL,0,1,1,1,1,1
6840-RESVB,DSL,1,0,1,1,1,1
2234-XADUH,Fiber optic,0,1,1,0,1,1
4801-JZAZL,DSL,1,0,0,0,0,0
8361-LTMKD,Fiber optic,0,0,0,0,0,0
3186-AJIEK,Fiber optic,1,0,1,1,1,1
