BeginYear,BeginMonth,Type,PaperlessBilling,PaymentMethod,MonthlyCharges,TotalCharges,SeniorCitizen,Partner,Dependents,InternetService,OnlineSecurity,OnlineBackup,DeviceProtection,TechSupport,AllServicesCount
-1.6681370845600552,-1.3472050497767214,2.0,1,0.0,0.7996293986733265,2.01756413913047,0,1,0,0.0,1.0,1.0,1.0,1.0,2.193664858213088
-0.6156229088327345,0.0642919550100224,0.0,1,2.0,0.7753453957140998,0.8145591957924138,1,0,0,1.0,0.0,1.0,0.0,0.0,0.1571550583851332
0.9631483547582466,0.9111901578820688,0.0,0,2.0,-0.386817603048887,-0.8293058780253469,0,0,0,0.0,1.0,0.0,1.0,0.0,0.1571550583851332
0.9631483547582466,1.1934895588394174,0.0,1,2.0,0.7961602553934367,-0.8998892431439135,0,0,1,1.0,0.0,0.0,0.0,0.0,0.1571550583851332
0.4368912668945862,1.4757889597967662,0.0,0,0.0,-0.29315073449187,-0.5842539746292611,0,1,1,0.0,1.0,1.0,0.0,1.0,0.6662825083421218
0.9631483547582466,1.1934895588394174,0.0,1,2.0,0.4423076408447067,-0.8755075622572018,0,0,0,1.0,0.0,0.0,0.0,0.0,-0.3519723915718554
0.4368912668945862,0.3465913559673712,1.0,0,3.0,-1.6582586151283931,-0.755245950528938,0,0,0,2.0,0.0,0.0,0.0,0.0,-1.3702272914858324
0.4368912668945862,-0.2180074459473263,0.0,1,2.0,0.4700607870838227,-0.1767871406735703,1,0,0,1.0,0.0,0.0,0.0,0.0,-0.3519723915718554
-1.1418799966963948,-1.3472050497767214,2.0,1,0.0,0.4405730692047616,1.3213825229674994,0,1,1,0.0,0.0,1.0,1.0,1.0,1.6845374082560989
0.9631483547582466,0.62889075692472,0.0,1,3.0,-1.4605174481746914,-0.9296458724437368,1,0,0,0.0,0.0,0.0,0.0,0.0,-1.3702272914858324
-1.6681370845600552,0.0642919550100224,2.0,1,2.0,1.2523525966989075,2.278512166556823,0,0,1,1.0,0.0,1.0,0.0,1.0,1.1754099582991104
0.4368912668945862,-0.7826062478620239,0.0,0,3.0,-0.0988787108180575,-0.2884259628199484,0,0,0,0.0,1.0,1.0,1.0,0.0,0.6662825083421218
0.9631483547582466,1.4757889597967662,0.0,0,3.0,-0.4405893238871743,-0.9161970653505038,0,1,0,0.0,0.0,0.0,0.0,0.0,-0.3519723915718554
-0.6156229088327345,0.9111901578820688,2.0,1,3.0,-1.5021471675333653,-0.495921843686972,0,0,0,2.0,0.0,0.0,0.0,0.0,-1.3702272914858324
0.9631483547582466,0.9111901578820688,0.0,0,2.0,0.6296413779587402,-0.8005098778036117,0,0,0,1.0,0.0,0.0,1.0,0.0,0.1571550583851332
0.4368912668945862,-0.2180074459473263,1.0,0,1.0,0.9158456985496248,-0.1096803379328463,1,1,1,1.0,1.0,0.0,1.0,1.0,1.1754099582991104
0.9631483547582466,-0.2180074459473263,0.0,1,2.0,0.5706659422006184,-0.7242084824583305,1,1,0,1.0,0.0,0.0,0.0,0.0,-0.3519723915718554
-1.6681370845600552,-1.3472050497767214,2.0,0,0.0,-1.512554597373034,-0.1897556332277592,0,1,1,2.0,0.0,0.0,0.0,0.0,-1.3702272914858324
1.489405442621907,-1.62950445073407,0.0,0,2.0,-1.6808080464476751,-0.932550631798908,0,1,1,2.0,0.0,0.0,0.0,0.0,-1.3702272914858324
-0.0893658209690741,-0.5003068469046751,1.0,0,2.0,-0.2948853061318149,-0.0481543326933959,0,0,0,0.0,1.0,0.0,0.0,1.0,0.1571550583851332
0.9631483547582466,0.62889075692472,0.0,1,0.0,1.1673585863416147,-0.8049699413804492,0,0,0,1.0,0.0,0.0,1.0,0.0,0.6662825083421218
-1.1418799966963948,1.1934895588394174,0.0,1,1.0,-1.3338937184587238,-0.2738792939231862,1,1,0,0.0,0.0,1.0,0.0,0.0,-0.861099841528844
-1.1418799966963948,1.4757889597967662,1.0,1,1.0,1.3252046055765874,1.3836404360759695,0,0,0,1.0,0.0,1.0,1.0,0.0,1.1754099582991104
-1.6681370845600552,-0.7826062478620239,2.0,0,1.0,0.0364178770976336,1.281127590171428,0,1,1,0.0,1.0,0.0,1.0,0.0,0.6662825083421218
0.4368912668945862,0.9111901578820688,0.0,1,0.0,0.2272207574915568,-0.3644528927143473,1,0,0,1.0,0.0,0.0,0.0,0.0,-0.861099841528844
-0.0893658209690741,-1.0649056488193729,0.0,1,2.0,1.2592908832586869,0.542243724275352,0,1,1,1.0,0.0,0.0,1.0,1.0,1.1754099582991104
-0.6156229088327345,-1.0649056488193729,1.0,1,2.0,0.3815976334466402,0.7283770442153695,0,1,0,1.0,0.0,1.0,0.0,0.0,-0.3519723915718554
0.4368912668945862,-1.3472050497767214,0.0,1,2.0,-0.5810896267226998,-0.3578885940140788,0,0,0,0.0,1.0,0.0,0.0,0.0,-0.3519723915718554
-0.6156229088327345,-0.7826062478620239,0.0,1,2.0,0.9123765552697356,0.97354330821599,0,1,1,1.0,0.0,0.0,0.0,0.0,0.1571550583851332
-1.1418799966963948,1.1934895588394174,1.0,1,0.0,0.4058816364058665,0.876748492538163,1,0,0,1.0,0.0,1.0,0.0,0.0,-0.3519723915718554
0.4368912668945862,-0.5003068469046751,0.0,1,2.0,0.9089074119898458,-0.1261025207439709,1,0,0,1.0,0.0,1.0,1.0,0.0,0.6662825083421218
0.9631483547582466,-1.62950445073407,0.0,0,1.0,-0.4405893238871743,-0.6997581852088984,0,1,1,0.0,0.0,0.0,1.0,1.0,0.1571550583851332
0.4368912668945862,-0.2180074459473263,0.0,1,2.0,1.0927720058239905,-0.1441486241394826,0,1,0,1.0,1.0,0.0,0.0,0.0,0.6662825083421218
-1.6681370845600552,-1.3472050497767214,2.0,1,1.0,1.2835748862179135,2.516610945197224,0,1,1,1.0,1.0,0.0,1.0,1.0,1.6845374082560989
-0.6156229088327345,1.1934895588394174,2.0,1,1.0,-0.4874227581656828,0.0652456427628102,0,0,0,0.0,0.0,0.0,0.0,1.0,-0.3519723915718554
-0.0893658209690741,-0.7826062478620239,1.0,0,0.0,-0.1283664286971182,0.0220630784906608,1,1,0,0.0,0.0,0.0,1.0,1.0,0.6662825083421218
0.4368912668945862,-0.5003068469046751,0.0,0,2.0,1.2280685937396811,-0.020753531846979,0,1,1,1.0,0.0,0.0,1.0,1.0,1.1754099582991104
-1.6681370845600552,-1.3472050497767214,2.0,0,1.0,1.6617115037258705,2.8700309574500062,0,1,0,1.0,1.0,1.0,1.0,1.0,2.193664858213088
-1.1418799966963948,1.1934895588394174,0.0,1,2.0,0.4457767841245961,0.9417968043972696,0,1,1,1.0,0.0,0.0,0.0,1.0,-0.3519723915718554
0.4368912668945862,-1.62950445073407,0.0,0,2.0,1.266229169818466,0.0456899793874458,0,1,1,1.0,0.0,1.0,1.0,0.0,1.1754099582991104
-0.0893658209690741,-0.7826062478620239,1.0,0,0.0,0.3226221976885184,0.3182570442344832,0,1,1,0.0,0.0,0.0,1.0,0.0,0.6662825083421218
-0.6156229088327345,-1.62950445073407,1.0,1,1.0,1.087568290904156,1.3095347643377466,0,1,0,1.0,0.0,0.0,1.0,1.0,1.1754099582991104
0.4368912668945862,0.3465913559673712,0.0,0,1.0,1.158685728141891,-0.1204988511217905,0,0,0,1.0,0.0,1.0,1.0,0.0,1.1754099582991104
-0.0893658209690741,-1.0649056488193729,2.0,0,1.0,-1.6721351882479514,-0.6073319446242816,0,1,1,2.0,0.0,0.0,0.0,0.0,-1.3702272914858324
0.9631483547582466,0.62889075692472,0.0,0,3.0,-0.6071082013218712,-0.8469402832445352,0,0,0,0.0,0.0,0.0,0.0,0.0,-0.861099841528844
-0.6156229088327345,-0.2180074459473263,2.0,0,0.0,1.1170560087832166,1.0613951246192348,0,0,0,1.0,0.0,0.0,1.0,1.0,1.1754099582991104
0.9631483547582466,0.62889075692472,0.0,1,3.0,-0.4995647596452962,-0.9169747174613372,0,0,0,0.0,0.0,0.0,0.0,0.0,-0.3519723915718554
0.9631483547582466,0.3465913559673712,0.0,1,2.0,0.544647367601447,-0.756549661420629,0,1,1,1.0,0.0,1.0,0.0,0.0,0.1571550583851332
-1.6681370845600552,-1.3472050497767214,2.0,0,1.0,0.716369959955978,1.9689608822033944,0,0,0,0.0,1.0,1.0,1.0,1.0,2.193664858213088
0.4368912668945862,0.9111901578820688,0.0,1,0.0,0.2428319022510597,-0.4349447693492863,0,1,1,1.0,0.0,0.0,0.0,0.0,-0.861099841528844
-0.0893658209690741,-0.5003068469046751,0.0,1,2.0,1.1135868655033274,0.5775354068346352,0,0,0,1.0,0.0,1.0,0.0,0.0,0.6662825083421218
0.9631483547582466,0.62889075692472,0.0,0,3.0,-0.8152567981152419,-0.9211374434663854,0,0,0,0.0,0.0,0.0,0.0,0.0,-0.861099841528844
0.9631483547582466,0.3465913559673712,0.0,1,2.0,0.2428319022510597,-0.7942657887960392,1,0,0,1.0,0.0,0.0,0.0,0.0,-0.861099841528844
0.4368912668945862,0.9111901578820688,0.0,0,0.0,0.4787336452835465,-0.5486878266190955,0,0,0,1.0,1.0,0.0,1.0,0.0,0.1571550583851332
-0.0893658209690741,-1.62950445073407,1.0,1,2.0,-0.9609608158706012,-0.2436880943261325,0,1,1,0.0,1.0,0.0,1.0,1.0,0.1571550583851332
0.9631483547582466,0.9111901578820688,0.0,0,2.0,0.2740541917700651,-0.906773751536878,0,0,0,1.0,0.0,1.0,0.0,0.0,-0.3519723915718554
0.4368912668945862,0.0642919550100224,0.0,0,2.0,-0.2896815912119807,-0.4178592950318628,0,0,0,0.0,0.0,0.0,1.0,1.0,0.1571550583851332
0.9631483547582466,0.9111901578820688,0.0,0,3.0,-1.675604331527841,-0.8986998928567568,0,1,0,2.0,0.0,0.0,0.0,0.0,-1.3702272914858324
-0.0893658209690741,1.4757889597967662,0.0,1,2.0,-1.6513203285686144,-0.7075804505590441,0,0,0,2.0,0.0,0.0,0.0,0.0,-1.3702272914858324
0.9631483547582466,1.4757889597967662,0.0,1,2.0,-0.450996753726843,-0.9163342980759448,0,0,0,0.0,1.0,1.0,0.0,0.0,0.1571550583851332
-1.1418799966963948,-1.0649056488193729,2.0,0,2.0,1.5905940664881353,2.059946179170879,0,1,0,1.0,1.0,1.0,1.0,1.0,2.193664858213088
-1.6681370845600552,0.0642919550100224,1.0,1,1.0,1.3009206026173612,2.2769339902142494,1,1,0,1.0,1.0,1.0,1.0,1.0,1.6845374082560989
0.9631483547582466,-0.2180074459473263,0.0,0,3.0,-1.6495857569286696,-0.8597029267105624,0,0,1,2.0,0.0,0.0,0.0,0.0,-1.3702272914858324
-1.6681370845600552,-1.3472050497767214,0.0,1,1.0,1.2905131727776922,2.511373229509553,1,1,1,1.0,1.0,1.0,0.0,0.0,1.1754099582991104
0.9631483547582466,0.0642919550100224,0.0,1,2.0,-0.6834293534794402,-0.7857573598186878,1,0,0,0.0,1.0,0.0,0.0,0.0,-0.3519723915718554
0.9631483547582466,0.9111901578820688,0.0,1,2.0,0.3156839111287393,-0.8326909519195621,1,0,0,1.0,0.0,0.0,0.0,0.0,-0.861099841528844
-1.1418799966963948,-0.2180074459473263,1.0,0,0.0,-1.633974612169167,-0.4740332239791082,0,1,0,2.0,0.0,0.0,0.0,0.0,-1.3702272914858324
-0.6156229088327345,0.62889075692472,0.0,1,2.0,-0.955757100950767,-0.1739281255602129,0,0,0,0.0,0.0,1.0,0.0,0.0,-0.3519723915718554
-0.0893658209690741,-0.5003068469046751,0.0,1,1.0,-0.8100530831954077,-0.2723926060642404,0,1,0,0.0,0.0,0.0,0.0,0.0,-0.861099841528844
0.4368912668945862,1.1934895588394174,0.0,1,1.0,0.2254861858516122,-0.5312363983671622,0,1,1,1.0,0.0,0.0,0.0,0.0,-0.861099841528844
0.9631483547582466,-1.3472050497767214,0.0,1,0.0,0.4371039259248723,-0.5311677820044416,0,1,0,1.0,0.0,1.0,0.0,0.0,-0.3519723915718554
0.4368912668945862,-1.0649056488193729,0.0,0,2.0,-1.632240040529222,-0.7246659248764676,0,0,0,2.0,0.0,0.0,0.0,0.0,-1.3702272914858324
-0.6156229088327345,0.62889075692472,0.0,1,0.0,1.087568290904156,0.7863807428351637,0,0,1,1.0,0.0,0.0,1.0,0.0,0.6662825083421218
-1.6681370845600552,-1.0649056488193729,1.0,1,1.0,0.9175802701895696,1.959400335664328,0,1,1,1.0,1.0,0.0,0.0,1.0,0.6662825083421218
-0.6156229088327345,-0.7826062478620239,2.0,0,1.0,-0.9540225293108224,-0.0985187429302991,0,1,0,0.0,1.0,0.0,1.0,1.0,0.1571550583851332
-0.6156229088327345,-0.7826062478620239,1.0,1,3.0,1.4448900487327756,1.2681133533754252,1,1,0,1.0,1.0,0.0,1.0,1.0,1.6845374082560989
-0.6156229088327345,0.62889075692472,0.0,1,1.0,0.3920050632863087,0.5378522770612351,1,0,0,1.0,1.0,1.0,0.0,0.0,0.1571550583851332
-0.6156229088327345,-0.5003068469046751,2.0,1,1.0,0.9470679880686308,1.019058828820639,0,1,0,1.0,0.0,0.0,0.0,1.0,0.6662825083421218
0.9631483547582466,0.9111901578820688,0.0,0,0.0,-1.297467714019884,-0.927495893078492,0,1,1,0.0,1.0,0.0,0.0,0.0,-0.861099841528844
0.9631483547582466,-0.7826062478620239,1.0,1,2.0,1.0754262894245428,-0.4542945836364889,0,0,0,1.0,1.0,0.0,1.0,0.0,1.1754099582991104
0.9631483547582466,-0.2180074459473263,0.0,0,2.0,-0.6417996341207662,-0.7546970196271734,0,0,0,0.0,0.0,0.0,0.0,1.0,-0.3519723915718554
0.9631483547582466,0.3465913559673712,0.0,1,2.0,-0.4475276104469535,-0.7857344876977808,0,0,0,0.0,0.0,0.0,0.0,0.0,-0.3519723915718554
0.4368912668945862,0.62889075692472,0.0,1,1.0,0.2567084753706175,-0.4165555841401718,1,0,0,1.0,0.0,1.0,0.0,0.0,-0.3519723915718554
0.9631483547582466,0.62889075692472,0.0,1,2.0,0.7250428181557018,-0.9008270001010948,1,0,0,1.0,0.0,0.0,1.0,0.0,0.1571550583851332
-1.6681370845600552,-1.3472050497767214,2.0,1,1.0,0.0953933128557554,1.3508646868164405,0,1,1,0.0,1.0,1.0,1.0,0.0,1.1754099582991104
-0.6156229088327345,-0.7826062478620239,0.0,1,2.0,0.5689313705606737,0.7000384864117715,0,1,0,1.0,0.0,0.0,1.0,1.0,0.1571550583851332
-0.6156229088327345,0.62889075692472,2.0,0,3.0,-1.6391783270890012,-0.5594148513244123,0,0,0,2.0,0.0,0.0,0.0,0.0,-1.3702272914858324
-0.0893658209690741,1.4757889597967662,0.0,1,3.0,1.2540871683388526,0.1884806302089658,0,0,0,1.0,0.0,0.0,1.0,1.0,1.1754099582991104
-1.6681370845600552,-1.0649056488193729,2.0,1,3.0,0.810036828512995,2.0729146717250684,0,1,1,0.0,1.0,1.0,1.0,1.0,2.193664858213088
0.9631483547582466,-1.3472050497767214,0.0,1,2.0,0.2306899007714462,-0.6565070045740282,1,0,0,1.0,0.0,0.0,0.0,0.0,-0.861099841528844
0.4368912668945862,1.4757889597967662,0.0,1,0.0,0.4319002110050378,-0.4574280642007287,1,0,0,1.0,0.0,0.0,1.0,0.0,-0.3519723915718554
0.9631483547582466,0.62889075692472,0.0,0,0.0,-0.6019044864020369,-0.8294888549926018,0,0,0,0.0,0.0,1.0,0.0,0.0,-0.3519723915718554
-0.6156229088327345,-0.7826062478620239,2.0,1,3.0,-1.654789471848504,-0.5217673403117226,0,1,1,2.0,0.0,0.0,0.0,0.0,-1.3702272914858324
0.9631483547582466,1.4757889597967662,0.0,0,2.0,0.5689313705606737,-0.902885490982712,0,0,0,1.0,0.0,1.0,0.0,0.0,0.1571550583851332
0.9631483547582466,0.62889075692472,0.0,1,2.0,-0.8239296563149656,-0.8990658467912666,1,0,0,0.0,0.0,0.0,0.0,0.0,-0.861099841528844
0.9631483547582466,-1.0649056488193729,0.0,1,2.0,1.463970336772168,-0.4641982119891588,0,0,0,1.0,1.0,1.0,1.0,1.0,2.193664858213088
0.9631483547582466,0.62889075692472,0.0,1,2.0,0.6227030913989611,-0.8649177702773263,0,0,0,1.0,0.0,0.0,1.0,0.0,0.1571550583851332
-0.0893658209690741,0.3465913559673712,2.0,0,1.0,-1.6825426180876202,-0.6768174479393189,0,0,0,2.0,0.0,0.0,0.0,0.0,-1.3702272914858324
-1.6681370845600552,-1.3472050497767214,2.0,1,0.0,1.4136677592137703,2.5929123405425045,0,1,1,1.0,1.0,1.0,1.0,1.0,2.193664858213088
0.9631483547582466,0.3465913559673712,0.0,0,2.0,0.0607018800568603,-0.8750501198390647,0,0,0,1.0,0.0,0.0,0.0,0.0,-0.861099841528844
-1.1418799966963948,-0.2180074459473263,1.0,0,1.0,0.9331914149490724,1.4666662349678672,1,0,1,1.0,1.0,0.0,0.0,0.0,0.6662825083421218
0.4368912668945862,0.62889075692472,0.0,1,2.0,0.6712710973174144,-0.3657108593642246,0,1,1,1.0,0.0,0.0,1.0,0.0,0.1571550583851332
0.4368912668945862,1.4757889597967662,0.0,0,3.0,-1.3425665766584478,-0.8000524353854745,0,1,1,0.0,0.0,1.0,0.0,0.0,-0.861099841528844
0.4368912668945862,-0.7826062478620239,0.0,1,3.0,0.0641710233367496,-0.234516373842482,1,0,0,0.0,1.0,0.0,1.0,1.0,1.1754099582991104
-0.0893658209690741,0.0642919550100224,2.0,0,1.0,-1.6305054688892775,-0.6261099558888128,0,0,0,2.0,0.0,0.0,0.0,0.0,-1.3702272914858324
0.4368912668945862,-1.0649056488193729,1.0,1,2.0,1.1465437266622778,-0.0834917594944929,0,1,1,1.0,0.0,0.0,0.0,1.0,0.6662825083421218
-0.0893658209690741,-1.0649056488193729,0.0,1,2.0,-0.201218437574798,0.0173971658256615,0,0,0,0.0,0.0,0.0,1.0,0.0,0.1571550583851332
-0.0893658209690741,0.62889075692472,2.0,0,3.0,-1.6825426180876202,-0.6879104265791455,0,0,0,2.0,0.0,0.0,0.0,0.0,-1.3702272914858324
0.9631483547582466,0.62889075692472,0.0,1,2.0,-1.3286900035388898,-0.9051040867106772,0,0,0,0.0,0.0,1.0,0.0,0.0,-0.861099841528844
0.9631483547582466,0.62889075692472,0.0,0,2.0,0.0867204546560317,-0.8741352350027903,0,1,1,1.0,0.0,0.0,0.0,0.0,-0.861099841528844
-0.0893658209690741,0.0642919550100224,0.0,1,1.0,-0.0520452765395488,-0.0175056906782051,0,1,0,0.0,0.0,0.0,1.0,1.0,0.6662825083421218
0.4368912668945862,0.3465913559673712,0.0,1,2.0,0.6140302331992372,-0.2088538541849864,0,1,1,1.0,0.0,0.0,0.0,1.0,0.1571550583851332
-0.0893658209690741,-1.62950445073407,0.0,1,3.0,-0.4457930388070088,-0.0124966961996029,0,1,0,0.0,1.0,0.0,0.0,0.0,-0.3519723915718554
-0.6156229088327345,0.3465913559673712,0.0,1,0.0,0.0520290218571365,0.4575482605572537,0,1,1,0.0,1.0,1.0,0.0,0.0,0.6662825083421218
0.9631483547582466,0.9111901578820688,2.0,0,3.0,-1.6651969016881725,-0.9063849254814612,0,1,1,2.0,0.0,0.0,0.0,0.0,-1.3702272914858324
-0.6156229088327345,0.3465913559673712,1.0,1,0.0,-0.2688667315326436,0.1662946729293127,0,0,0,0.0,1.0,1.0,0.0,0.0,0.1571550583851332
-1.6681370845600552,1.1934895588394174,2.0,0,1.0,1.4327480472531626,2.2834068004308903,0,0,0,1.0,1.0,1.0,1.0,1.0,2.193664858213088
0.4368912668945862,-1.0649056488193729,0.0,1,3.0,0.3972087782061427,-0.1019038168245143,1,0,0,1.0,0.0,0.0,1.0,0.0,-0.3519723915718554
0.9631483547582466,0.62889075692472,0.0,0,1.0,0.0711093098965287,-0.7948833360605243,0,1,1,1.0,0.0,0.0,0.0,0.0,-0.861099841528844
0.4368912668945862,-1.3472050497767214,0.0,1,2.0,0.3920050632863087,-0.1442401126231101,0,1,0,0.0,1.0,0.0,0.0,1.0,1.1754099582991104
-0.0893658209690741,1.1934895588394174,0.0,1,2.0,0.7389193912752601,0.1489118610401,0,0,0,1.0,0.0,0.0,1.0,1.0,0.6662825083421218
0.4368912668945862,0.62889075692472,0.0,0,0.0,-1.6704006166080068,-0.8054502559194933,0,0,0,2.0,0.0,0.0,0.0,0.0,-1.3702272914858324
-0.0893658209690741,-1.0649056488193729,2.0,0,0.0,-1.512554597373034,-0.5656131960901711,0,1,1,2.0,0.0,0.0,0.0,0.0,-1.3702272914858324
-1.6681370845600552,-1.0649056488193729,2.0,0,1.0,0.7770799673540445,1.9346298287222,0,1,1,0.0,1.0,1.0,1.0,1.0,2.193664858213088
-1.1418799966963948,-0.7826062478620239,1.0,0,0.0,1.0840991476242667,1.675557315210209,0,0,0,1.0,1.0,1.0,0.0,0.0,1.1754099582991104
-1.6681370845600552,0.3465913559673712,2.0,0,3.0,-1.4848014511339178,-0.1648478935601899,0,0,0,2.0,0.0,0.0,0.0,0.0,-1.3702272914858324
0.4368912668945862,0.62889075692472,0.0,1,2.0,0.4110853513257009,-0.4328405342258554,0,0,0,1.0,0.0,1.0,0.0,0.0,-0.3519723915718554
0.4368912668945862,1.4757889597967662,0.0,1,3.0,0.8534011195116139,-0.5141509240497386,1,1,0,1.0,0.0,1.0,1.0,1.0,1.1754099582991104
0.9631483547582466,1.1934895588394174,0.0,0,1.0,-0.8048493682755732,-0.9210002107409442,0,1,0,0.0,0.0,0.0,0.0,0.0,-0.861099841528844
0.9631483547582466,0.3465913559673712,1.0,0,1.0,-1.6964191912071782,-0.8931877117182038,0,1,1,2.0,0.0,0.0,0.0,0.0,-1.3702272914858324
-1.6681370845600552,-1.0649056488193729,1.0,1,1.0,0.7874873971937129,1.8288920137697908,0,1,0,1.0,1.0,1.0,0.0,0.0,0.6662825083421218
-1.1418799966963948,0.0642919550100224,1.0,0,3.0,1.1448091550223332,1.550972872630549,0,1,1,1.0,1.0,0.0,0.0,0.0,0.6662825083421218
0.4368912668945862,-0.7826062478620239,0.0,0,0.0,0.2463010455309491,-0.2214563928046656,0,1,1,1.0,1.0,0.0,0.0,0.0,-0.3519723915718554
0.4368912668945862,1.1934895588394174,0.0,1,2.0,0.8239134016325532,-0.3463153008352082,0,1,1,1.0,0.0,0.0,0.0,1.0,0.1571550583851332
0.9631483547582466,-1.0649056488193729,0.0,1,2.0,0.9002345537901221,-0.6506974858636861,0,0,0,1.0,0.0,0.0,0.0,0.0,0.1571550583851332
0.9631483547582466,0.0642919550100224,0.0,1,0.0,0.1040661710554792,-0.8165661066802266,0,0,0,1.0,0.0,0.0,0.0,0.0,-0.861099841528844
0.9631483547582466,-0.2180074459473263,0.0,1,0.0,-0.0832675660585546,-0.6792647648763528,0,0,0,0.0,1.0,1.0,1.0,0.0,0.6662825083421218
-0.0893658209690741,1.1934895588394174,0.0,1,2.0,0.7354502479953702,0.141958736284415,0,1,1,1.0,0.0,0.0,1.0,0.0,0.1571550583851332
0.4368912668945862,0.3465913559673712,0.0,0,2.0,-1.6964191912071782,-0.7818919713854285,0,0,0,2.0,0.0,0.0,0.0,0.0,-1.3702272914858324
0.9631483547582466,1.4757889597967662,0.0,1,3.0,0.2202824709317777,-0.9074827872849908,0,0,0,1.0,0.0,0.0,0.0,0.0,-0.861099841528844
0.4368912668945862,1.4757889597967662,0.0,1,1.0,0.981759420867526,-0.3824303797471384,0,1,0,1.0,1.0,0.0,0.0,1.0,0.6662825083421218
-1.1418799966963948,0.9111901578820688,1.0,1,1.0,1.2263340220997363,1.3629411666552622,0,1,1,1.0,1.0,1.0,0.0,0.0,1.1754099582991104
-1.6681370845600552,0.3465913559673712,1.0,1,2.0,1.2610254548986315,2.1968815670402435,0,0,0,1.0,0.0,1.0,0.0,1.0,1.1754099582991104
0.9631483547582466,1.1934895588394174,0.0,0,2.0,0.4371039259248723,-0.9046237721716331,0,0,0,1.0,0.0,0.0,0.0,0.0,-0.3519723915718554
-0.6156229088327345,-0.5003068469046751,0.0,1,0.0,0.973086562667802,1.0972128659593756,0,1,1,1.0,0.0,1.0,1.0,0.0,0.6662825083421218
-1.1418799966963948,-0.5003068469046751,2.0,0,3.0,0.7510613927548732,1.3514136177182057,0,0,1,0.0,1.0,1.0,1.0,1.0,2.193664858213088
0.9631483547582466,0.9111901578820688,0.0,1,2.0,0.4787336452835465,-0.9040748412698686,0,0,0,1.0,1.0,0.0,0.0,0.0,-0.3519723915718554
0.9631483547582466,-1.0649056488193729,0.0,1,1.0,-0.799645653355739,-0.742277457974749,0,0,0,0.0,0.0,0.0,0.0,0.0,-0.861099841528844
-1.1418799966963948,0.9111901578820688,2.0,0,0.0,-1.6270363256093878,-0.4349676414701932,0,0,0,2.0,0.0,0.0,0.0,0.0,-1.3702272914858324
-1.6681370845600552,-1.3472050497767214,2.0,0,1.0,0.0294795905378545,1.2946221415064745,0,1,1,0.0,1.0,1.0,1.0,0.0,1.1754099582991104
-1.1418799966963948,-0.7826062478620239,1.0,0,1.0,1.1257288669829404,1.6573282348474427,0,1,0,1.0,0.0,0.0,1.0,0.0,0.6662825083421218
0.4368912668945862,-0.2180074459473263,0.0,1,0.0,1.3980566144542674,0.0666179700172217,0,0,0,1.0,1.0,1.0,1.0,1.0,2.193664858213088
-1.6681370845600552,1.4757889597967662,0.0,1,1.0,0.0884550262959763,1.0257603602463483,0,1,1,0.0,0.0,0.0,0.0,0.0,0.1571550583851332
-0.6156229088327345,0.3465913559673712,2.0,0,1.0,-0.0485761332596594,0.3223511538768108,0,0,0,0.0,0.0,0.0,1.0,1.0,0.6662825083421218
0.9631483547582466,-0.5003068469046751,0.0,0,1.0,-0.4163053209279479,-0.7743212993652583,0,1,1,0.0,1.0,1.0,0.0,0.0,0.1571550583851332
-1.6681370845600552,1.1934895588394174,1.0,0,1.0,1.2696983130983557,2.073463602626833,0,0,0,1.0,1.0,1.0,1.0,1.0,1.6845374082560989
1.489405442621907,-1.62950445073407,0.0,0,3.0,-1.6738697598878964,-0.9324591433152803,0,0,0,2.0,0.0,0.0,0.0,0.0,-1.3702272914858324
-0.0893658209690741,-0.2180074459473263,0.0,1,2.0,0.9193148418295148,0.3570939055343294,0,1,1,1.0,1.0,1.0,0.0,0.0,0.6662825083421218
0.4368912668945862,-0.7826062478620239,0.0,1,0.0,1.3165317473768636,0.0830630249492534,0,1,1,1.0,0.0,1.0,1.0,0.0,1.1754099582991104
-0.6156229088327345,0.9111901578820688,0.0,1,2.0,1.2332723086595156,0.8857829802963723,0,0,0,1.0,0.0,1.0,1.0,0.0,1.1754099582991104
0.9631483547582466,-1.3472050497767214,0.0,1,2.0,0.2168133276518884,-0.6023000780247727,0,1,0,0.0,0.0,0.0,1.0,1.0,1.1754099582991104
-1.6681370845600552,-0.2180074459473263,2.0,1,2.0,0.7024933868364203,1.8711139489638524,0,0,0,0.0,1.0,1.0,1.0,1.0,2.193664858213088
-1.1418799966963948,-1.3472050497767214,1.0,1,0.0,0.3920050632863087,1.2382652355919743,0,0,0,1.0,0.0,0.0,1.0,0.0,-0.3519723915718554
-0.6156229088327345,-1.3472050497767214,1.0,1,0.0,1.293982316057582,1.2647282794812102,0,0,1,1.0,1.0,1.0,0.0,1.0,1.6845374082560989
0.9631483547582466,-1.3472050497767214,0.0,1,2.0,1.130932581902775,-0.5212412815308649,1,0,0,1.0,0.0,0.0,1.0,0.0,0.6662825083421218
0.4368912668945862,0.62889075692472,0.0,1,2.0,0.6313759495986848,-0.3762549071022865,0,1,0,1.0,0.0,0.0,0.0,0.0,-0.3519723915718554
0.9631483547582466,0.9111901578820688,0.0,0,0.0,-1.297467714019884,-0.927495893078492,0,1,1,0.0,1.0,0.0,0.0,0.0,-0.861099841528844
-0.6156229088327345,-1.0649056488193729,1.0,1,2.0,1.221130307179902,1.2951253281664257,0,0,0,1.0,0.0,1.0,1.0,0.0,1.1754099582991104
0.9631483547582466,1.4757889597967662,0.0,0,2.0,0.0763130248163627,-0.8766511683025449,1,1,0,1.0,0.0,0.0,0.0,0.0,-0.861099841528844
-1.6681370845600552,0.3465913559673712,0.0,1,2.0,1.431013475613218,2.2337514259421,0,0,0,1.0,0.0,1.0,1.0,1.0,1.6845374082560989
-1.6681370845600552,-1.0649056488193729,2.0,0,1.0,0.3347641991681316,1.608496256711299,0,1,1,0.0,1.0,0.0,1.0,0.0,1.1754099582991104
-1.1418799966963948,-0.5003068469046751,0.0,1,1.0,0.95053713134852,1.6053399040261522,1,1,1,1.0,0.0,1.0,1.0,1.0,1.1754099582991104
-1.1418799966963948,-1.3472050497767214,1.0,1,3.0,-0.281008733012257,0.6875731805175334,0,1,0,0.0,1.0,0.0,0.0,0.0,0.1571550583851332
-0.6156229088327345,-0.7826062478620239,0.0,0,0.0,-0.4475276104469535,0.1902417835187939,0,1,0,0.0,1.0,0.0,0.0,0.0,-0.3519723915718554
-0.6156229088327345,0.3465913559673712,0.0,1,2.0,1.0580805730250953,0.9742065997222888,1,0,0,1.0,0.0,0.0,1.0,0.0,0.6662825083421218
-1.6681370845600552,-1.3472050497767214,2.0,0,0.0,1.0563460013851502,2.228353605408081,1,1,0,1.0,0.0,1.0,0.0,0.0,0.6662825083421218
-1.1418799966963948,-1.0649056488193729,1.0,1,1.0,0.4631225005240436,1.1808333399948516,0,1,0,1.0,1.0,0.0,1.0,0.0,0.1571550583851332
0.4368912668945862,-1.62950445073407,0.0,1,3.0,-1.691215476287344,-0.7229733879293602,0,1,1,2.0,0.0,0.0,0.0,0.0,-1.3702272914858324
-1.1418799966963948,-0.5003068469046751,1.0,1,0.0,1.2714328847383,1.709270821426919,1,1,1,1.0,1.0,0.0,1.0,0.0,1.1754099582991104
0.4368912668945862,-0.7826062478620239,0.0,1,2.0,0.5012830766028281,-0.0938757023862069,0,0,0,1.0,0.0,1.0,0.0,0.0,-0.3519723915718554
0.4368912668945862,0.0642919550100224,0.0,0,3.0,-1.640912898728946,-0.7516321554256542,0,1,1,2.0,0.0,0.0,0.0,0.0,-1.3702272914858324
0.9631483547582466,0.0642919550100224,0.0,1,2.0,1.130932581902775,-0.7063224839091669,0,0,0,1.0,0.0,0.0,1.0,0.0,0.6662825083421218
0.4368912668945862,-1.0649056488193729,2.0,0,3.0,-0.9644299591504908,-0.5490766526745121,0,0,1,0.0,1.0,0.0,1.0,1.0,0.1571550583851332
0.4368912668945862,-1.3472050497767214,1.0,0,1.0,-1.64611661364878,-0.7002156276270356,0,0,0,2.0,0.0,0.0,0.0,0.0,-1.3702272914858324
-0.6156229088327345,0.0642919550100224,1.0,1,2.0,1.5281494874501242,1.1330077351786096,1,1,1,1.0,0.0,1.0,1.0,1.0,1.6845374082560989
-1.6681370845600552,-0.7826062478620239,2.0,0,3.0,0.0017264442987385,1.1921321677228398,0,1,0,0.0,1.0,1.0,0.0,1.0,1.1754099582991104
0.9631483547582466,0.0642919550100224,0.0,1,2.0,0.7389193912752601,-0.7830813216725852,1,0,0,1.0,0.0,0.0,1.0,0.0,0.1571550583851332
0.9631483547582466,1.4757889597967662,1.0,0,3.0,-1.654789471848504,-0.9255517628014092,0,1,1,2.0,0.0,0.0,0.0,0.0,-1.3702272914858324
-0.0893658209690741,-1.62950445073407,2.0,0,3.0,-1.668666044968062,-0.5694099681607097,0,0,0,2.0,0.0,0.0,0.0,0.0,-1.3702272914858324
0.9631483547582466,0.9111901578820688,0.0,1,2.0,0.4076162080458116,-0.9050125982270498,0,0,0,1.0,0.0,0.0,0.0,0.0,-0.3519723915718554
0.4368912668945862,-1.3472050497767214,0.0,1,1.0,-0.5828241983626444,-0.3606789927647156,0,0,0,0.0,0.0,0.0,0.0,1.0,-0.3519723915718554
-0.0893658209690741,1.4757889597967662,1.0,1,3.0,-0.4111016060081137,-0.230948322981012,0,0,0,0.0,0.0,1.0,1.0,0.0,0.1571550583851332
0.9631483547582466,0.9111901578820688,0.0,1,2.0,-1.6669314733281173,-0.912629014489034,0,0,0,2.0,0.0,0.0,0.0,0.0,-1.3702272914858324
-0.0893658209690741,-0.2180074459473263,0.0,1,2.0,0.4024124931259771,0.2776361575039018,1,0,0,1.0,0.0,0.0,0.0,0.0,-0.3519723915718554
0.9631483547582466,0.62889075692472,0.0,0,2.0,0.0728438815364734,-0.9094269175620736,0,1,0,1.0,0.0,0.0,0.0,0.0,-0.861099841528844
0.9631483547582466,-0.2180074459473263,0.0,0,2.0,0.7423885345551493,-0.6772291461156424,0,0,0,1.0,0.0,0.0,0.0,0.0,0.1571550583851332
-0.0893658209690741,1.1934895588394174,0.0,0,2.0,0.5533202258011708,0.1153355875488311,1,1,0,0.0,0.0,1.0,1.0,1.0,1.6845374082560989
-0.0893658209690741,0.0642919550100224,0.0,1,1.0,0.5845425153201766,0.2540321287280234,0,0,0,1.0,1.0,0.0,1.0,0.0,0.1571550583851332
0.9631483547582466,1.1934895588394174,0.0,1,0.0,-0.8169913697551866,-0.9211603155872924,0,1,1,0.0,0.0,0.0,0.0,0.0,-0.861099841528844
-0.6156229088327345,-0.5003068469046751,0.0,0,2.0,-0.4076324627282241,0.2018379488185715,0,1,1,0.0,0.0,0.0,0.0,0.0,-0.3519723915718554
0.9631483547582466,-0.5003068469046751,0.0,1,2.0,0.9297222716691832,-0.6028032646847237,0,0,0,1.0,0.0,0.0,1.0,0.0,0.6662825083421218
0.9631483547582466,-0.7826062478620239,0.0,1,3.0,-1.6305054688892775,-0.8284596095517932,0,0,0,2.0,0.0,0.0,0.0,0.0,-1.3702272914858324
-0.6156229088327345,-0.5003068469046751,0.0,0,1.0,-0.4284473224075613,0.1299737449292208,1,1,0,0.0,0.0,1.0,1.0,0.0,0.6662825083421218
-0.0893658209690741,1.1934895588394174,0.0,1,2.0,1.0702225745047085,0.1597532463499512,0,0,0,1.0,0.0,0.0,1.0,0.0,0.6662825083421218
-0.0893658209690741,-0.5003068469046751,0.0,0,1.0,0.9279877000292386,0.2703856951764276,0,1,1,1.0,1.0,0.0,0.0,0.0,0.6662825083421218
-0.6156229088327345,-1.62950445073407,2.0,0,1.0,1.34428489361598,1.425519289456428,0,1,0,1.0,1.0,1.0,1.0,1.0,1.6845374082560989
0.9631483547582466,0.9111901578820688,0.0,1,2.0,0.5880116586000659,-0.9026338976527366,0,0,0,1.0,0.0,0.0,1.0,0.0,0.1571550583851332
-1.1418799966963948,0.0642919550100224,0.0,0,2.0,0.7822836822738789,1.3662576241867568,1,1,0,1.0,0.0,1.0,1.0,1.0,0.6662825083421218
0.4368912668945862,1.1934895588394174,0.0,0,3.0,-1.675604331527841,-0.8044896268414051,0,0,0,2.0,0.0,0.0,0.0,0.0,-1.3702272914858324
0.9631483547582466,0.9111901578820688,0.0,1,3.0,1.143074583382388,-0.758814001390408,0,0,0,1.0,0.0,0.0,0.0,1.0,0.6662825083421218
0.9631483547582466,-1.3472050497767214,0.0,1,2.0,0.2306899007714462,-0.6565070045740282,1,0,0,1.0,0.0,0.0,0.0,0.0,-0.861099841528844
-0.0893658209690741,0.3465913559673712,0.0,0,2.0,0.5914808018799558,0.0510877999214646,1,1,0,1.0,0.0,1.0,0.0,0.0,0.1571550583851332
0.9631483547582466,0.0642919550100224,0.0,0,0.0,-0.1248972854172288,-0.7374514404634017,0,0,0,0.0,0.0,0.0,1.0,1.0,0.6662825083421218
-1.6681370845600552,-0.5003068469046751,2.0,1,0.0,0.4388384975648169,1.467032188902377,1,1,0,0.0,0.0,1.0,1.0,0.0,1.1754099582991104
0.9631483547582466,1.4757889597967662,0.0,1,3.0,-0.6105773446017607,-0.8990201025494529,0,0,0,0.0,0.0,1.0,0.0,0.0,-0.3519723915718554
-1.6681370845600552,-1.3472050497767214,2.0,1,2.0,0.4475113557645407,1.6790338775880518,0,1,1,0.0,1.0,0.0,1.0,1.0,1.6845374082560989
0.9631483547582466,-0.2180074459473263,0.0,1,2.0,-0.2740704464524778,-0.7183303473852678,0,0,0,0.0,1.0,0.0,0.0,0.0,0.1571550583851332
0.9631483547582466,-0.2180074459473263,0.0,1,2.0,0.2410973306111146,-0.6795849745690488,0,0,0,1.0,0.0,0.0,0.0,0.0,-0.861099841528844
0.4368912668945862,-1.3472050497767214,1.0,0,3.0,-1.6565240434884487,-0.7324653181057066,0,1,0,2.0,0.0,0.0,0.0,0.0,-1.3702272914858324
-1.6681370845600552,1.4757889597967662,2.0,1,2.0,1.342550321976035,1.9991749539213548,0,0,0,1.0,0.0,0.0,1.0,1.0,1.1754099582991104
0.9631483547582466,-0.5003068469046751,0.0,1,1.0,0.0398870203775229,-0.6423034174908688,0,1,0,0.0,0.0,1.0,1.0,0.0,0.6662825083421218
0.9631483547582466,0.62889075692472,0.0,0,3.0,-0.4423238955271192,-0.8686459259851442,0,0,0,0.0,0.0,0.0,0.0,0.0,-0.3519723915718554
-0.0893658209690741,-1.0649056488193729,0.0,1,2.0,0.5932153735199004,0.2671378540076536,1,1,0,1.0,0.0,0.0,0.0,0.0,-0.3519723915718554
-0.0893658209690741,1.4757889597967662,0.0,0,2.0,0.5342399377617786,-0.0970549271922602,0,1,1,1.0,0.0,1.0,0.0,0.0,0.1571550583851332
1.489405442621907,-1.62950445073407,0.0,0,3.0,-1.1899242723433092,-0.9260778215822668,0,0,1,0.0,0.0,1.0,0.0,1.0,-0.3519723915718554
-0.0893658209690741,1.4757889597967662,0.0,1,2.0,0.766672537514376,-0.0293991935497717,0,0,0,1.0,0.0,0.0,0.0,1.0,0.1571550583851332
0.9631483547582466,1.1934895588394174,0.0,0,0.0,-1.6634623300482276,-0.9323219105898394,0,1,1,2.0,0.0,0.0,0.0,0.0,-1.3702272914858324
-0.6156229088327345,0.9111901578820688,0.0,0,0.0,1.071957146144653,0.6484161095249911,0,0,0,1.0,0.0,0.0,0.0,1.0,0.6662825083421218
-0.0893658209690741,-1.0649056488193729,0.0,0,0.0,1.1847043027410622,0.6378949339078359,1,1,0,1.0,0.0,0.0,1.0,0.0,0.6662825083421218
0.9631483547582466,-1.0649056488193729,2.0,0,3.0,-1.647851185288725,-0.8355728391538263,0,0,0,2.0,0.0,0.0,0.0,0.0,-1.3702272914858324
0.9631483547582466,-0.5003068469046751,0.0,1,2.0,0.4648570721639883,-0.751014608161169,0,1,0,1.0,0.0,1.0,0.0,0.0,-0.3519723915718554
0.4368912668945862,1.1934895588394174,0.0,1,2.0,0.8013639703132711,-0.2872823567746055,0,0,1,1.0,0.0,1.0,0.0,0.0,0.1571550583851332
0.4368912668945862,0.9111901578820688,0.0,1,0.0,1.1187905804231617,-0.4088476793945604,0,0,0,1.0,0.0,0.0,1.0,0.0,0.6662825083421218
0.9631483547582466,-0.5003068469046751,0.0,1,2.0,0.4544496423243199,-0.771439412130994,1,1,0,1.0,0.0,1.0,0.0,0.0,-0.3519723915718554
-0.6156229088327345,-0.7826062478620239,0.0,1,1.0,1.3963220428143228,1.163107446292036,1,0,0,1.0,1.0,1.0,0.0,1.0,1.6845374082560989
0.4368912668945862,-0.2180074459473263,0.0,1,2.0,0.988697707427305,-0.218139935273171,1,0,0,1.0,0.0,0.0,0.0,0.0,0.1571550583851332
0.9631483547582466,-1.0649056488193729,0.0,1,2.0,0.9574754179082992,-0.5621823779541423,0,0,0,1.0,0.0,0.0,0.0,0.0,0.1571550583851332
0.9631483547582466,0.3465913559673712,0.0,0,1.0,0.423227352805314,-0.8419312887659332,0,0,0,1.0,0.0,0.0,1.0,1.0,0.1571550583851332
-0.0893658209690741,1.1934895588394174,0.0,1,2.0,0.7354502479953702,0.141958736284415,0,1,1,1.0,0.0,0.0,1.0,0.0,0.1571550583851332
-1.1418799966963948,-0.2180074459473263,2.0,1,1.0,0.2757887634100097,1.0078057453344642,0,1,1,0.0,1.0,1.0,0.0,1.0,1.1754099582991104
0.9631483547582466,1.4757889597967662,0.0,1,3.0,-1.2679799961408231,-0.9271070670230755,0,0,1,0.0,0.0,1.0,0.0,0.0,-0.861099841528844
-1.1418799966963948,0.0642919550100224,1.0,1,2.0,0.931456843309128,1.472064055501886,0,1,0,1.0,1.0,0.0,0.0,0.0,0.6662825083421218
0.9631483547582466,-0.7826062478620239,2.0,0,1.0,-1.4501100183350226,-0.8382717494208357,0,1,1,2.0,0.0,0.0,0.0,0.0,-1.3702272914858324
-1.1418799966963948,-1.62950445073407,2.0,0,1.0,0.7198391032358677,1.4927175806807793,0,0,0,0.0,0.0,1.0,1.0,1.0,1.6845374082560989
0.4368912668945862,-0.7826062478620239,1.0,1,1.0,-0.6400650624808213,-0.4696417767649912,0,0,1,0.0,0.0,0.0,1.0,0.0,0.1571550583851332
-0.0893658209690741,1.4757889597967662,1.0,1,1.0,-0.5672130536031418,-0.3488769783767764,0,0,0,0.0,0.0,0.0,0.0,0.0,-0.861099841528844
0.9631483547582466,-0.2180074459473263,0.0,1,2.0,0.4162890662455354,-0.7930993106297894,0,0,0,1.0,0.0,0.0,0.0,0.0,-0.3519723915718554
0.9631483547582466,0.62889075692472,0.0,1,2.0,0.1300847456546506,-0.9086721375721472,0,0,1,1.0,0.0,0.0,0.0,0.0,-0.861099841528844
-0.6156229088327345,-0.5003068469046751,0.0,1,1.0,0.3486407722876898,0.6065372561445324,0,1,1,1.0,0.0,0.0,0.0,0.0,-0.3519723915718554
0.4368912668945862,-1.3472050497767214,0.0,1,2.0,0.6452525227182431,-0.1140717851469632,0,1,0,1.0,0.0,0.0,0.0,0.0,-0.3519723915718554
0.9631483547582466,0.3465913559673712,0.0,0,2.0,0.7493268211149284,-0.8675709363025219,1,0,0,1.0,0.0,1.0,0.0,0.0,0.1571550583851332
-0.6156229088327345,-0.7826062478620239,1.0,1,1.0,0.9366605582289624,1.0817970564681527,0,0,0,1.0,0.0,1.0,1.0,0.0,0.6662825083421218
-1.1418799966963948,-0.2180074459473263,1.0,1,2.0,1.3494886085358142,1.764049550998846,0,0,0,1.0,0.0,1.0,1.0,0.0,1.1754099582991104
-1.6681370845600552,-0.2180074459473263,2.0,0,0.0,1.630489214206865,2.6465245919481823,0,1,0,1.0,1.0,1.0,1.0,1.0,2.193664858213088
0.9631483547582466,1.1934895588394174,0.0,0,3.0,-1.4882705944138073,-0.905653017612442,0,1,0,0.0,0.0,0.0,0.0,0.0,-1.3702272914858324
-1.6681370845600552,0.3465913559673712,1.0,1,3.0,-0.4544658970067326,0.6439103017063397,0,0,0,0.0,1.0,1.0,0.0,0.0,0.1571550583851332
0.4368912668945862,1.4757889597967662,0.0,1,2.0,0.2064058978122195,-0.5177418470321155,0,0,0,1.0,0.0,0.0,0.0,1.0,-0.3519723915718554
-0.0893658209690741,0.3465913559673712,2.0,0,3.0,-1.6721351882479514,-0.6673255177629724,0,1,1,2.0,0.0,0.0,0.0,0.0,-1.3702272914858324
0.9631483547582466,0.0642919550100224,0.0,1,2.0,0.8013639703132711,-0.6985459628008348,0,1,0,1.0,0.0,1.0,1.0,0.0,0.6662825083421218
-0.6156229088327345,-0.2180074459473263,0.0,1,2.0,1.5125383426906214,1.3069502146752714,0,0,0,1.0,1.0,1.0,1.0,0.0,1.6845374082560989
-1.6681370845600552,-1.0649056488193729,2.0,1,1.0,0.6417833794383537,1.8818867179109828,0,0,0,1.0,0.0,0.0,1.0,1.0,0.1571550583851332
-1.6681370845600552,0.62889075692472,0.0,1,2.0,0.6192339481190717,1.6606904366207509,1,1,1,1.0,1.0,1.0,0.0,0.0,0.1571550583851332
-0.0893658209690741,-1.3472050497767214,1.0,1,1.0,0.7545305360347629,0.5901150733334076,0,0,0,0.0,1.0,0.0,1.0,1.0,1.6845374082560989
0.4368912668945862,-1.0649056488193729,2.0,1,3.0,-1.6738697598878964,-0.7348897629218336,0,1,1,2.0,0.0,0.0,0.0,0.0,-1.3702272914858324
0.4368912668945862,0.62889075692472,0.0,1,0.0,-0.664349065440048,-0.6517038591835879,0,1,0,0.0,0.0,0.0,1.0,0.0,0.1571550583851332
-0.0893658209690741,-0.2180074459473263,0.0,0,2.0,0.8030985419532158,0.3720980168492289,0,0,0,1.0,0.0,0.0,0.0,0.0,0.1571550583851332
0.9631483547582466,1.1934895588394174,0.0,0,1.0,0.4249619244452592,-0.9047838770179812,0,0,0,1.0,0.0,0.0,0.0,0.0,-0.3519723915718554
-1.1418799966963948,0.0642919550100224,2.0,0,3.0,-1.6513203285686144,-0.4478446455407547,0,1,1,2.0,0.0,0.0,0.0,0.0,-1.3702272914858324
0.9631483547582466,-1.0649056488193729,0.0,0,2.0,1.143074583382388,-0.5665509530473523,0,0,0,1.0,0.0,1.0,0.0,0.0,0.6662825083421218
0.9631483547582466,1.1934895588394174,0.0,1,2.0,-0.279274161372312,-0.914069958106166,0,0,0,0.0,0.0,0.0,0.0,0.0,-0.3519723915718554
0.9631483547582466,-1.62950445073407,0.0,1,1.0,0.3607827737673029,-0.4684752985987414,0,0,1,1.0,0.0,0.0,0.0,0.0,-0.3519723915718554
-0.0893658209690741,1.4757889597967662,0.0,1,2.0,-0.0641872780191624,-0.185570035101804,1,0,0,0.0,0.0,0.0,0.0,1.0,0.1571550583851332
-0.0893658209690741,1.4757889597967662,0.0,1,2.0,1.156951156501946,0.1747802297857574,1,0,0,1.0,0.0,1.0,0.0,0.0,0.6662825083421218
0.9631483547582466,0.3465913559673712,0.0,0,3.0,-1.654789471848504,-0.884885131829014,0,0,0,2.0,0.0,0.0,0.0,0.0,-1.3702272914858324
-1.1418799966963948,-0.7826062478620239,0.0,1,2.0,1.071957146144653,1.6283492576584524,1,0,0,1.0,1.0,0.0,0.0,0.0,0.6662825083421218
0.4368912668945862,-1.3472050497767214,0.0,1,2.0,0.9245185567493488,-0.0724673972173869,1,1,0,1.0,0.0,0.0,0.0,0.0,0.1571550583851332
-0.6156229088327345,-0.5003068469046751,1.0,0,1.0,1.536822345649848,1.3603337448718804,0,0,0,1.0,1.0,1.0,1.0,1.0,2.193664858213088
0.9631483547582466,0.3465913559673712,0.0,0,2.0,-0.985244818829828,-0.8450418972092659,0,0,0,0.0,0.0,0.0,1.0,0.0,-0.3519723915718554
0.9631483547582466,0.9111901578820688,0.0,1,2.0,0.0572327367769705,-0.9096327666502354,1,1,0,1.0,0.0,0.0,0.0,0.0,-0.861099841528844
0.9631483547582466,-1.3472050497767214,0.0,0,0.0,-0.4752807566860695,-0.625583897107955,0,1,0,0.0,1.0,0.0,0.0,1.0,0.1571550583851332
0.9631483547582466,1.1934895588394174,0.0,1,2.0,-1.6530549002085593,-0.9133380502371464,0,0,0,2.0,0.0,0.0,0.0,0.0,-1.3702272914858324
0.9631483547582466,0.62889075692472,0.0,0,2.0,0.2879307648896233,-0.9065907745696232,0,1,0,1.0,0.0,0.0,1.0,0.0,-0.3519723915718554
0.9631483547582466,0.9111901578820688,0.0,1,2.0,0.4301656393650931,-0.9047152606552608,1,1,0,1.0,1.0,0.0,0.0,0.0,-0.3519723915718554
-1.1418799966963948,-1.3472050497767214,0.0,1,0.0,1.1361362968226094,1.660507459653496,1,1,0,1.0,0.0,0.0,1.0,0.0,0.6662825083421218
0.4368912668945862,0.3465913559673712,0.0,0,2.0,0.1647761784535457,-0.3951244068504451,0,0,0,1.0,0.0,0.0,0.0,0.0,-0.861099841528844
0.9631483547582466,-1.62950445073407,0.0,1,2.0,0.3763939185268058,-0.4861325759388365,0,0,0,0.0,1.0,0.0,1.0,0.0,1.1754099582991104
0.9631483547582466,0.9111901578820688,0.0,1,2.0,0.4475113557645407,-0.9044865394461922,0,0,0,1.0,0.0,0.0,0.0,0.0,-0.3519723915718554
-0.0893658209690741,0.9111901578820688,0.0,1,3.0,-1.3234862886190557,-0.5797481668106098,0,0,0,0.0,0.0,0.0,1.0,0.0,-0.861099841528844
-0.0893658209690741,0.0642919550100224,2.0,0,0.0,-1.647851185288725,-0.6628197099443213,0,0,0,2.0,0.0,0.0,0.0,0.0,-1.3702272914858324
-1.1418799966963948,0.0642919550100224,2.0,1,3.0,-0.1092861406577259,0.7131670838123083,0,0,0,0.0,0.0,1.0,1.0,0.0,0.6662825083421218
0.9631483547582466,-1.3472050497767214,0.0,1,2.0,-1.3165480020592764,-0.8275675968364257,0,1,1,0.0,0.0,1.0,0.0,0.0,-0.861099841528844
-1.6681370845600552,-1.3472050497767214,2.0,0,0.0,-1.4969434526135312,-0.1319577836961269,0,1,1,2.0,0.0,0.0,0.0,0.0,-1.3702272914858324
-1.1418799966963948,0.3465913559673712,1.0,1,0.0,-1.4969434526135312,-0.3274915453288633,0,1,1,2.0,0.0,0.0,0.0,0.0,-1.3702272914858324
0.9631483547582466,0.0642919550100224,0.0,0,3.0,1.2558217399787972,-0.6935598404431396,0,0,0,1.0,0.0,1.0,1.0,0.0,1.1754099582991104
-1.6681370845600552,0.62889075692472,1.0,1,1.0,1.309593460817085,2.2163228698110733,0,0,0,1.0,0.0,1.0,0.0,1.0,1.1754099582991104
1.489405442621907,-1.62950445073407,0.0,0,3.0,-1.654789471848504,-0.9322075499853052,0,0,0,2.0,0.0,0.0,0.0,0.0,-1.3702272914858324
-0.0893658209690741,1.4757889597967662,2.0,0,1.0,-1.6738697598878964,-0.7150596340955869,0,1,1,2.0,0.0,0.0,0.0,0.0,-1.3702272914858324
0.9631483547582466,0.62889075692472,0.0,0,2.0,0.2879307648896233,-0.9065907745696232,0,1,0,1.0,0.0,0.0,1.0,0.0,-0.3519723915718554
-0.6156229088327345,1.4757889597967662,0.0,1,2.0,1.0962411491038797,0.7794504902003854,0,1,0,1.0,0.0,0.0,1.0,0.0,0.6662825083421218
-0.0893658209690741,-0.5003068469046751,2.0,0,1.0,-1.668666044968062,-0.6480671919593973,0,1,1,2.0,0.0,0.0,0.0,0.0,-1.3702272914858324
0.9631483547582466,0.0642919550100224,0.0,1,2.0,-1.326955431898945,-0.8872409602824205,0,0,0,0.0,0.0,0.0,1.0,0.0,-0.861099841528844
0.4368912668945862,1.1934895588394174,0.0,1,0.0,0.02427587561802,-0.4343272220848012,0,1,0,1.0,0.0,0.0,0.0,0.0,-0.861099841528844
0.9631483547582466,0.62889075692472,0.0,1,3.0,-0.6244539177213186,-0.9186215101666309,0,0,1,0.0,0.0,0.0,0.0,1.0,-0.3519723915718554
-0.0893658209690741,-1.3472050497767214,0.0,1,0.0,-1.1465599813446905,-0.3617768545682448,0,0,0,0.0,0.0,1.0,0.0,1.0,-0.3519723915718554
-0.0893658209690741,-1.0649056488193729,2.0,0,3.0,-1.6582586151283931,-0.6416858702263837,0,1,1,2.0,0.0,0.0,0.0,0.0,-1.3702272914858324
0.9631483547582466,0.62889075692472,0.0,0,2.0,-0.7892382235160705,-0.9207943616527824,0,0,0,0.0,0.0,0.0,0.0,0.0,-0.861099841528844
0.9631483547582466,1.1934895588394174,0.0,1,0.0,-0.7909727951560152,-0.9208172337736894,0,0,0,0.0,0.0,0.0,0.0,0.0,-0.861099841528844
0.9631483547582466,-1.3472050497767214,1.0,0,3.0,-1.6860117613675096,-0.8368079336827967,0,0,0,2.0,0.0,0.0,0.0,0.0,-1.3702272914858324
-1.1418799966963948,-1.62950445073407,2.0,1,3.0,-1.5160237406529231,-0.2803521041398272,0,1,1,2.0,0.0,0.0,0.0,0.0,-1.3702272914858324
-0.6156229088327345,1.4757889597967662,0.0,1,2.0,1.2402105952192948,0.883061197908456,0,0,0,1.0,0.0,0.0,1.0,1.0,1.1754099582991104
-0.0893658209690741,0.3465913559673712,1.0,0,1.0,-1.6374437554490564,-0.6728834431433393,0,1,0,2.0,0.0,0.0,0.0,0.0,-1.3702272914858324
-0.0893658209690741,0.0642919550100224,0.0,0,2.0,0.7423885345551493,0.3499120595695758,0,1,1,1.0,1.0,0.0,1.0,1.0,0.6662825083421218
-0.6156229088327345,0.9111901578820688,0.0,1,2.0,1.2332723086595156,0.8857829802963723,0,0,0,1.0,0.0,1.0,1.0,0.0,1.1754099582991104
-1.1418799966963948,-1.62950445073407,1.0,0,0.0,-1.6808080464476751,-0.330144711354059,0,0,0,2.0,0.0,0.0,0.0,0.0,-1.3702272914858324
0.9631483547582466,-1.62950445073407,0.0,1,1.0,0.2029367545323301,-0.5038355975207452,0,0,0,1.0,1.0,0.0,0.0,0.0,-0.3519723915718554
0.9631483547582466,0.9111901578820688,0.0,0,2.0,0.7857528255537682,-0.9000264758693547,0,0,0,1.0,0.0,0.0,0.0,0.0,0.1571550583851332
0.4368912668945862,0.62889075692472,1.0,0,3.0,-1.6357091838091116,-0.7501225954458016,0,1,1,2.0,0.0,0.0,0.0,0.0,-1.3702272914858324
0.9631483547582466,-0.2180074459473263,0.0,1,3.0,0.2254861858516122,-0.69996403429706,1,1,0,1.0,0.0,0.0,0.0,0.0,-0.861099841528844
-1.1418799966963948,1.4757889597967662,1.0,1,0.0,1.231537737019571,1.4539035915018397,0,1,1,1.0,0.0,1.0,1.0,1.0,1.6845374082560989
-0.6156229088327345,-1.62950445073407,0.0,0,0.0,-0.2133604390544113,0.4419266019778691,0,1,1,0.0,1.0,0.0,1.0,1.0,0.6662825083421218
0.4368912668945862,0.0642919550100224,1.0,0,2.0,-0.3365150254904889,-0.4633061992737913,0,0,0,0.0,0.0,1.0,0.0,0.0,0.1571550583851332
-1.6681370845600552,-0.7826062478620239,2.0,1,1.0,0.716369959955978,1.9434127231504328,1,1,0,0.0,1.0,1.0,1.0,1.0,2.193664858213088
1.489405442621907,-1.62950445073407,2.0,0,3.0,-1.6495857569286696,-0.9321389336225844,0,1,1,2.0,0.0,0.0,0.0,0.0,-1.3702272914858324
0.4368912668945862,0.62889075692472,0.0,1,1.0,-0.7753616503965125,-0.6683547632037812,0,0,0,0.0,1.0,0.0,0.0,1.0,0.1571550583851332
0.9631483547582466,-1.62950445073407,0.0,1,3.0,0.4856719318433257,-0.4707853828103341,0,0,0,1.0,0.0,0.0,0.0,0.0,-0.3519723915718554
-0.0893658209690741,0.62889075692472,0.0,1,1.0,1.071957146144653,0.3426387251211946,0,0,0,1.0,0.0,0.0,1.0,1.0,1.1754099582991104
-1.6681370845600552,-1.3472050497767214,2.0,1,0.0,0.4995485049628834,1.7943093669586203,0,1,0,0.0,1.0,1.0,1.0,1.0,1.6845374082560989
0.9631483547582466,-1.62950445073407,0.0,1,2.0,1.266229169818466,-0.4467467837372255,0,0,0,1.0,1.0,1.0,1.0,0.0,1.6845374082560989
-1.6681370845600552,-1.0649056488193729,1.0,1,0.0,0.6521908092780222,1.8852489196842912,1,1,1,1.0,1.0,1.0,1.0,0.0,0.6662825083421218
0.9631483547582466,0.62889075692472,0.0,0,2.0,1.2974514593374713,-0.6895800914053462,0,0,0,1.0,0.0,1.0,1.0,0.0,1.1754099582991104
-1.1418799966963948,0.0642919550100224,2.0,1,1.0,-0.4388547522472297,0.4857267135145038,0,1,1,0.0,0.0,0.0,1.0,1.0,0.1571550583851332
-1.1418799966963948,1.4757889597967662,2.0,0,3.0,-1.490005166053752,-0.3644071484725336,0,1,1,2.0,0.0,0.0,0.0,0.0,-1.3702272914858324
-0.0893658209690741,-1.62950445073407,0.0,1,2.0,0.9557408462683544,0.6477299458977852,1,0,0,1.0,0.0,0.0,0.0,0.0,0.1571550583851332
-0.6156229088327345,-0.2180074459473263,0.0,1,2.0,0.3451716290078,0.5982346762553425,0,0,0,1.0,0.0,1.0,0.0,0.0,-0.3519723915718554
-1.1418799966963948,1.1934895588394174,0.0,1,2.0,1.0702225745047085,1.132458804276845,0,1,0,1.0,1.0,1.0,1.0,0.0,1.1754099582991104
-0.6156229088327345,-0.5003068469046751,2.0,0,2.0,-1.689480904647399,-0.5280571735611088,0,1,1,2.0,0.0,0.0,0.0,0.0,-1.3702272914858324
-0.0893658209690741,1.1934895588394174,0.0,1,1.0,1.215926592260068,0.2006485985314147,1,0,0,1.0,0.0,1.0,1.0,0.0,1.1754099582991104
0.9631483547582466,0.0642919550100224,0.0,1,0.0,0.4076162080458116,-0.8262867580656417,0,1,0,1.0,0.0,0.0,0.0,1.0,-0.3519723915718554
1.489405442621907,-1.62950445073407,0.0,1,3.0,-1.6651969016881725,-0.9323447827107462,0,0,0,2.0,0.0,0.0,0.0,0.0,-1.3702272914858324
-0.0893658209690741,0.62889075692472,0.0,0,3.0,-1.6669314733281173,-0.6793105091181666,0,1,0,2.0,0.0,0.0,0.0,0.0,-1.3702272914858324
0.4368912668945862,-0.7826062478620239,0.0,1,3.0,0.062436451696805,-0.2596757068400268,0,0,0,1.0,0.0,0.0,0.0,0.0,-0.861099841528844
-1.6681370845600552,-1.3472050497767214,2.0,1,0.0,1.3390811786961456,2.420204955574813,0,0,0,1.0,0.0,0.0,1.0,1.0,1.1754099582991104
-1.6681370845600552,1.1934895588394174,1.0,1,1.0,0.461387928884099,1.3297994634612238,0,1,0,1.0,0.0,0.0,0.0,1.0,-0.3519723915718554
0.4368912668945862,0.0642919550100224,0.0,1,0.0,-0.6348613475609871,-0.5009765824073878,0,1,1,0.0,0.0,0.0,1.0,0.0,-0.3519723915718554
-0.6156229088327345,-1.3472050497767214,0.0,0,0.0,-1.3044060005796632,-0.3101316055605575,0,0,0,0.0,0.0,1.0,0.0,0.0,-0.861099841528844
0.9631483547582466,0.0642919550100224,0.0,1,2.0,0.9834939925074706,-0.7070315196572795,0,0,0,1.0,0.0,1.0,0.0,0.0,0.6662825083421218
0.4368912668945862,-1.62950445073407,0.0,1,2.0,-0.6816947818394956,-0.3496088862457959,0,0,0,0.0,0.0,0.0,1.0,0.0,0.1571550583851332
0.4368912668945862,-0.7826062478620239,0.0,1,2.0,1.3252046055765874,0.0877746818560662,0,1,0,1.0,0.0,0.0,1.0,1.0,1.1754099582991104
-0.6156229088327345,1.4757889597967662,0.0,0,3.0,-1.64611661364878,-0.5840709976620062,0,1,1,2.0,0.0,0.0,0.0,0.0,-1.3702272914858324
-1.1418799966963948,0.9111901578820688,0.0,1,1.0,-0.6626144938001034,0.2273403636297192,1,0,0,0.0,1.0,0.0,0.0,0.0,0.1571550583851332
-1.1418799966963948,-0.7826062478620239,2.0,0,0.0,0.0763130248163627,0.9107135920848484,0,0,0,0.0,0.0,1.0,1.0,1.0,1.1754099582991104
0.9631483547582466,1.1934895588394174,1.0,0,3.0,-1.675604331527841,-0.9133837944789602,0,0,0,2.0,0.0,0.0,0.0,0.0,-1.3702272914858324
1.489405442621907,-1.62950445073407,0.0,1,3.0,-0.1769344346155715,-0.9127205029726612,0,0,0,0.0,0.0,0.0,0.0,0.0,0.1571550583851332
0.9631483547582466,-1.3472050497767214,0.0,1,2.0,1.130932581902775,-0.5212412815308649,1,0,0,1.0,0.0,0.0,1.0,0.0,0.6662825083421218
0.4368912668945862,1.4757889597967662,0.0,0,0.0,0.7562651076747076,-0.4621854653493552,1,0,0,1.0,0.0,0.0,0.0,0.0,0.1571550583851332
-1.1418799966963948,-1.0649056488193729,0.0,1,2.0,1.5073346277707869,2.040962318818186,0,0,0,1.0,0.0,1.0,1.0,1.0,1.6845374082560989
-0.6156229088327345,0.0642919550100224,0.0,1,2.0,0.922783985109404,0.9600487568809432,1,1,0,1.0,1.0,1.0,0.0,0.0,0.6662825083421218
0.9631483547582466,-1.3472050497767214,0.0,0,2.0,0.6435179510782985,-0.5613818537224022,0,0,0,1.0,0.0,0.0,0.0,0.0,-0.3519723915718554
-1.1418799966963948,-1.3472050497767214,0.0,1,0.0,1.243679738499184,1.7894604773263665,0,1,1,1.0,0.0,1.0,0.0,1.0,1.1754099582991104
-0.6156229088327345,1.1934895588394174,0.0,0,2.0,0.7909565404736028,0.6199174468750448,1,0,0,1.0,0.0,1.0,0.0,0.0,0.1571550583851332
-1.1418799966963948,-0.2180074459473263,2.0,0,0.0,-1.6704006166080068,-0.4600583581050174,0,0,1,2.0,0.0,0.0,0.0,0.0,-1.3702272914858324
0.4368912668945862,0.3465913559673712,1.0,1,3.0,-0.9609608158706012,-0.6157717572389125,0,0,0,0.0,1.0,1.0,0.0,1.0,0.1571550583851332
0.9631483547582466,1.1934895588394174,0.0,0,2.0,0.4371039259248723,-0.9046237721716331,0,0,0,1.0,0.0,0.0,0.0,0.0,-0.3519723915718554
-0.0893658209690741,0.3465913559673712,0.0,1,1.0,0.7632033942344867,0.3042364341185787,0,0,0,1.0,0.0,0.0,0.0,1.0,0.1571550583851332
-1.6681370845600552,0.62889075692472,2.0,1,3.0,0.7822836822738789,1.783948296187813,0,1,1,0.0,1.0,1.0,1.0,1.0,2.193664858213088
1.489405442621907,-1.62950445073407,0.0,0,2.0,-1.141356266424856,-0.9254374021968748,0,1,0,0.0,0.0,0.0,0.0,0.0,-0.861099841528844
0.4368912668945862,0.0642919550100224,0.0,0,2.0,0.9193148418295148,-0.2062464324016044,0,1,1,1.0,1.0,0.0,1.0,0.0,0.6662825083421218
0.9631483547582466,-1.62950445073407,0.0,0,2.0,1.0095125671066418,-0.3310138519485196,0,1,1,1.0,0.0,0.0,1.0,0.0,0.6662825083421218
0.4368912668945862,0.3465913559673712,0.0,1,0.0,0.9418642731487964,-0.1732190898121002,0,0,0,1.0,0.0,0.0,1.0,1.0,0.6662825083421218
0.9631483547582466,-0.2180074459473263,0.0,1,2.0,0.7597342509545969,-0.7115373274759307,1,0,0,1.0,0.0,1.0,0.0,0.0,0.1571550583851332
-0.0893658209690741,-1.3472050497767214,1.0,1,2.0,1.243679738499184,0.5960389526482842,0,1,0,1.0,1.0,0.0,1.0,1.0,1.6845374082560989
-0.0893658209690741,1.1934895588394174,0.0,1,2.0,0.7788145389939891,0.0825369661683956,0,0,0,1.0,0.0,0.0,0.0,0.0,0.1571550583851332
0.4368912668945862,0.9111901578820688,0.0,0,2.0,-0.5672130536031418,-0.5912757157476667,0,0,0,0.0,0.0,0.0,0.0,0.0,-0.861099841528844
0.4368912668945862,-0.7826062478620239,0.0,1,2.0,-0.600169914762092,-0.4504749394450435,0,0,0,0.0,0.0,0.0,1.0,0.0,0.1571550583851332
-1.1418799966963948,0.62889075692472,0.0,1,2.0,1.2887786011377476,1.6315970988272266,0,1,0,1.0,0.0,1.0,1.0,0.0,1.1754099582991104
0.9631483547582466,-1.62950445073407,0.0,1,2.0,0.2376281873312253,-0.5756540571682821,0,0,0,1.0,0.0,0.0,0.0,0.0,-0.861099841528844
-0.0893658209690741,1.4757889597967662,1.0,1,1.0,-0.678225638559606,-0.4532882103165871,0,1,1,0.0,0.0,0.0,0.0,0.0,-0.861099841528844
0.9631483547582466,0.9111901578820688,0.0,1,3.0,-0.7649542205568438,-0.9204741519600864,0,0,0,0.0,0.0,0.0,0.0,0.0,-0.861099841528844
0.4368912668945862,0.3465913559673712,0.0,1,1.0,0.4388384975648169,-0.2979865093590154,0,0,1,1.0,0.0,0.0,1.0,0.0,-0.3519723915718554
-1.6681370845600552,0.0642919550100224,2.0,0,0.0,1.273167456378245,2.2083862438563933,0,1,1,1.0,1.0,0.0,0.0,1.0,1.1754099582991104
0.4368912668945862,0.9111901578820688,0.0,1,0.0,0.794425683753492,-0.2817244313942387,0,1,1,1.0,0.0,0.0,1.0,0.0,0.1571550583851332
0.9631483547582466,0.9111901578820688,0.0,1,2.0,0.0849858830160865,-0.8778405185897016,1,0,0,1.0,0.0,0.0,0.0,0.0,-0.861099841528844
0.9631483547582466,-0.7826062478620239,0.0,0,2.0,0.2254861858516122,-0.7428721331183273,1,0,0,1.0,0.0,0.0,1.0,0.0,-0.3519723915718554
0.9631483547582466,1.1934895588394174,0.0,0,3.0,-0.7493430757973412,-0.9202683028719248,0,0,0,0.0,0.0,0.0,0.0,0.0,-0.861099841528844
0.9631483547582466,-1.62950445073407,0.0,1,2.0,1.134401725182664,-0.4564674351226405,0,0,0,1.0,0.0,0.0,1.0,0.0,0.6662825083421218
-0.6156229088327345,1.1934895588394174,0.0,1,0.0,1.130932581902775,0.729749371469781,1,1,0,1.0,1.0,1.0,0.0,1.0,1.1754099582991104
-1.6681370845600552,1.4757889597967662,0.0,1,2.0,1.3043897458972504,2.0260725681078213,0,1,1,1.0,1.0,1.0,0.0,0.0,1.1754099582991104
0.4368912668945862,1.1934895588394174,0.0,1,3.0,1.5628409202490194,-0.3080044983162196,0,0,0,1.0,0.0,1.0,1.0,1.0,1.6845374082560989
-1.6681370845600552,0.3465913559673712,2.0,1,1.0,0.7684071091543206,1.7876307076538176,0,0,0,0.0,1.0,1.0,1.0,1.0,2.193664858213088
-1.1418799966963948,-1.3472050497767214,0.0,1,2.0,-0.6296576326411529,0.4626487435194831,0,1,1,0.0,0.0,1.0,0.0,0.0,0.1571550583851332
-0.6156229088327345,-1.3472050497767214,2.0,0,3.0,-1.5385731719722051,-0.4047078255104189,0,1,1,2.0,0.0,0.0,0.0,0.0,-1.3702272914858324
-0.6156229088327345,0.62889075692472,0.0,1,0.0,0.2445664738910044,0.3713432368593025,1,1,0,1.0,0.0,0.0,0.0,0.0,-0.861099841528844
-1.6681370845600552,-0.2180074459473263,0.0,1,1.0,0.4319002110050378,1.6153350208624495,1,1,0,1.0,0.0,0.0,1.0,0.0,-0.3519723915718554
0.4368912668945862,0.9111901578820688,0.0,1,1.0,0.594949945159845,-0.3050768668401416,1,1,0,1.0,0.0,0.0,0.0,0.0,-0.3519723915718554
0.4368912668945862,-0.5003068469046751,0.0,1,1.0,0.9713519910278576,-0.1281610116255882,1,0,0,1.0,0.0,0.0,1.0,0.0,0.6662825083421218
0.4368912668945862,-0.5003068469046751,2.0,1,1.0,-1.632240040529222,-0.7423460743374696,0,0,0,2.0,0.0,0.0,0.0,0.0,-1.3702272914858324
0.4368912668945862,1.4757889597967662,0.0,1,3.0,0.9973705656270287,-0.4095109709008593,0,1,1,1.0,0.0,0.0,1.0,0.0,0.6662825083421218
-0.6156229088327345,-0.5003068469046751,0.0,1,0.0,1.2402105952192948,1.230420098120922,0,0,0,1.0,0.0,0.0,1.0,1.0,1.1754099582991104
-0.6156229088327345,1.1934895588394174,2.0,1,0.0,-1.64611661364878,-0.5800683765033059,0,1,0,2.0,0.0,0.0,0.0,0.0,-1.3702272914858324
0.9631483547582466,1.1934895588394174,0.0,0,3.0,1.3893837562545437,-0.7979939445038572,0,0,0,1.0,0.0,1.0,1.0,0.0,1.1754099582991104
0.9631483547582466,0.62889075692472,0.0,1,2.0,-0.5741513401629207,-0.8214607405542944,0,0,0,0.0,0.0,1.0,0.0,0.0,-0.3519723915718554
-0.6156229088327345,1.1934895588394174,2.0,1,2.0,1.1291980102628305,0.7976109542004313,0,0,0,1.0,1.0,0.0,1.0,0.0,1.1754099582991104
0.9631483547582466,1.4757889597967662,0.0,1,2.0,0.7423885345551493,-0.9005982788920261,1,0,0,1.0,0.0,0.0,0.0,0.0,0.1571550583851332
-1.1418799966963948,-1.3472050497767214,2.0,1,1.0,-1.6877463330074542,-0.436774539021835,0,1,1,2.0,0.0,0.0,0.0,0.0,-1.3702272914858324
0.9631483547582466,0.3465913559673712,0.0,1,2.0,0.9210494134694596,-0.713595818357548,0,1,0,1.0,0.0,0.0,1.0,0.0,0.6662825083421218
0.4368912668945862,-0.5003068469046751,0.0,1,2.0,0.3590482021273583,-0.2594241135100513,0,0,0,1.0,0.0,1.0,1.0,0.0,0.1571550583851332
0.9631483547582466,-0.5003068469046751,0.0,1,3.0,-1.618363467409664,-0.8478780402017164,1,1,0,2.0,0.0,0.0,0.0,0.0,-1.3702272914858324
-0.0893658209690741,-0.7826062478620239,0.0,1,3.0,0.4076162080458116,0.1404720484254691,1,1,0,1.0,0.0,1.0,1.0,0.0,0.1571550583851332
0.4368912668945862,1.4757889597967662,0.0,1,2.0,0.1717144650133243,-0.6264301655815088,1,0,0,1.0,0.0,1.0,0.0,0.0,-0.3519723915718554
0.9631483547582466,1.1934895588394174,0.0,0,3.0,-1.6287708972493324,-0.931864468171702,0,0,0,2.0,0.0,0.0,0.0,0.0,-1.3702272914858324
0.9631483547582466,-1.3472050497767214,0.0,0,3.0,-0.0572489914593832,-0.6575819942566506,0,0,0,0.0,0.0,1.0,0.0,1.0,0.6662825083421218
0.4368912668945862,0.0642919550100224,0.0,1,1.0,0.2220170425717224,-0.4024663576615467,1,1,0,1.0,0.0,1.0,0.0,0.0,-0.3519723915718554
-1.1418799966963948,-0.7826062478620239,0.0,1,0.0,-0.038168703419991,0.8747814901401733,0,1,1,0.0,0.0,1.0,0.0,0.0,0.1571550583851332
-0.0893658209690741,-1.0649056488193729,0.0,1,3.0,1.000839708906918,0.6154116390563936,0,0,0,1.0,1.0,1.0,1.0,1.0,1.1754099582991104
-0.6156229088327345,-1.62950445073407,0.0,1,2.0,1.0563460013851502,1.2950795839246116,0,1,1,1.0,0.0,1.0,0.0,0.0,0.6662825083421218
0.9631483547582466,0.3465913559673712,0.0,1,2.0,-0.8100530831954077,-0.861715673350366,0,0,0,0.0,0.0,0.0,0.0,0.0,-0.3519723915718554
-1.1418799966963948,0.9111901578820688,2.0,0,0.0,-0.279274161372312,0.4781102972525198,1,0,0,0.0,1.0,0.0,1.0,0.0,0.1571550583851332
-0.0893658209690741,-0.7826062478620239,0.0,0,3.0,-1.6391783270890012,-0.6137361384782021,0,1,1,2.0,0.0,0.0,0.0,0.0,-1.3702272914858324
-1.6681370845600552,-1.0649056488193729,0.0,1,1.0,1.215926592260068,2.2086149650654616,0,0,0,1.0,1.0,1.0,1.0,0.0,1.1754099582991104
0.9631483547582466,1.4757889597967662,0.0,0,2.0,-0.5012993312852408,-0.8867835178642833,0,0,0,0.0,1.0,0.0,1.0,0.0,0.1571550583851332
0.4368912668945862,0.0642919550100224,0.0,1,2.0,0.2966036230893471,-0.3772384083012813,1,1,0,1.0,0.0,1.0,0.0,0.0,-0.3519723915718554
-0.0893658209690741,-1.0649056488193729,1.0,1,3.0,-1.691215476287344,-0.6495996240601568,0,0,0,2.0,0.0,0.0,0.0,0.0,-1.3702272914858324
-1.6681370845600552,-1.3472050497767214,2.0,0,0.0,-0.2827433046522016,1.0095440265233857,0,0,0,0.0,1.0,1.0,0.0,0.0,0.1571550583851332
-0.6156229088327345,0.9111901578820688,1.0,0,0.0,1.3130626040969744,0.9928702503822856,0,1,0,1.0,1.0,0.0,1.0,0.0,1.1754099582991104
0.9631483547582466,1.1934895588394174,0.0,1,2.0,0.7805491106339343,-0.8645060721010028,0,0,0,1.0,0.0,0.0,0.0,0.0,0.1571550583851332
-1.6681370845600552,-1.0649056488193729,1.0,0,1.0,1.6565077888060362,2.70384212694077,0,1,0,1.0,1.0,1.0,1.0,1.0,2.193664858213088
0.4368912668945862,-1.62950445073407,0.0,0,2.0,-0.4562004686466772,-0.329321315001412,0,1,1,0.0,1.0,0.0,0.0,0.0,-0.3519723915718554
-1.6681370845600552,0.0642919550100224,2.0,1,1.0,1.6721189335655386,2.6448320550010744,1,0,0,1.0,1.0,1.0,1.0,1.0,2.193664858213088
0.9631483547582466,1.1934895588394174,0.0,0,3.0,-1.6565240434884487,-0.932230422106212,0,0,0,2.0,0.0,0.0,0.0,0.0,-1.3702272914858324
-1.1418799966963948,0.62889075692472,2.0,0,3.0,1.0962411491038797,1.5398341497489083,0,0,0,1.0,1.0,1.0,1.0,1.0,1.6845374082560989
0.9631483547582466,0.62889075692472,0.0,1,3.0,-1.091053688866458,-0.8985855322522225,1,1,0,0.0,0.0,0.0,0.0,0.0,-0.861099841528844
-1.1418799966963948,-1.0649056488193729,0.0,1,0.0,0.9973705656270287,1.6114467603082838,0,1,1,1.0,0.0,1.0,0.0,1.0,0.6662825083421218
0.9631483547582466,1.4757889597967662,0.0,1,2.0,0.0468253069373021,-0.9097699993756764,1,1,1,1.0,0.0,0.0,0.0,0.0,-0.861099841528844
0.9631483547582466,1.4757889597967662,0.0,0,3.0,-1.6738697598878964,-0.9324591433152803,0,0,0,2.0,0.0,0.0,0.0,0.0,-1.3702272914858324
-1.1418799966963948,-1.0649056488193729,2.0,1,1.0,-0.1335701436169526,0.836562176104812,1,1,0,0.0,1.0,0.0,1.0,1.0,1.1754099582991104
0.4368912668945862,0.3465913559673712,1.0,0,3.0,1.3200008906567535,-0.3244038090064374,0,1,0,1.0,1.0,1.0,0.0,1.0,1.6845374082560989
-1.1418799966963948,-0.7826062478620239,2.0,0,1.0,-1.6443820420088353,-0.3964509898630428,0,1,1,2.0,0.0,0.0,0.0,0.0,-1.3702272914858324
0.9631483547582466,0.62889075692472,0.0,1,2.0,0.2185478992918331,-0.9075056594058974,1,0,0,1.0,0.0,0.0,0.0,0.0,-0.861099841528844
0.4368912668945862,0.62889075692472,0.0,1,2.0,0.9973705656270287,-0.3721607974599587,0,0,0,1.0,1.0,1.0,0.0,0.0,0.6662825083421218
-1.6681370845600552,-1.0649056488193729,0.0,1,1.0,1.094506577463935,2.2641256025064083,0,1,1,1.0,0.0,0.0,1.0,0.0,0.6662825083421218
0.9631483547582466,1.1934895588394174,0.0,1,2.0,0.7094316733961988,-0.9010328491892564,0,0,0,1.0,0.0,0.0,0.0,0.0,0.1571550583851332
0.4368912668945862,1.1934895588394174,0.0,1,2.0,-1.526431170492592,-0.8038492074560131,0,0,0,0.0,0.0,0.0,0.0,0.0,-1.3702272914858324
-0.6156229088327345,0.62889075692472,0.0,0,0.0,-0.9609608158706012,-0.2787053114345334,0,1,1,0.0,1.0,1.0,1.0,0.0,0.1571550583851332
0.4368912668945862,0.3465913559673712,0.0,1,3.0,-1.0025905352292754,-0.630455658861116,1,0,0,0.0,0.0,1.0,0.0,0.0,-0.3519723915718554
-1.6681370845600552,0.9111901578820688,2.0,0,1.0,-1.6808080464476751,-0.3885829802710834,0,1,0,2.0,0.0,0.0,0.0,0.0,-1.3702272914858324
0.9631483547582466,1.1934895588394174,0.0,1,2.0,-0.4752807566860695,-0.8772229713252163,0,0,0,0.0,0.0,0.0,0.0,0.0,-0.3519723915718554
-1.1418799966963948,-0.2180074459473263,1.0,1,0.0,0.2723196201301204,1.018532770039781,0,0,0,0.0,0.0,1.0,0.0,1.0,1.1754099582991104
-1.1418799966963948,-0.5003068469046751,2.0,0,3.0,-1.6357091838091116,-0.4296613094198019,0,0,0,2.0,0.0,0.0,0.0,0.0,-1.3702272914858324
0.4368912668945862,0.3465913559673712,1.0,1,3.0,-0.4180398925678926,-0.5125956198280722,0,0,1,0.0,0.0,0.0,1.0,0.0,-0.3519723915718554
0.9631483547582466,1.1934895588394174,0.0,0,2.0,0.7805491106339343,-0.8186474696827507,0,0,0,1.0,0.0,1.0,1.0,0.0,0.6662825083421218
-1.1418799966963948,1.4757889597967662,0.0,0,0.0,0.9765557059476916,1.071070031762836,0,0,0,1.0,0.0,0.0,0.0,0.0,0.1571550583851332
0.9631483547582466,1.1934895588394174,0.0,0,2.0,-0.1144898555775604,-0.8617614175921797,0,0,0,0.0,0.0,0.0,0.0,1.0,0.1571550583851332
-1.6681370845600552,-0.2180074459473263,1.0,1,1.0,1.7102795096443235,2.734536513197775,0,0,0,1.0,1.0,1.0,1.0,1.0,2.193664858213088
0.4368912668945862,-0.2180074459473263,0.0,1,2.0,-0.8169913697551866,-0.517330148855792,0,0,0,0.0,0.0,0.0,0.0,0.0,-0.861099841528844
-0.0893658209690741,-0.7826062478620239,0.0,1,2.0,0.7753453957140998,0.3189660799825957,0,0,0,1.0,0.0,0.0,0.0,0.0,0.1571550583851332
0.4368912668945862,-1.62950445073407,0.0,1,3.0,0.1092698859753132,-0.100805955020985,0,1,0,0.0,1.0,1.0,0.0,1.0,1.1754099582991104
0.9631483547582466,0.62889075692472,0.0,1,2.0,0.2966036230893471,-0.9064764139650888,1,0,0,1.0,0.0,0.0,0.0,0.0,-0.861099841528844
0.4368912668945862,0.3465913559673712,0.0,1,2.0,0.8828888373906745,-0.2806036974698026,0,0,0,1.0,0.0,0.0,0.0,0.0,0.1571550583851332
0.9631483547582466,-1.62950445073407,0.0,1,3.0,-0.6227193460813738,-0.6727233382969912,0,1,1,0.0,1.0,0.0,0.0,0.0,-0.3519723915718554
0.4368912668945862,0.62889075692472,1.0,0,3.0,-1.6842771897275648,-0.8010130644635626,0,1,0,2.0,0.0,0.0,0.0,0.0,-1.3702272914858324
-1.6681370845600552,-1.3472050497767214,2.0,0,0.0,1.4327480472531626,2.662420715978449,0,0,0,1.0,0.0,1.0,1.0,1.0,1.6845374082560989
-1.1418799966963948,-0.2180074459473263,2.0,1,0.0,1.110117722223438,1.6688557837844995,1,0,0,1.0,0.0,1.0,1.0,1.0,1.1754099582991104
-0.0893658209690741,-1.0649056488193729,1.0,1,0.0,-0.4492621820868981,-0.0649882136808441,0,1,1,0.0,1.0,0.0,0.0,1.0,0.1571550583851332
0.9631483547582466,1.1934895588394174,0.0,0,0.0,-0.758015933997065,-0.904692388534354,0,0,0,0.0,0.0,0.0,0.0,0.0,-0.861099841528844
0.9631483547582466,0.62889075692472,1.0,0,1.0,-1.6860117613675096,-0.928502266398394,0,0,0,2.0,0.0,0.0,0.0,0.0,-1.3702272914858324
-0.6156229088327345,0.62889075692472,0.0,1,2.0,0.2202824709317777,0.4716374870358787,0,0,0,1.0,0.0,0.0,0.0,1.0,-0.3519723915718554
0.9631483547582466,1.1934895588394174,0.0,1,3.0,-0.813522226475297,-0.9211145713454784,0,0,0,0.0,0.0,0.0,0.0,0.0,-0.861099841528844
0.9631483547582466,-0.7826062478620239,0.0,0,2.0,0.2480356171708937,-0.5817609134504135,0,0,0,1.0,0.0,0.0,0.0,0.0,-0.861099841528844
-0.6156229088327345,-0.7826062478620239,2.0,1,1.0,1.4223406174134945,1.2791148435316244,0,1,0,1.0,0.0,1.0,1.0,1.0,1.6845374082560989
-1.6681370845600552,-0.5003068469046751,2.0,1,3.0,0.8516665478716692,2.013881727664466,0,1,0,1.0,0.0,1.0,0.0,1.0,0.6662825083421218
-0.0893658209690741,-1.62950445073407,0.0,0,2.0,0.1508996053339875,0.2335158362745711,0,1,1,0.0,1.0,0.0,1.0,1.0,1.1754099582991104
-1.1418799966963948,-1.62950445073407,0.0,1,2.0,1.3338774637763111,2.146905982858757,0,1,0,1.0,0.0,0.0,1.0,1.0,1.1754099582991104
-1.1418799966963948,-0.5003068469046751,0.0,0,0.0,-0.093674995898223,0.7455311348955137,0,1,1,0.0,1.0,1.0,0.0,1.0,0.6662825083421218
0.4368912668945862,-0.5003068469046751,0.0,1,2.0,0.3035419096491262,-0.3405743984875866,0,0,0,1.0,0.0,0.0,1.0,0.0,-0.3519723915718554
0.9631483547582466,1.4757889597967662,0.0,1,2.0,0.8898271239504536,-0.8986541486149431,1,0,0,1.0,0.0,0.0,0.0,0.0,0.1571550583851332
0.4368912668945862,0.9111901578820688,2.0,0,1.0,-1.6981537628471228,-0.7919557045844465,0,0,0,2.0,0.0,0.0,0.0,0.0,-1.3702272914858324
0.9631483547582466,0.9111901578820688,0.0,1,1.0,-0.8013802249956838,-0.8608465327559054,0,0,0,0.0,0.0,0.0,0.0,0.0,-0.861099841528844
-1.1418799966963948,0.0642919550100224,0.0,0,2.0,1.4986617695710631,1.8099996419007256,0,0,0,1.0,0.0,1.0,1.0,1.0,1.6845374082560989
0.9631483547582466,0.0642919550100224,0.0,1,1.0,1.0788954327044322,-0.8099789358590512,0,0,0,1.0,1.0,0.0,1.0,0.0,1.1754099582991104
-1.6681370845600552,-0.2180074459473263,2.0,0,1.0,-1.6443820420088353,-0.2896381852280119,0,0,0,2.0,0.0,0.0,0.0,0.0,-1.3702272914858324
0.9631483547582466,-1.0649056488193729,0.0,1,1.0,0.6001536600796795,-0.6544485136924109,0,1,0,1.0,0.0,0.0,0.0,0.0,-0.3519723915718554
-0.6156229088327345,1.1934895588394174,2.0,0,3.0,-1.6704006166080068,-0.5947294060046024,0,1,1,2.0,0.0,0.0,0.0,0.0,-1.3702272914858324
0.9631483547582466,1.4757889597967662,0.0,1,3.0,0.4214927811653694,-0.904829621259795,0,1,1,1.0,0.0,0.0,0.0,0.0,-0.3519723915718554
-1.6681370845600552,0.9111901578820688,0.0,0,2.0,0.4561842139642645,1.4076790351490782,0,1,1,1.0,1.0,1.0,0.0,0.0,0.1571550583851332
-0.6156229088327345,0.9111901578820688,0.0,1,1.0,0.98696313578736,0.8496221571426285,0,1,1,1.0,0.0,1.0,1.0,0.0,0.6662825083421218
0.9631483547582466,-0.7826062478620239,0.0,0,3.0,-0.2671321598926987,-0.6836790842113766,0,1,1,0.0,0.0,0.0,1.0,0.0,0.1571550583851332
0.4368912668945862,-1.3472050497767214,2.0,0,3.0,-1.6357091838091116,-0.7186505570779638,0,0,0,2.0,0.0,0.0,0.0,0.0,-1.3702272914858324
0.9631483547582466,0.3465913559673712,0.0,1,2.0,-1.490005166053752,-0.8955206680507034,0,1,0,0.0,0.0,0.0,0.0,0.0,-1.3702272914858324
0.9631483547582466,1.4757889597967662,0.0,0,0.0,0.0641710233367496,-0.909541278166608,0,0,1,1.0,0.0,0.0,0.0,0.0,-0.861099841528844
-1.6681370845600552,0.3465913559673712,2.0,0,0.0,1.4136677592137703,2.232264738083154,0,1,1,1.0,1.0,0.0,1.0,1.0,1.6845374082560989
-1.6681370845600552,0.3465913559673712,2.0,0,0.0,-0.6019044864020369,0.5976400011117643,0,1,1,0.0,0.0,0.0,0.0,1.0,0.1571550583851332
-0.6156229088327345,0.3465913559673712,1.0,1,3.0,-0.1942801510150191,0.1357375193977494,0,0,0,0.0,0.0,0.0,1.0,1.0,0.6662825083421218
0.4368912668945862,0.62889075692472,0.0,1,2.0,0.4596533572441543,-0.505825472039642,0,0,0,1.0,0.0,1.0,1.0,0.0,0.1571550583851332
0.4368912668945862,-1.62950445073407,0.0,0,3.0,-1.633974612169167,-0.730932886004947,0,0,1,2.0,0.0,0.0,0.0,0.0,-1.3702272914858324
0.9631483547582466,1.4757889597967662,0.0,1,2.0,0.7926911121135474,-0.8999349873857272,0,1,0,1.0,0.0,0.0,0.0,0.0,0.1571550583851332
-1.1418799966963948,-1.0649056488193729,1.0,1,0.0,1.2783711712980792,1.5793571746759605,1,0,0,1.0,0.0,1.0,1.0,0.0,1.1754099582991104
0.9631483547582466,0.62889075692472,0.0,1,2.0,0.4180236378854801,-0.9048753655016086,0,0,0,1.0,0.0,0.0,0.0,0.0,-0.3519723915718554
0.4368912668945862,0.3465913559673712,1.0,0,0.0,-1.668666044968062,-0.7848653471033202,0,1,1,2.0,0.0,0.0,0.0,0.0,-1.3702272914858324
0.4368912668945862,0.0642919550100224,0.0,1,2.0,0.9557408462683544,-0.1397571769253657,1,0,0,1.0,0.0,0.0,0.0,0.0,0.1571550583851332
0.4368912668945862,0.62889075692472,0.0,1,2.0,0.5429127959615023,-0.3334382967646466,0,0,0,1.0,0.0,1.0,0.0,0.0,0.1571550583851332
0.4368912668945862,-0.7826062478620239,1.0,0,1.0,-1.6513203285686144,-0.7277536611988936,0,0,0,2.0,0.0,0.0,0.0,0.0,-1.3702272914858324
-1.1418799966963948,1.1934895588394174,1.0,1,0.0,-1.5021471675333653,-0.3621428085027545,0,0,0,2.0,0.0,0.0,0.0,0.0,-1.3702272914858324
0.4368912668945862,1.4757889597967662,0.0,1,2.0,1.352957751815704,-0.3173591957671249,1,0,0,1.0,0.0,1.0,1.0,0.0,1.1754099582991104
-1.1418799966963948,0.9111901578820688,0.0,1,0.0,1.2471488817790737,1.3539524231388664,0,1,1,1.0,0.0,1.0,1.0,0.0,1.1754099582991104
0.9631483547582466,0.9111901578820688,0.0,1,3.0,0.6088265182794033,-0.9023594322018542,0,0,0,1.0,0.0,0.0,0.0,0.0,-0.3519723915718554
0.9631483547582466,-0.2180074459473263,0.0,1,0.0,0.2775233350499549,-0.7777978617431008,0,0,0,1.0,0.0,0.0,0.0,0.0,-0.861099841528844
-1.6681370845600552,-1.3472050497767214,0.0,1,1.0,1.2905131727776922,2.511373229509553,1,1,1,1.0,1.0,1.0,0.0,0.0,1.1754099582991104
0.9631483547582466,0.62889075692472,0.0,1,2.0,0.2653813335703413,-0.8653752126954635,0,0,0,1.0,0.0,0.0,0.0,0.0,-0.861099841528844
-1.6681370845600552,0.0642919550100224,1.0,1,1.0,1.358161466735538,2.325834584713113,1,1,0,1.0,1.0,0.0,1.0,0.0,1.1754099582991104
0.4368912668945862,0.0642919550100224,0.0,1,2.0,0.5845425153201766,-0.1857758841899658,0,0,0,1.0,1.0,0.0,1.0,0.0,0.1571550583851332
0.9631483547582466,0.9111901578820688,0.0,1,3.0,-1.6582586151283931,-0.9322532942271188,0,0,0,2.0,0.0,0.0,0.0,0.0,-1.3702272914858324
0.9631483547582466,0.9111901578820688,0.0,1,2.0,0.3156839111287393,-0.8326909519195621,1,0,0,1.0,0.0,0.0,0.0,0.0,-0.861099841528844
1.489405442621907,-1.62950445073407,0.0,0,3.0,-1.6651969016881725,-0.9323447827107462,0,0,0,2.0,0.0,0.0,0.0,0.0,-1.3702272914858324
-1.6681370845600552,0.3465913559673712,2.0,0,0.0,0.8256479732724978,1.837926501528,0,1,0,0.0,1.0,1.0,1.0,1.0,2.193664858213088
0.9631483547582466,-1.3472050497767214,0.0,1,2.0,0.0832513113761418,-0.6037638937628117,0,1,0,1.0,0.0,0.0,0.0,0.0,-0.861099841528844
-1.6681370845600552,-1.0649056488193729,2.0,1,1.0,0.9574754179082992,2.126687027977093,1,1,0,1.0,0.0,1.0,1.0,1.0,1.1754099582991104
0.9631483547582466,1.4757889597967662,0.0,1,2.0,-1.477863164574139,-0.9298745936528054,0,0,1,0.0,0.0,0.0,0.0,0.0,-1.3702272914858324
0.9631483547582466,1.4757889597967662,0.0,1,2.0,0.7874873971937129,-0.9000036037484478,1,1,0,1.0,0.0,1.0,0.0,0.0,0.1571550583851332
-0.0893658209690741,1.1934895588394174,0.0,1,2.0,0.794425683753492,0.1389396163247096,0,1,1,1.0,0.0,0.0,0.0,0.0,0.1571550583851332
-1.1418799966963948,0.0642919550100224,0.0,1,2.0,0.1803873232130481,0.9546051921051104,0,0,0,1.0,0.0,0.0,0.0,0.0,-0.861099841528844
0.9631483547582466,0.9111901578820688,0.0,1,2.0,-1.4848014511339178,-0.929966082136433,1,0,0,0.0,0.0,0.0,0.0,0.0,-1.3702272914858324
-0.0893658209690741,-1.3472050497767214,2.0,1,1.0,1.3234700339366428,0.8125693212735171,0,1,0,1.0,1.0,1.0,1.0,1.0,1.6845374082560989
-0.6156229088327345,-1.3472050497767214,1.0,1,2.0,1.4605011934922787,1.2884924131034363,1,0,0,1.0,1.0,1.0,1.0,0.0,1.6845374082560989
-0.0893658209690741,0.62889075692472,1.0,0,1.0,-0.985244818829828,-0.4461521085936472,0,0,0,0.0,1.0,1.0,0.0,1.0,0.1571550583851332
0.9631483547582466,1.4757889597967662,0.0,1,2.0,0.0589673084169152,-0.9096098945293284,1,0,0,1.0,0.0,0.0,0.0,0.0,-0.861099841528844
-1.1418799966963948,-0.2180074459473263,2.0,0,0.0,0.1855910381328826,0.9131151647800686,1,0,0,0.0,1.0,0.0,1.0,1.0,1.1754099582991104
-1.1418799966963948,-0.5003068469046751,0.0,1,0.0,-0.6244539177213186,0.3313398973932064,0,1,0,0.0,1.0,0.0,1.0,1.0,0.6662825083421218
0.4368912668945862,-1.3472050497767214,0.0,1,2.0,0.6018882317196241,-0.1480140125727418,0,0,0,1.0,0.0,0.0,0.0,0.0,-0.3519723915718554
0.9631483547582466,-1.62950445073407,2.0,0,1.0,-1.661727758408283,-0.8186474696827507,0,0,0,2.0,0.0,0.0,0.0,0.0,-1.3702272914858324
0.9631483547582466,-1.62950445073407,0.0,0,3.0,-1.7033574777669571,-0.8265154792747103,0,1,1,2.0,0.0,0.0,0.0,0.0,-1.3702272914858324
-0.0893658209690741,1.4757889597967662,1.0,1,1.0,-1.6391783270890012,-0.6690409268309869,0,0,0,2.0,0.0,0.0,0.0,0.0,-1.3702272914858324
0.9631483547582466,-0.5003068469046751,0.0,1,2.0,0.8152405434328294,-0.7357131592744804,1,0,0,1.0,0.0,0.0,0.0,0.0,0.1571550583851332
-1.6681370845600552,-1.3472050497767214,2.0,0,1.0,1.45009376365261,2.777238762930881,0,1,1,1.0,1.0,1.0,1.0,0.0,1.6845374082560989
-0.0893658209690741,-0.2180074459473263,0.0,0,0.0,-1.127479693305298,-0.4485536812888673,0,1,1,0.0,1.0,0.0,0.0,1.0,-0.3519723915718554
-1.6681370845600552,-1.3472050497767214,2.0,1,1.0,0.5758696571204528,1.8630629624046384,0,1,1,1.0,0.0,0.0,0.0,0.0,-0.3519723915718554
-1.6681370845600552,-1.3472050497767214,2.0,1,1.0,0.5619930840008945,1.794812553618571,1,1,0,0.0,1.0,1.0,1.0,0.0,1.6845374082560989
-1.1418799966963948,-1.62950445073407,2.0,1,3.0,0.4561842139642645,1.230328609637294,0,1,0,0.0,1.0,1.0,0.0,1.0,1.6845374082560989
-0.6156229088327345,-1.62950445073407,0.0,1,1.0,0.7805491106339343,1.1145956778485884,0,1,1,1.0,0.0,1.0,1.0,0.0,0.6662825083421218
0.4368912668945862,0.9111901578820688,0.0,0,2.0,0.2688504768502311,-0.4169215380746815,1,0,0,1.0,0.0,0.0,0.0,0.0,-0.861099841528844
-1.6681370845600552,-0.5003068469046751,2.0,1,2.0,1.5697792068087986,2.6522197500539897,0,1,1,1.0,1.0,1.0,1.0,1.0,2.193664858213088
-0.6156229088327345,-0.7826062478620239,0.0,1,0.0,0.5862770869601213,0.8694980302106887,0,0,1,1.0,0.0,0.0,1.0,1.0,0.1571550583851332
0.9631483547582466,1.4757889597967662,0.0,1,2.0,0.0416215920174676,-0.9098386157383972,0,0,0,1.0,0.0,0.0,0.0,0.0,-0.861099841528844
1.489405442621907,-1.62950445073407,0.0,0,3.0,-0.7736270787565677,-0.9205885125646208,0,0,0,0.0,0.0,0.0,0.0,0.0,-0.861099841528844
1.489405442621907,-1.62950445073407,0.0,1,0.0,0.0884550262959763,-0.9092210684739118,0,0,1,0.0,1.0,1.0,0.0,1.0,1.1754099582991104
0.4368912668945862,-0.7826062478620239,0.0,1,1.0,0.766672537514376,-0.2427732094898581,0,0,0,1.0,0.0,1.0,0.0,0.0,0.1571550583851332
-0.6156229088327345,0.3465913559673712,1.0,0,1.0,0.4301656393650931,0.4577083654036017,0,1,1,0.0,1.0,1.0,0.0,1.0,1.6845374082560989
-0.0893658209690741,1.4757889597967662,0.0,1,0.0,-0.8065839399155181,-0.4123928581351235,0,0,0,0.0,1.0,1.0,0.0,0.0,0.1571550583851332
-0.0893658209690741,1.4757889597967662,0.0,1,1.0,-0.813522226475297,-0.3999275522408854,0,0,0,0.0,0.0,0.0,1.0,1.0,0.1571550583851332
0.9631483547582466,0.9111901578820688,0.0,1,3.0,-0.7840345085962364,-0.920725745290062,0,0,0,0.0,0.0,0.0,0.0,0.0,-0.861099841528844
-1.6681370845600552,-1.3472050497767214,2.0,0,1.0,-0.1196935704973944,1.2176803267758014,0,1,1,0.0,1.0,1.0,1.0,0.0,0.6662825083421218
0.9631483547582466,-1.62950445073407,0.0,1,2.0,0.4492459274044854,-0.5976112932388666,1,0,0,1.0,0.0,0.0,0.0,0.0,-0.3519723915718554
-1.6681370845600552,-1.3472050497767214,0.0,1,1.0,1.5611063486090746,2.7462241669811798,1,1,0,1.0,1.0,1.0,1.0,1.0,2.193664858213088
-1.1418799966963948,0.9111901578820688,1.0,1,0.0,1.2679637414584108,1.5659083675827277,1,1,0,1.0,1.0,0.0,1.0,1.0,1.6845374082560989
-0.0893658209690741,1.4757889597967662,0.0,1,2.0,1.0615497163049843,0.2087910735742565,1,1,0,1.0,0.0,1.0,1.0,0.0,1.1754099582991104
0.9631483547582466,1.1934895588394174,0.0,1,2.0,0.0607018800568603,-0.9095870224084216,1,0,0,1.0,0.0,0.0,0.0,0.0,-0.861099841528844
0.9631483547582466,0.62889075692472,0.0,1,3.0,-0.6417996341207662,-0.8350696524938754,0,1,1,0.0,1.0,0.0,0.0,0.0,-0.3519723915718554
1.489405442621907,-1.62950445073407,0.0,1,0.0,-1.6513203285686144,-0.9321618057434914,0,1,0,2.0,0.0,0.0,0.0,0.0,-1.3702272914858324
0.9631483547582466,0.62889075692472,0.0,1,1.0,0.2480356171708937,-0.8242282671840243,1,0,0,1.0,0.0,0.0,0.0,0.0,-0.861099841528844
-0.0893658209690741,-1.62950445073407,0.0,1,2.0,0.6435179510782985,0.444190941947648,0,0,0,1.0,0.0,0.0,0.0,0.0,-0.3519723915718554
-1.1418799966963948,0.3465913559673712,1.0,1,1.0,1.115321437143272,1.4828368244490162,0,0,0,1.0,1.0,1.0,0.0,0.0,1.1754099582991104
-1.6681370845600552,-1.0649056488193729,2.0,1,1.0,0.3885359200064189,1.604150553738996,0,1,0,0.0,0.0,1.0,1.0,1.0,1.6845374082560989
-1.6681370845600552,-0.5003068469046751,0.0,1,1.0,1.287044029497803,2.3216032423453448,0,1,0,1.0,0.0,1.0,1.0,0.0,1.1754099582991104
0.9631483547582466,1.4757889597967662,0.0,1,2.0,0.0745784531764181,-0.9094040454411668,0,0,0,1.0,0.0,0.0,0.0,0.0,-0.861099841528844
-1.6681370845600552,-1.0649056488193729,1.0,1,0.0,1.27490202801819,2.3925754335193274,0,1,1,1.0,1.0,1.0,1.0,0.0,1.6845374082560989
0.9631483547582466,-0.5003068469046751,0.0,1,2.0,0.7579996793146523,-0.6629569426697625,0,1,1,1.0,0.0,1.0,0.0,1.0,0.6662825083421218
-0.0893658209690741,1.1934895588394174,0.0,0,3.0,0.2254861858516122,-0.0392113334188142,0,1,1,1.0,1.0,0.0,0.0,0.0,-0.3519723915718554
-1.1418799966963948,-0.7826062478620239,1.0,1,1.0,0.0780475964563079,0.7582480341197273,0,1,0,0.0,0.0,0.0,0.0,0.0,0.1571550583851332
0.9631483547582466,0.62889075692472,0.0,1,2.0,-0.6712873519998271,-0.8495019607861034,0,1,0,0.0,0.0,1.0,0.0,0.0,0.1571550583851332
-1.6681370845600552,-0.2180074459473263,1.0,1,1.0,-0.4666078984863457,0.739630127701544,0,0,0,0.0,1.0,0.0,1.0,0.0,0.1571550583851332
0.9631483547582466,-1.0649056488193729,0.0,1,0.0,0.4214927811653694,-0.5614504700851227,0,0,0,1.0,0.0,1.0,0.0,0.0,-0.3519723915718554
0.9631483547582466,-1.3472050497767214,0.0,1,2.0,1.1222597237030512,-0.4544318163619301,0,1,1,1.0,1.0,0.0,0.0,0.0,0.6662825083421218
-0.6156229088327345,-1.3472050497767214,2.0,1,1.0,1.200315447500565,1.3019640923175764,0,0,0,1.0,1.0,0.0,1.0,1.0,1.6845374082560989
-0.0893658209690741,1.1934895588394174,0.0,1,0.0,0.6435179510782985,0.1568942312365938,1,0,0,1.0,0.0,1.0,1.0,0.0,0.1571550583851332
-0.0893658209690741,-0.5003068469046751,2.0,0,0.0,0.4405730692047616,0.2712777078917949,0,0,0,1.0,0.0,1.0,0.0,1.0,0.1571550583851332
0.9631483547582466,-0.2180074459473263,0.0,1,2.0,0.062436451696805,-0.679401997601794,1,0,0,1.0,0.0,0.0,0.0,0.0,-0.861099841528844
-0.0893658209690741,-1.62950445073407,0.0,1,2.0,0.7250428181557018,0.5866613830764721,0,1,1,1.0,0.0,1.0,0.0,0.0,0.1571550583851332
0.9631483547582466,-1.3472050497767214,1.0,1,1.0,0.5984190884397349,-0.4935888873544725,0,0,0,1.0,1.0,0.0,0.0,0.0,0.1571550583851332
-1.6681370845600552,-1.3472050497767214,2.0,1,0.0,-1.4882705944138073,-0.1168850560185069,1,1,0,2.0,0.0,0.0,0.0,0.0,-1.3702272914858324
-0.6156229088327345,0.62889075692472,2.0,1,1.0,1.1014448640237142,0.9891192225535608,0,0,0,1.0,0.0,1.0,0.0,1.0,1.1754099582991104
0.9631483547582466,1.1934895588394174,0.0,0,2.0,0.2844616216097335,-0.8236107199195392,0,0,0,1.0,0.0,0.0,0.0,0.0,-0.861099841528844
0.9631483547582466,-0.7826062478620239,0.0,1,2.0,0.4631225005240436,-0.6734095019241969,1,0,0,1.0,0.0,0.0,1.0,0.0,-0.3519723915718554
0.4368912668945862,1.4757889597967662,0.0,1,2.0,1.108383150583493,-0.4881681946995469,0,1,0,1.0,0.0,1.0,0.0,1.0,1.1754099582991104
-1.6681370845600552,1.4757889597967662,2.0,1,1.0,-1.0164671083488337,0.1315061770299805,0,1,0,0.0,1.0,1.0,0.0,1.0,0.1571550583851332
0.9631483547582466,0.0642919550100224,0.0,1,2.0,0.794425683753492,-0.7330828653701917,0,0,0,1.0,0.0,1.0,0.0,0.0,0.1571550583851332
-0.6156229088327345,0.3465913559673712,0.0,0,0.0,-0.2862124479320911,0.2188776788941814,0,0,0,0.0,1.0,1.0,1.0,0.0,0.6662825083421218
-0.0893658209690741,-1.3472050497767214,0.0,1,0.0,0.9401297015088516,0.6322683921647486,0,1,0,1.0,0.0,0.0,0.0,0.0,0.1571550583851332
-0.0893658209690741,-1.62950445073407,0.0,0,1.0,0.6036228033595689,0.3931403680835391,0,0,0,1.0,0.0,1.0,0.0,1.0,0.1571550583851332
-0.6156229088327345,-0.7826062478620239,2.0,1,0.0,-0.2480518718533065,0.3821160058064331,0,0,0,0.0,1.0,0.0,1.0,1.0,1.1754099582991104
0.4368912668945862,1.4757889597967662,0.0,1,2.0,0.4128199229656456,-0.4961505648960406,0,0,0,1.0,0.0,1.0,1.0,0.0,0.1571550583851332
-1.1418799966963948,-1.0649056488193729,0.0,1,0.0,1.094506577463935,1.6310710400463686,0,0,0,1.0,1.0,1.0,1.0,0.0,1.1754099582991104
-0.0893658209690741,0.62889075692472,0.0,1,2.0,0.7493268211149284,0.0631642797602861,1,0,0,1.0,0.0,1.0,0.0,0.0,0.1571550583851332
0.4368912668945862,-0.2180074459473263,0.0,1,1.0,-1.6998883344870677,-0.7824180301662863,0,0,0,2.0,0.0,0.0,0.0,0.0,-1.3702272914858324
0.9631483547582466,1.4757889597967662,0.0,1,2.0,-0.2740704464524778,-0.9140013417434454,0,0,1,0.0,1.0,1.0,0.0,1.0,0.6662825083421218
0.9631483547582466,-0.2180074459473263,0.0,0,2.0,-0.7701579354766781,-0.8508742880405149,1,0,0,0.0,0.0,0.0,0.0,0.0,-0.3519723915718554
-0.6156229088327345,0.3465913559673712,1.0,0,1.0,-0.1457121450965657,0.3226256193276931,0,1,1,0.0,1.0,0.0,0.0,1.0,0.6662825083421218
0.9631483547582466,0.9111901578820688,0.0,1,3.0,-0.121428142137339,-0.8257149550429701,0,0,0,0.0,0.0,0.0,0.0,1.0,0.1571550583851332
0.4368912668945862,0.9111901578820688,1.0,0,0.0,-1.668666044968062,-0.8364191076273801,0,1,1,2.0,0.0,0.0,0.0,0.0,-1.3702272914858324
-1.6681370845600552,-1.3472050497767214,2.0,1,1.0,-0.1075515690177813,1.217565966171267,0,1,1,0.0,1.0,1.0,1.0,1.0,1.6845374082560989
-1.1418799966963948,-1.3472050497767214,1.0,1,1.0,1.6894646499649864,2.283292439826356,0,0,0,1.0,1.0,1.0,1.0,1.0,2.193664858213088
-0.0893658209690741,1.4757889597967662,0.0,1,2.0,1.156951156501946,0.1747802297857574,1,0,0,1.0,0.0,1.0,0.0,0.0,0.6662825083421218
-1.1418799966963948,-0.7826062478620239,2.0,0,3.0,0.2740541917700651,1.0785034710575652,0,1,1,0.0,1.0,0.0,1.0,1.0,1.1754099582991104
-1.6681370845600552,-1.0649056488193729,2.0,1,1.0,-1.5090854540931444,-0.15217673857779,0,1,0,2.0,0.0,0.0,0.0,0.0,-1.3702272914858324
0.9631483547582466,-0.5003068469046751,0.0,1,3.0,-1.5021471675333653,-0.8544880831437986,0,0,0,0.0,0.0,0.0,0.0,0.0,-1.3702272914858324
-0.6156229088327345,0.9111901578820688,1.0,0,0.0,-0.1387738585367869,0.2639128849597864,0,1,0,0.0,0.0,1.0,0.0,0.0,0.1571550583851332
-1.6681370845600552,-1.0649056488193729,2.0,1,1.0,0.5724005138405635,1.7891631397545773,0,1,0,0.0,1.0,1.0,1.0,1.0,2.193664858213088
-1.6681370845600552,-0.2180074459473263,1.0,0,2.0,0.6764748122372489,1.7660622976386495,0,1,1,1.0,0.0,1.0,1.0,0.0,0.1571550583851332
-0.0893658209690741,0.3465913559673712,0.0,0,0.0,-0.0555144198194386,-0.0615573955448152,0,1,1,0.0,1.0,0.0,0.0,1.0,0.6662825083421218
-0.0893658209690741,-1.62950445073407,0.0,1,2.0,0.8690122642711168,0.6208323317113191,0,1,1,1.0,0.0,1.0,1.0,0.0,0.6662825083421218
-1.1418799966963948,0.62889075692472,2.0,0,1.0,-1.6669314733281173,-0.4613163247548946,0,0,0,2.0,0.0,0.0,0.0,0.0,-1.3702272914858324
0.4368912668945862,1.1934895588394174,0.0,0,2.0,-0.6608799221601585,-0.6044043131482038,0,0,0,0.0,0.0,1.0,0.0,0.0,-0.3519723915718554
-0.0893658209690741,-0.7826062478620239,0.0,1,2.0,0.2653813335703413,0.1680329541182341,1,1,0,1.0,0.0,0.0,0.0,0.0,-0.861099841528844
0.4368912668945862,1.1934895588394174,0.0,1,2.0,0.9123765552697356,-0.4629173732183748,0,0,0,1.0,0.0,0.0,0.0,0.0,0.1571550583851332
-1.1418799966963948,-1.0649056488193729,1.0,1,0.0,-0.2272370121739693,0.7261584484874043,0,0,0,0.0,0.0,0.0,1.0,0.0,0.1571550583851332
0.9631483547582466,-1.62950445073407,0.0,1,2.0,0.3607827737673029,-0.5255183681404475,0,0,1,1.0,1.0,0.0,0.0,0.0,-0.3519723915718554
0.4368912668945862,-0.7826062478620239,0.0,1,2.0,1.3252046055765874,0.0877746818560662,0,1,0,1.0,0.0,0.0,1.0,1.0,1.1754099582991104
-1.1418799966963948,-1.62950445073407,1.0,1,3.0,1.0546114297452056,1.8336494149184177,1,1,0,1.0,0.0,1.0,1.0,1.0,1.1754099582991104
0.9631483547582466,0.62889075692472,0.0,0,2.0,0.2584430470105622,-0.7867866052594964,0,0,0,1.0,0.0,0.0,0.0,0.0,-0.861099841528844
0.4368912668945862,1.4757889597967662,1.0,0,1.0,-0.3052927359714834,-0.5879135139743585,0,0,0,0.0,0.0,0.0,0.0,1.0,0.1571550583851332
0.9631483547582466,0.3465913559673712,0.0,1,2.0,0.544647367601447,-0.756549661420629,0,1,1,1.0,0.0,1.0,0.0,0.0,0.1571550583851332
-1.6681370845600552,-0.2180074459473263,2.0,1,0.0,-1.5229620272127025,-0.1801264703259716,0,1,1,2.0,0.0,0.0,0.0,0.0,-1.3702272914858324
-1.6681370845600552,-1.62950445073407,1.0,1,2.0,1.4344826188931072,2.768318635777206,0,1,0,1.0,0.0,1.0,1.0,1.0,1.6845374082560989
-2.194394172423716,0.9111901578820688,1.0,1,0.0,1.7310943693236605,3.0313480262060817,0,1,0,1.0,1.0,1.0,1.0,1.0,2.193664858213088
0.9631483547582466,0.62889075692472,0.0,1,3.0,-1.675604331527841,-0.9324820154361874,0,0,0,2.0,0.0,0.0,0.0,0.0,-1.3702272914858324
-0.0893658209690741,1.1934895588394174,0.0,0,2.0,0.7597342509545969,0.1268173922440744,0,0,0,1.0,0.0,1.0,1.0,0.0,0.6662825083421218
0.9631483547582466,0.62889075692472,0.0,1,3.0,-0.7927073667959601,-0.9208401058945962,0,0,0,0.0,0.0,0.0,0.0,0.0,-0.861099841528844
-1.6681370845600552,0.3465913559673712,1.0,0,2.0,0.95053713134852,1.9282713791100925,0,1,0,1.0,0.0,1.0,1.0,0.0,0.6662825083421218
-1.1418799966963948,-0.5003068469046751,2.0,1,0.0,0.223751614211667,1.033491137112867,0,0,0,0.0,1.0,0.0,1.0,0.0,1.1754099582991104
-1.6681370845600552,-1.0649056488193729,2.0,0,2.0,0.7788145389939891,1.9519897684905048,0,1,1,0.0,1.0,1.0,1.0,1.0,2.193664858213088
0.9631483547582466,0.3465913559673712,0.0,1,2.0,0.5793388004003421,-0.7767228720604785,1,0,0,1.0,0.0,0.0,0.0,0.0,-0.3519723915718554
-1.1418799966963948,-1.62950445073407,1.0,0,1.0,-1.6929500479272883,-0.4182252489663725,0,1,1,2.0,0.0,0.0,0.0,0.0,-1.3702272914858324
-0.0893658209690741,-1.0649056488193729,0.0,1,3.0,-1.1951279872631435,-0.403564219465076,0,0,0,0.0,0.0,0.0,1.0,1.0,-0.3519723915718554
-1.1418799966963948,-0.7826062478620239,2.0,0,0.0,0.9175802701895696,1.603601622837231,0,1,1,1.0,0.0,0.0,1.0,1.0,0.6662825083421218
-1.1418799966963948,1.1934895588394174,1.0,1,2.0,1.514272914330566,1.675282849759327,0,1,0,1.0,1.0,0.0,1.0,1.0,1.6845374082560989
-1.1418799966963948,1.4757889597967662,0.0,1,3.0,-1.141356266424856,-0.1261025207439709,0,0,0,0.0,1.0,1.0,0.0,0.0,-0.3519723915718554
0.4368912668945862,-1.3472050497767214,0.0,1,3.0,0.731981104715481,-0.1086968367338513,0,1,0,1.0,0.0,0.0,0.0,0.0,0.1571550583851332
-0.6156229088327345,1.4757889597967662,0.0,1,2.0,0.539443652681613,0.4981920194087419,1,1,0,1.0,1.0,0.0,0.0,0.0,0.1571550583851332
-0.6156229088327345,-0.5003068469046751,0.0,1,2.0,1.6565077888060362,1.403173227330427,0,0,0,1.0,1.0,1.0,1.0,1.0,2.193664858213088
-0.6156229088327345,-0.7826062478620239,1.0,0,1.0,-1.1864551290634195,-0.2379700640994178,0,0,0,0.0,0.0,0.0,1.0,1.0,-0.3519723915718554
-0.0893658209690741,0.3465913559673712,0.0,0,2.0,0.5914808018799558,0.0510877999214646,1,1,0,1.0,0.0,1.0,0.0,0.0,0.1571550583851332
-0.6156229088327345,0.3465913559673712,0.0,1,2.0,1.1239942953429958,0.9903085728407172,0,0,0,1.0,0.0,0.0,0.0,1.0,0.6662825083421218
-1.1418799966963948,0.62889075692472,1.0,0,0.0,0.2150787560119433,0.8123634721853552,0,1,0,0.0,1.0,1.0,1.0,0.0,1.1754099582991104
-0.6156229088327345,0.62889075692472,1.0,1,2.0,-0.5741513401629207,0.0077908750447807,0,0,0,0.0,0.0,0.0,1.0,0.0,0.1571550583851332
-1.6681370845600552,-0.7826062478620239,2.0,1,0.0,-0.8083185115554627,0.4574796441945331,0,0,0,0.0,1.0,1.0,1.0,1.0,0.6662825083421218
0.9631483547582466,1.4757889597967662,0.0,1,3.0,-1.6530549002085593,-0.9321846778643982,0,0,0,2.0,0.0,0.0,0.0,0.0,-1.3702272914858324
-0.0893658209690741,0.9111901578820688,0.0,1,0.0,-1.677338903167786,-0.692690699848679,0,1,1,2.0,0.0,0.0,0.0,0.0,-1.3702272914858324
0.9631483547582466,1.4757889597967662,0.0,0,2.0,-0.2445827285734169,-0.8904888014511945,0,0,0,0.0,0.0,0.0,1.0,0.0,0.1571550583851332
-0.0893658209690741,0.9111901578820688,0.0,1,2.0,0.7302465330755362,0.1066441816042247,1,0,0,1.0,0.0,1.0,0.0,0.0,0.1571550583851332
0.4368912668945862,0.3465913559673712,0.0,1,3.0,0.9852285641474152,-0.2887919167544581,1,0,0,1.0,1.0,0.0,1.0,1.0,1.1754099582991104
0.4368912668945862,0.62889075692472,0.0,0,3.0,-1.1621711261041932,-0.6702988934808641,0,1,0,0.0,1.0,0.0,1.0,0.0,-0.3519723915718554
0.9631483547582466,1.1934895588394174,0.0,1,2.0,0.2289553291315015,-0.9073684266804564,0,1,1,1.0,0.0,0.0,0.0,0.0,-0.861099841528844
0.4368912668945862,0.3465913559673712,0.0,1,3.0,-0.6105773446017607,-0.5257470893495161,0,1,0,0.0,0.0,0.0,0.0,1.0,-0.3519723915718554
-1.6681370845600552,-1.0649056488193729,1.0,1,1.0,1.2558217399787972,2.449229677005617,0,1,0,1.0,1.0,0.0,1.0,0.0,1.1754099582991104
0.4368912668945862,1.4757889597967662,0.0,0,0.0,0.4492459274044854,-0.5450969036367187,0,1,0,1.0,1.0,0.0,0.0,1.0,0.1571550583851332
0.9631483547582466,-1.62950445073407,0.0,1,3.0,0.9349259865890172,-0.5340496692387059,0,1,0,1.0,0.0,1.0,1.0,1.0,1.1754099582991104
-0.0893658209690741,1.1934895588394174,0.0,1,0.0,0.7250428181557018,0.0989362768586133,0,0,0,1.0,0.0,0.0,0.0,0.0,0.1571550583851332
0.9631483547582466,-1.62950445073407,0.0,1,2.0,0.0780475964563079,-0.5152259137323609,0,0,0,1.0,0.0,0.0,0.0,0.0,-0.861099841528844
-0.6156229088327345,0.9111901578820688,0.0,1,3.0,-0.2081567241345771,0.2694479382192463,0,0,0,0.0,1.0,1.0,0.0,1.0,0.6662825083421218
-1.1418799966963948,0.62889075692472,0.0,1,2.0,0.9418642731487964,1.294850862715543,1,1,0,1.0,0.0,1.0,1.0,0.0,0.6662825083421218
0.9631483547582466,1.1934895588394174,0.0,1,2.0,1.1638894430617253,-0.8950403535116593,0,0,0,1.0,0.0,0.0,1.0,0.0,0.6662825083421218
-1.1418799966963948,-1.0649056488193729,2.0,0,3.0,-1.640912898728946,-0.3531769371072659,0,1,1,2.0,0.0,0.0,0.0,0.0,-1.3702272914858324
0.9631483547582466,1.4757889597967662,0.0,1,2.0,0.0676401666166389,-0.9094955339247942,1,0,0,1.0,0.0,0.0,0.0,0.0,-0.861099841528844
0.9631483547582466,1.1934895588394174,0.0,1,1.0,1.1222597237030512,-0.895589284413424,0,0,0,1.0,0.0,1.0,0.0,0.0,0.6662825083421218
0.9631483547582466,0.9111901578820688,1.0,0,0.0,-1.6443820420088353,-0.9052870636779322,0,1,0,2.0,0.0,0.0,0.0,0.0,-1.3702272914858324
0.9631483547582466,-1.0649056488193729,0.0,0,3.0,-0.7961765100758494,-0.7442902046145525,0,0,0,0.0,0.0,0.0,0.0,0.0,-0.861099841528844
0.4368912668945862,-1.0649056488193729,0.0,1,2.0,0.7042279584763649,-0.1291216407036764,1,0,0,1.0,0.0,1.0,0.0,0.0,0.1571550583851332
0.9631483547582466,1.4757889597967662,0.0,1,3.0,-1.6651969016881725,-0.9323447827107462,0,0,0,2.0,0.0,0.0,0.0,0.0,-1.3702272914858324
-1.1418799966963948,-1.0649056488193729,0.0,0,2.0,1.134401725182664,1.6870848641472658,1,1,0,1.0,0.0,0.0,1.0,0.0,0.6662825083421218
0.4368912668945862,-0.2180074459473263,0.0,1,2.0,1.0927720058239905,-0.1441486241394826,0,1,0,1.0,1.0,0.0,0.0,0.0,0.6662825083421218
0.9631483547582466,-0.2180074459473263,0.0,0,1.0,-1.6253017539694432,-0.8775203088970055,0,1,1,2.0,0.0,0.0,0.0,0.0,-1.3702272914858324
0.9631483547582466,1.4757889597967662,0.0,1,2.0,0.4353693542849276,-0.878732531305069,0,0,0,1.0,1.0,0.0,1.0,0.0,0.1571550583851332
0.9631483547582466,1.4757889597967662,0.0,0,3.0,-0.4770153283260144,-0.894948865028032,0,0,0,0.0,0.0,1.0,0.0,0.0,-0.3519723915718554
0.4368912668945862,-0.5003068469046751,0.0,1,3.0,-1.106664833625961,-0.5845741843219571,0,0,0,0.0,0.0,1.0,0.0,1.0,-0.3519723915718554
0.9631483547582466,0.0642919550100224,0.0,1,0.0,-0.8083185115554627,-0.8221469041815002,0,1,1,0.0,0.0,0.0,0.0,0.0,-0.861099841528844
-1.6681370845600552,-0.2180074459473263,2.0,1,1.0,-1.661727758408283,-0.3028582711121764,1,0,0,2.0,0.0,0.0,0.0,0.0,-1.3702272914858324
0.9631483547582466,-1.62950445073407,0.0,0,1.0,-0.4405893238871743,-0.6997581852088984,0,1,1,0.0,0.0,0.0,1.0,1.0,0.1571550583851332
0.9631483547582466,1.4757889597967662,0.0,0,2.0,0.7874873971937129,-0.9000036037484478,0,0,0,1.0,0.0,0.0,0.0,0.0,0.1571550583851332
0.4368912668945862,1.1934895588394174,0.0,1,3.0,0.0554981651370258,-0.4513440800395041,0,1,1,0.0,0.0,1.0,1.0,1.0,1.1754099582991104
-0.0893658209690741,-0.5003068469046751,0.0,0,1.0,0.7181045315959227,0.3799660264411882,0,1,1,1.0,0.0,1.0,1.0,1.0,0.6662825083421218
-0.6156229088327345,-0.7826062478620239,1.0,1,2.0,-1.647851185288725,-0.5158205888759393,0,0,0,2.0,0.0,0.0,0.0,0.0,-1.3702272914858324
1.489405442621907,-1.62950445073407,0.0,0,1.0,-1.6634623300482276,-0.9323219105898394,0,0,0,2.0,0.0,0.0,0.0,0.0,-1.3702272914858324
1.489405442621907,-1.62950445073407,0.0,0,3.0,-0.4284473224075613,-0.9160369605041558,0,0,0,0.0,0.0,0.0,0.0,0.0,-0.3519723915718554
-0.0893658209690741,-1.62950445073407,1.0,0,3.0,0.145695890414153,0.2746170375441965,0,1,0,0.0,0.0,1.0,0.0,1.0,0.6662825083421218
1.489405442621907,-1.62950445073407,0.0,0,2.0,0.2116096127320539,-0.907597147889525,0,0,0,1.0,0.0,0.0,0.0,1.0,-0.3519723915718554
-0.6156229088327345,-0.7826062478620239,1.0,0,3.0,-0.3816138881290528,0.2296504478413118,0,1,1,0.0,1.0,0.0,1.0,1.0,0.6662825083421218
0.9631483547582466,-0.2180074459473263,0.0,0,3.0,-1.6253017539694432,-0.8893680675267585,0,0,0,2.0,0.0,0.0,0.0,0.0,-1.3702272914858324
0.4368912668945862,0.3465913559673712,0.0,0,2.0,0.1647761784535457,-0.3951244068504451,0,0,0,1.0,0.0,0.0,0.0,0.0,-0.861099841528844
-0.6156229088327345,0.0642919550100224,1.0,1,1.0,1.2627600265385763,1.0950171423523174,0,1,1,1.0,0.0,0.0,1.0,1.0,1.1754099582991104
0.9631483547582466,1.1934895588394174,0.0,1,2.0,-0.5949661998422577,-0.9182326841112144,0,0,0,0.0,0.0,1.0,0.0,0.0,-0.3519723915718554
0.9631483547582466,1.4757889597967662,0.0,1,2.0,0.0416215920174676,-0.9098386157383972,0,0,0,1.0,0.0,0.0,0.0,0.0,-0.861099841528844
-1.6681370845600552,-0.7826062478620239,2.0,1,2.0,0.5619930840008945,1.7939205409032035,0,1,1,0.0,0.0,1.0,1.0,1.0,1.6845374082560989
0.9631483547582466,0.9111901578820688,0.0,0,3.0,-0.7909727951560152,-0.9208172337736894,1,0,0,0.0,0.0,0.0,0.0,0.0,-0.861099841528844
0.4368912668945862,-0.5003068469046751,0.0,1,2.0,0.3035419096491262,-0.3405743984875866,0,0,0,1.0,0.0,0.0,1.0,0.0,-0.3519723915718554
0.4368912668945862,1.4757889597967662,0.0,0,3.0,0.0450907352973574,-0.5093249065383914,0,1,1,0.0,1.0,1.0,0.0,0.0,0.6662825083421218
0.9631483547582466,-0.5003068469046751,0.0,1,2.0,0.7493268211149284,-0.7229276436875464,1,0,0,1.0,0.0,0.0,0.0,0.0,0.1571550583851332
-0.6156229088327345,-1.0649056488193729,0.0,1,0.0,-0.322638452370931,0.304350794723113,0,1,0,0.0,0.0,1.0,0.0,0.0,0.1571550583851332
-0.0893658209690741,1.4757889597967662,0.0,1,3.0,0.7614688225945415,0.04893782055622,0,0,0,1.0,0.0,0.0,1.0,0.0,0.1571550583851332
-0.0893658209690741,1.1934895588394174,2.0,0,1.0,-1.6495857569286696,-0.6982714973499525,0,0,0,2.0,0.0,0.0,0.0,0.0,-1.3702272914858324
0.4368912668945862,-1.0649056488193729,0.0,1,3.0,0.3885359200064189,-0.1254849734794858,0,0,0,1.0,0.0,1.0,0.0,1.0,0.1571550583851332
-0.6156229088327345,-0.5003068469046751,1.0,1,0.0,1.188173446020952,1.224702067894207,1,0,0,1.0,0.0,0.0,1.0,0.0,0.6662825083421218
0.9631483547582466,0.62889075692472,0.0,1,2.0,0.3139493394887947,-0.8369680385291447,0,0,0,1.0,0.0,0.0,0.0,0.0,-0.861099841528844
-0.6156229088327345,-0.7826062478620239,2.0,1,3.0,-1.6877463330074542,-0.5461261490775273,0,1,1,2.0,0.0,0.0,0.0,0.0,-1.3702272914858324
-1.6681370845600552,-1.3472050497767214,2.0,1,0.0,0.1231464590948714,1.3575890903630572,0,1,1,0.0,1.0,0.0,1.0,0.0,0.6662825083421218
0.4368912668945862,1.4757889597967662,0.0,1,2.0,0.9765557059476916,-0.4162582465683827,0,0,0,1.0,0.0,0.0,0.0,0.0,0.1571550583851332
0.4368912668945862,0.3465913559673712,0.0,0,3.0,0.2168133276518884,-0.3069752528754109,0,0,0,1.0,0.0,0.0,0.0,0.0,-0.861099841528844
-1.6681370845600552,0.62889075692472,2.0,0,0.0,0.8204442583526634,1.786715822817543,0,1,1,0.0,1.0,1.0,1.0,1.0,2.193664858213088
-0.0893658209690741,-1.3472050497767214,2.0,0,0.0,-1.278387425980492,-0.4262076191628663,0,0,0,0.0,1.0,0.0,0.0,0.0,-0.861099841528844
0.9631483547582466,0.3465913559673712,0.0,1,2.0,0.6573945241978562,-0.8403759845442667,1,0,0,1.0,0.0,0.0,1.0,0.0,0.1571550583851332
-1.6681370845600552,0.62889075692472,0.0,1,2.0,1.231537737019571,2.0790444001281063,0,1,0,1.0,0.0,1.0,1.0,0.0,1.1754099582991104
0.4368912668945862,-1.0649056488193729,0.0,1,1.0,0.9297222716691832,-0.0654914003407949,0,1,0,1.0,0.0,0.0,1.0,0.0,0.6662825083421218
0.9631483547582466,1.4757889597967662,0.0,0,3.0,0.0936587412158103,-0.9091524521111912,0,0,0,1.0,0.0,0.0,0.0,0.0,-0.861099841528844
0.4368912668945862,0.62889075692472,1.0,0,1.0,0.4145544946055903,-0.306815148029063,0,0,0,0.0,1.0,1.0,0.0,1.0,1.6845374082560989
-1.1418799966963948,-1.0649056488193729,2.0,0,1.0,-1.6860117613675096,-0.3958563147194645,0,1,1,2.0,0.0,0.0,0.0,0.0,-1.3702272914858324
-0.0893658209690741,-1.3472050497767214,0.0,0,2.0,0.0121338741384069,0.0517282193068567,0,0,0,1.0,0.0,0.0,0.0,0.0,-0.861099841528844
-1.6681370845600552,-1.3472050497767214,2.0,1,1.0,1.6964029365247657,2.927028282749899,0,1,1,1.0,1.0,1.0,1.0,1.0,2.193664858213088
0.9631483547582466,0.9111901578820688,0.0,1,1.0,0.7961602553934367,-0.8998892431439135,0,0,0,1.0,0.0,1.0,0.0,0.0,0.1571550583851332
1.489405442621907,-1.62950445073407,0.0,0,2.0,-1.6704006166080068,-0.9324133990734668,0,1,1,2.0,0.0,0.0,0.0,0.0,-1.3702272914858324
-0.0893658209690741,0.0642919550100224,0.0,1,2.0,0.922783985109404,0.4213645652826028,0,0,0,1.0,0.0,1.0,0.0,0.0,0.6662825083421218
0.4368912668945862,-0.7826062478620239,0.0,1,0.0,0.7579996793146523,-0.0545127823055027,1,1,0,1.0,0.0,0.0,0.0,0.0,0.1571550583851332
0.9631483547582466,-1.0649056488193729,0.0,0,0.0,-0.265397588252754,-0.6381864357276342,1,0,0,0.0,1.0,1.0,0.0,0.0,0.1571550583851332
0.4368912668945862,0.9111901578820688,0.0,1,2.0,0.8117714001529396,-0.4407771601805353,1,0,0,1.0,0.0,1.0,0.0,0.0,0.1571550583851332
0.9631483547582466,-0.5003068469046751,0.0,1,2.0,0.8152405434328294,-0.7357131592744804,1,0,0,1.0,0.0,0.0,0.0,0.0,0.1571550583851332
0.9631483547582466,0.62889075692472,0.0,1,3.0,-0.6712873519998271,-0.919239057431116,0,0,0,0.0,1.0,0.0,0.0,0.0,-0.3519723915718554
0.9631483547582466,0.3465913559673712,0.0,1,1.0,-1.6426474703688907,-0.9180497071439594,0,1,0,2.0,0.0,0.0,0.0,0.0,-1.3702272914858324
-1.1418799966963948,-1.3472050497767214,1.0,0,2.0,-1.491739737693697,-0.3312197010366813,0,0,0,2.0,0.0,0.0,0.0,0.0,-1.3702272914858324
-1.1418799966963948,-0.5003068469046751,1.0,0,2.0,1.4726431949718917,1.754328899613431,0,1,0,1.0,0.0,1.0,1.0,1.0,1.6845374082560989
0.9631483547582466,0.0642919550100224,0.0,1,1.0,0.4544496423243199,-0.7632283207254318,0,0,0,1.0,0.0,0.0,0.0,0.0,-0.3519723915718554
-0.0893658209690741,-0.2180074459473263,1.0,0,0.0,-1.6704006166080068,-0.6559352015513568,0,0,0,2.0,0.0,0.0,0.0,0.0,-1.3702272914858324
0.9631483547582466,0.9111901578820688,0.0,0,2.0,0.4457767841245961,-0.868508693259703,0,0,0,1.0,0.0,0.0,0.0,0.0,-0.3519723915718554
0.9631483547582466,-0.5003068469046751,2.0,0,3.0,-1.675604331527841,-0.8511487534913972,0,1,1,2.0,0.0,0.0,0.0,0.0,-1.3702272914858324
-0.6156229088327345,-0.7826062478620239,2.0,1,1.0,-0.1283664286971182,0.4352250705521594,0,1,0,0.0,0.0,1.0,0.0,1.0,0.6662825083421218
-1.6681370845600552,-1.0649056488193729,0.0,1,2.0,1.2506180250589631,2.4650800567940703,0,1,1,1.0,0.0,1.0,1.0,0.0,1.1754099582991104
-1.1418799966963948,-0.7826062478620239,1.0,1,1.0,0.2532393320907282,1.0259204650926967,0,1,1,0.0,0.0,1.0,0.0,1.0,1.1754099582991104
-1.6681370845600552,-1.3472050497767214,2.0,1,0.0,0.8135059717928843,2.122135475916629,0,0,0,0.0,1.0,1.0,1.0,1.0,2.193664858213088
0.4368912668945862,0.62889075692472,0.0,1,2.0,0.3937396349262534,-0.4329320227094827,0,0,0,1.0,0.0,1.0,1.0,0.0,0.1571550583851332
-0.0893658209690741,1.4757889597967662,1.0,0,3.0,0.2220170425717224,-0.0888667079076047,0,0,0,0.0,1.0,1.0,1.0,1.0,1.6845374082560989
0.9631483547582466,0.3465913559673712,0.0,0,0.0,-1.6287708972493324,-0.9023365600809474,0,0,0,2.0,0.0,0.0,0.0,0.0,-1.3702272914858324
0.4368912668945862,-0.5003068469046751,0.0,1,2.0,0.6088265182794033,-0.2774244726637493,0,1,1,1.0,0.0,0.0,0.0,0.0,-0.3519723915718554
0.4368912668945862,0.9111901578820688,0.0,1,2.0,1.3460194652559248,-0.3678608387294692,0,0,0,1.0,0.0,1.0,1.0,0.0,1.1754099582991104
-0.0893658209690741,0.62889075692472,1.0,1,2.0,0.7805491106339343,0.0551361653219786,0,1,1,1.0,0.0,0.0,0.0,0.0,0.1571550583851332
0.9631483547582466,-0.2180074459473263,2.0,0,3.0,-1.6790734748077305,-0.8672735987307327,0,1,1,2.0,0.0,0.0,0.0,0.0,-1.3702272914858324
0.4368912668945862,-0.2180074459473263,0.0,0,3.0,0.7545305360347629,-0.1358689163711997,0,1,0,1.0,0.0,0.0,1.0,0.0,0.1571550583851332
-0.6156229088327345,-0.5003068469046751,0.0,1,1.0,0.3486407722876898,0.6065372561445324,0,1,1,1.0,0.0,0.0,0.0,0.0,-0.3519723915718554
0.9631483547582466,1.1934895588394174,0.0,0,3.0,-1.647851185288725,-0.9125603981263132,0,0,0,2.0,0.0,0.0,0.0,0.0,-1.3702272914858324
0.4368912668945862,-1.3472050497767214,0.0,1,0.0,1.1014448640237142,0.158632512425515,0,0,0,1.0,0.0,1.0,0.0,0.0,0.6662825083421218
-1.6681370845600552,-1.0649056488193729,2.0,0,1.0,-1.526431170492592,-0.1974635379733706,0,1,1,2.0,0.0,0.0,0.0,0.0,-1.3702272914858324
0.9631483547582466,0.3465913559673712,0.0,0,2.0,-0.6088427729618158,-0.7975593742066269,0,1,0,0.0,0.0,0.0,0.0,0.0,-0.861099841528844
0.9631483547582466,-0.5003068469046751,0.0,0,3.0,0.2029367545323301,-0.6920731525841938,1,0,0,1.0,0.0,0.0,0.0,0.0,-0.861099841528844
-1.6681370845600552,-1.3472050497767214,2.0,1,0.0,1.670384361925594,2.903309893369486,1,1,0,1.0,1.0,1.0,1.0,1.0,2.193664858213088
-1.6681370845600552,-1.0649056488193729,1.0,0,1.0,1.6565077888060362,2.70384212694077,0,1,0,1.0,1.0,1.0,1.0,1.0,2.193664858213088
-1.6681370845600552,-1.62950445073407,2.0,1,2.0,-0.4752807566860695,0.8597087624625531,0,1,0,0.0,0.0,1.0,1.0,0.0,0.6662825083421218
1.489405442621907,-1.62950445073407,0.0,1,3.0,-1.6391783270890012,-0.9320017008971432,0,1,0,2.0,0.0,0.0,0.0,0.0,-1.3702272914858324
0.9631483547582466,-0.2180074459473263,0.0,1,2.0,-0.043372418339825,-0.7031432591031135,0,0,0,0.0,0.0,1.0,0.0,1.0,0.6662825083421218
0.9631483547582466,0.9111901578820688,0.0,0,2.0,0.7857528255537682,-0.9000264758693547,0,0,0,1.0,0.0,0.0,0.0,0.0,0.1571550583851332
0.9631483547582466,-0.7826062478620239,0.0,1,2.0,1.087568290904156,-0.6370428296822913,1,1,0,1.0,0.0,0.0,1.0,0.0,0.6662825083421218
0.4368912668945862,0.62889075692472,0.0,1,0.0,0.1352884605744846,-0.4072466309310802,1,1,0,1.0,0.0,0.0,0.0,0.0,-0.861099841528844
-1.1418799966963948,-0.7826062478620239,0.0,1,2.0,1.071957146144653,1.6283492576584524,1,0,0,1.0,1.0,0.0,0.0,0.0,0.6662825083421218
0.9631483547582466,0.9111901578820688,0.0,1,2.0,0.943598844788741,-0.8979451128668305,1,1,0,1.0,0.0,0.0,0.0,0.0,0.1571550583851332
-1.6681370845600552,-1.3472050497767214,2.0,0,0.0,0.3868013483664743,1.6800173787870465,0,1,1,1.0,1.0,0.0,0.0,0.0,-0.3519723915718554
-1.1418799966963948,0.3465913559673712,1.0,0,2.0,0.5724005138405635,1.1097467882163343,0,0,0,1.0,1.0,0.0,1.0,1.0,0.6662825083421218
-1.1418799966963948,-0.2180074459473263,0.0,1,2.0,1.0043088521868075,1.4462414309980418,1,0,0,1.0,1.0,1.0,0.0,0.0,0.6662825083421218
-0.0893658209690741,1.4757889597967662,0.0,1,2.0,1.0615497163049843,0.2087910735742565,1,1,0,1.0,0.0,1.0,1.0,0.0,1.1754099582991104
0.4368912668945862,-1.3472050497767214,0.0,1,0.0,1.266229169818466,0.0650397936746485,0,1,0,1.0,1.0,0.0,1.0,0.0,1.1754099582991104
0.9631483547582466,0.62889075692472,0.0,1,2.0,0.3139493394887947,-0.8369680385291447,0,0,0,1.0,0.0,0.0,0.0,0.0,-0.861099841528844
-1.6681370845600552,-0.2180074459473263,2.0,0,0.0,-1.6634623300482276,-0.3112294673640867,0,1,1,2.0,0.0,0.0,0.0,0.0,-1.3702272914858324
1.489405442621907,-1.62950445073407,0.0,1,3.0,-0.8187259413951314,-0.9211831877081992,0,0,0,0.0,0.0,0.0,0.0,0.0,-0.861099841528844
0.9631483547582466,0.9111901578820688,0.0,1,2.0,0.0988624561356448,-0.8742495956073246,0,0,0,0.0,1.0,0.0,0.0,0.0,0.6662825083421218
-1.6681370845600552,0.3465913559673712,1.0,1,0.0,0.1023315994155341,1.2263031163576874,1,1,0,0.0,0.0,1.0,1.0,0.0,0.6662825083421218
-1.1418799966963948,1.1934895588394174,1.0,1,1.0,0.4596533572441543,0.9460510188859452,0,0,0,0.0,1.0,1.0,1.0,1.0,1.6845374082560989
1.489405442621907,-1.62950445073407,0.0,1,3.0,-1.6495857569286696,-0.9321389336225844,0,0,0,2.0,0.0,0.0,0.0,0.0,-1.3702272914858324
-1.1418799966963948,-1.62950445073407,0.0,1,2.0,1.3477540368958694,1.9188938095382804,0,1,0,1.0,1.0,1.0,1.0,1.0,1.6845374082560989
-0.0893658209690741,0.9111901578820688,0.0,0,1.0,0.9956359939870836,0.2864876682948561,0,1,0,1.0,0.0,1.0,1.0,0.0,0.6662825083421218
-1.6681370845600552,0.9111901578820688,1.0,0,3.0,-1.4986780242534758,-0.1899843544368278,0,0,0,2.0,0.0,0.0,0.0,0.0,-1.3702272914858324
-0.6156229088327345,0.62889075692472,0.0,1,2.0,1.287044029497803,0.9003982655558551,0,1,0,1.0,0.0,0.0,1.0,1.0,1.1754099582991104
-1.6681370845600552,1.1934895588394174,2.0,1,0.0,1.2801057429380238,2.076414106223817,0,1,1,1.0,0.0,1.0,1.0,0.0,1.1754099582991104
0.4368912668945862,-1.0649056488193729,1.0,0,3.0,0.3330296275281869,-0.1981039573587627,0,1,1,0.0,1.0,1.0,0.0,1.0,1.1754099582991104
-0.6156229088327345,-1.3472050497767214,0.0,1,0.0,1.3685688965752063,1.400176979491628,0,1,1,1.0,0.0,0.0,1.0,1.0,1.1754099582991104
-0.6156229088327345,0.0642919550100224,2.0,1,0.0,-1.6738697598878964,-0.5849858824982805,0,0,0,2.0,0.0,0.0,0.0,0.0,-1.3702272914858324
0.9631483547582466,1.4757889597967662,0.0,0,0.0,0.1942638963326064,-0.9078258690985936,0,0,0,1.0,0.0,0.0,1.0,0.0,-0.3519723915718554
-0.6156229088327345,-0.2180074459473263,1.0,1,1.0,1.0858337192642114,0.916774704125166,1,1,0,1.0,0.0,1.0,0.0,1.0,1.1754099582991104
-0.0893658209690741,1.1934895588394174,0.0,1,0.0,0.2445664738910044,-0.1020639216708623,0,0,0,1.0,0.0,0.0,0.0,0.0,-0.861099841528844
0.9631483547582466,0.62889075692472,0.0,1,3.0,-1.5073508824531996,-0.930263419708222,0,0,0,0.0,0.0,0.0,0.0,0.0,-1.3702272914858324
0.4368912668945862,1.4757889597967662,0.0,1,2.0,0.1717144650133243,-0.6264301655815088,1,0,0,1.0,0.0,1.0,0.0,0.0,-0.3519723915718554
0.4368912668945862,0.62889075692472,0.0,1,3.0,-1.4657211630945255,-0.7400817343676905,0,0,0,0.0,0.0,0.0,0.0,0.0,-1.3702272914858324
0.9631483547582466,1.4757889597967662,0.0,0,3.0,-1.6808080464476751,-0.932550631798908,0,1,1,2.0,0.0,0.0,0.0,0.0,-1.3702272914858324
0.9631483547582466,1.4757889597967662,0.0,0,3.0,-1.6738697598878964,-0.9324591433152803,0,0,0,2.0,0.0,0.0,0.0,0.0,-1.3702272914858324
0.9631483547582466,-0.5003068469046751,1.0,0,1.0,-1.6669314733281173,-0.8576673079498519,1,1,0,2.0,0.0,0.0,0.0,0.0,-1.3702272914858324
0.4368912668945862,0.62889075692472,0.0,0,2.0,0.5602585123609499,-0.4404112062460256,0,1,1,1.0,1.0,0.0,0.0,0.0,0.1571550583851332
0.4368912668945862,0.62889075692472,0.0,1,2.0,0.1005970277755894,-0.3893148881401029,0,0,0,1.0,0.0,0.0,0.0,0.0,-0.861099841528844
-1.6681370845600552,1.4757889597967662,0.0,1,2.0,0.7354502479953702,1.628600850988428,1,1,0,1.0,1.0,1.0,1.0,0.0,0.6662825083421218
-0.6156229088327345,-1.0649056488193729,0.0,1,2.0,1.130932581902775,1.211779319581832,0,1,0,1.0,0.0,0.0,1.0,0.0,0.6662825083421218
0.4368912668945862,0.9111901578820688,0.0,0,2.0,0.2584430470105622,-0.4721348379438388,0,0,0,1.0,0.0,0.0,1.0,0.0,-0.3519723915718554
0.9631483547582466,-1.62950445073407,0.0,1,3.0,0.9349259865890172,-0.5340496692387059,0,1,0,1.0,0.0,1.0,1.0,1.0,1.1754099582991104
-1.6681370845600552,-1.3472050497767214,2.0,1,0.0,0.5984190884397349,1.947849914606364,0,1,0,0.0,0.0,1.0,1.0,1.0,1.6845374082560989
0.9631483547582466,1.1934895588394174,0.0,1,2.0,0.4874065034832703,-0.9039604806653344,0,0,0,1.0,0.0,0.0,0.0,0.0,-0.3519723915718554
0.9631483547582466,0.3465913559673712,0.0,1,2.0,0.0589673084169152,-0.8812255924839166,1,0,0,1.0,0.0,0.0,0.0,0.0,-0.861099841528844
-1.6681370845600552,-1.3472050497767214,2.0,1,1.0,1.0424694282655924,2.312911836400738,0,1,0,1.0,1.0,1.0,1.0,0.0,1.1754099582991104
0.9631483547582466,-0.7826062478620239,0.0,1,2.0,0.395474206566198,-0.7021368857832117,0,0,0,1.0,0.0,0.0,0.0,0.0,-0.3519723915718554
0.9631483547582466,0.62889075692472,0.0,1,2.0,0.0607018800568603,-0.9095870224084216,1,0,0,1.0,0.0,0.0,0.0,0.0,-0.861099841528844
-1.6681370845600552,-0.2180074459473263,2.0,0,0.0,-1.4743940212942492,-0.2002996809658211,0,1,1,2.0,0.0,0.0,0.0,0.0,-1.3702272914858324
-1.1418799966963948,-0.5003068469046751,1.0,1,2.0,-0.4995647596452962,0.4472558061491672,1,0,0,0.0,0.0,0.0,1.0,1.0,0.1571550583851332
-0.0893658209690741,0.62889075692472,0.0,1,0.0,-1.1760476992237512,-0.5512495041606637,0,1,0,0.0,0.0,0.0,0.0,0.0,-0.861099841528844
-1.6681370845600552,-1.3472050497767214,2.0,0,1.0,-1.6721351882479514,-0.2910105124824234,0,1,0,2.0,0.0,0.0,0.0,0.0,-1.3702272914858324
0.4368912668945862,-1.0649056488193729,0.0,1,2.0,0.888092552310509,0.1296764073574318,0,0,0,1.0,0.0,0.0,0.0,0.0,0.1571550583851332
-0.0893658209690741,-1.0649056488193729,0.0,0,2.0,-0.1821381495354058,0.0991878701885889,0,1,0,0.0,1.0,1.0,0.0,1.0,0.6662825083421218
0.4368912668945862,0.0642919550100224,0.0,1,1.0,0.7250428181557018,-0.1764440588599674,0,1,0,1.0,1.0,1.0,0.0,1.0,0.6662825083421218
0.9631483547582466,0.62889075692472,0.0,0,0.0,-1.6599931867683384,-0.8983796831640607,1,0,0,2.0,0.0,0.0,0.0,0.0,-1.3702272914858324
-0.0893658209690741,-1.3472050497767214,0.0,1,0.0,0.0641710233367496,0.1325811667126028,0,1,1,1.0,0.0,0.0,0.0,0.0,-0.861099841528844
-0.6156229088327345,0.62889075692472,0.0,1,2.0,0.9939014223471392,0.6963332028248603,1,0,0,1.0,0.0,0.0,0.0,0.0,0.1571550583851332
-0.0893658209690741,0.62889075692472,1.0,0,0.0,-1.477863164574139,-0.6320567073245962,0,0,0,2.0,0.0,0.0,0.0,0.0,-1.3702272914858324
0.4368912668945862,0.0642919550100224,2.0,1,3.0,-1.6634623300482276,-0.7705931436574402,0,0,0,2.0,0.0,0.0,0.0,0.0,-1.3702272914858324
-0.6156229088327345,0.62889075692472,1.0,1,0.0,1.1517474415821118,0.8957323528908558,1,0,0,1.0,0.0,0.0,1.0,1.0,1.1754099582991104
0.9631483547582466,1.4757889597967662,0.0,1,2.0,0.2705850484901758,-0.9068194957786916,0,0,0,1.0,0.0,1.0,0.0,0.0,-0.3519723915718554
-0.6156229088327345,1.4757889597967662,0.0,0,1.0,0.0086647308585176,0.2736564084661084,0,0,0,0.0,0.0,1.0,0.0,1.0,0.6662825083421218
-1.6681370845600552,0.62889075692472,2.0,0,1.0,-0.2758050180924224,0.8522295789260103,0,0,0,0.0,1.0,0.0,1.0,1.0,1.1754099582991104
-0.0893658209690741,0.9111901578820688,0.0,0,1.0,0.7632033942344867,0.1717382377051452,0,1,0,1.0,0.0,1.0,1.0,0.0,0.6662825083421218
-0.0893658209690741,-0.2180074459473263,0.0,1,0.0,-0.6071082013218712,-0.2427045931271375,1,1,0,0.0,0.0,1.0,0.0,0.0,-0.3519723915718554
-1.6681370845600552,0.9111901578820688,1.0,0,0.0,1.110117722223438,1.8658762332761816,0,0,0,1.0,0.0,1.0,0.0,0.0,0.6662825083421218
-1.6681370845600552,-0.5003068469046751,1.0,1,2.0,-1.4431717317752435,-0.1347253103258568,0,1,0,2.0,0.0,0.0,0.0,0.0,-1.3702272914858324
-1.6681370845600552,0.9111901578820688,0.0,1,2.0,-0.8343370861546341,0.316976205463699,1,0,0,0.0,0.0,1.0,0.0,1.0,0.1571550583851332
-0.6156229088327345,0.0642919550100224,1.0,1,3.0,-0.400694176168445,0.1523655512970357,0,1,0,0.0,0.0,0.0,0.0,0.0,-0.3519723915718554
-1.6681370845600552,-0.7826062478620239,2.0,1,0.0,-1.4535791616149123,-0.0233838257512678,0,1,0,2.0,0.0,0.0,0.0,0.0,-1.3702272914858324
-0.0893658209690741,-1.62950445073407,2.0,0,0.0,-1.668666044968062,-0.6092989470222716,0,1,1,2.0,0.0,0.0,0.0,0.0,-1.3702272914858324
-1.6681370845600552,0.0642919550100224,0.0,1,1.0,1.1621548714217806,2.187938567765662,1,0,0,1.0,0.0,0.0,1.0,0.0,0.6662825083421218
-0.6156229088327345,0.3465913559673712,0.0,1,1.0,-1.4848014511339178,-0.4395649377724718,0,1,0,0.0,0.0,0.0,0.0,0.0,-1.3702272914858324
-1.6681370845600552,-0.7826062478620239,2.0,0,0.0,-1.6808080464476751,-0.3451716947898652,0,1,0,2.0,0.0,0.0,0.0,0.0,-1.3702272914858324
0.4368912668945862,-0.2180074459473263,0.0,1,2.0,0.7094316733961988,-0.1915625307794011,0,0,0,1.0,0.0,0.0,0.0,1.0,0.1571550583851332
0.4368912668945862,1.1934895588394174,2.0,0,3.0,-1.6842771897275648,-0.8138900685341242,0,1,1,2.0,0.0,0.0,0.0,0.0,-1.3702272914858324
-0.0893658209690741,-1.62950445073407,1.0,0,3.0,-1.675604331527841,-0.6085212949114384,1,1,0,2.0,0.0,0.0,0.0,0.0,-1.3702272914858324
1.489405442621907,-1.3472050497767214,2.0,1,0.0,-0.2081567241345771,-0.941447886831676,0,0,1,0.0,1.0,1.0,0.0,1.0,0.6662825083421218
-1.1418799966963948,-1.0649056488193729,1.0,0,0.0,0.0277450188979098,0.9207773252838662,0,0,0,0.0,1.0,0.0,0.0,1.0,0.6662825083421218
0.9631483547582466,0.62889075692472,0.0,1,2.0,1.318266319016809,-0.7883647816020696,1,1,0,1.0,0.0,1.0,1.0,0.0,1.1754099582991104
0.4368912668945862,0.0642919550100224,2.0,0,3.0,-1.46745573473447,-0.7191766158588215,0,1,1,2.0,0.0,0.0,0.0,0.0,-1.3702272914858324
-1.6681370845600552,0.62889075692472,1.0,0,0.0,-0.2272370121739693,0.830729785273563,0,1,1,0.0,1.0,1.0,1.0,0.0,0.6662825083421218
-0.0893658209690741,1.4757889597967662,0.0,0,3.0,-1.6305054688892775,-0.704355481511177,0,0,0,2.0,0.0,0.0,0.0,0.0,-1.3702272914858324
-1.1418799966963948,-1.3472050497767214,0.0,1,2.0,1.318266319016809,1.9867553922689307,1,1,0,1.0,0.0,1.0,1.0,0.0,1.1754099582991104
-1.6681370845600552,-0.7826062478620239,1.0,1,2.0,1.032061998425924,2.252643797811165,0,1,0,1.0,0.0,0.0,1.0,0.0,0.6662825083421218
-1.6681370845600552,1.4757889597967662,2.0,0,1.0,-1.6599931867683384,-0.3632864145480974,0,1,1,2.0,0.0,0.0,0.0,0.0,-1.3702272914858324
0.4368912668945862,1.1934895588394174,0.0,1,2.0,1.2818403145779684,-0.2409205676964025,1,0,0,1.0,0.0,1.0,1.0,0.0,1.1754099582991104
-0.0893658209690741,1.1934895588394174,0.0,1,2.0,-0.4891573298056277,-0.30567154198372,0,1,0,0.0,0.0,1.0,0.0,1.0,0.1571550583851332
0.4368912668945862,-0.7826062478620239,0.0,1,2.0,0.1994676112524408,-0.2719809078879169,1,1,0,1.0,0.0,1.0,0.0,0.0,-0.3519723915718554
-0.6156229088327345,1.1934895588394174,1.0,1,2.0,-0.6955713549590536,-0.0785285092577045,0,0,0,0.0,1.0,0.0,0.0,0.0,-0.3519723915718554
-0.0893658209690741,1.4757889597967662,0.0,1,2.0,0.9748211343077468,0.029450773543576,0,0,0,1.0,0.0,0.0,0.0,1.0,0.6662825083421218
0.9631483547582466,1.1934895588394174,0.0,1,2.0,0.6174993764791271,-0.90224507159732,1,0,0,1.0,0.0,0.0,0.0,0.0,-0.3519723915718554
0.9631483547582466,0.9111901578820688,0.0,1,2.0,0.4093507796857563,-0.904989726106143,0,0,0,1.0,0.0,0.0,0.0,0.0,-0.3519723915718554
-1.1418799966963948,-1.3472050497767214,0.0,1,0.0,-0.2671321598926987,0.6972938319029484,0,1,0,0.0,0.0,1.0,1.0,1.0,1.1754099582991104
0.9631483547582466,0.9111901578820688,0.0,0,3.0,-0.7909727951560152,-0.9208172337736894,1,0,0,0.0,0.0,0.0,0.0,0.0,-0.861099841528844
-2.194394172423716,1.1934895588394174,2.0,1,1.0,1.4119331875738252,2.576696006819541,0,1,0,1.0,0.0,1.0,1.0,1.0,1.6845374082560989
0.4368912668945862,0.62889075692472,0.0,1,1.0,0.7545305360347629,-0.3886973408756177,0,1,1,1.0,0.0,1.0,0.0,1.0,0.6662825083421218
0.9631483547582466,-1.62950445073407,0.0,0,0.0,-0.6123119162417053,-0.669841451062727,0,0,0,0.0,0.0,0.0,0.0,1.0,-0.3519723915718554
0.9631483547582466,1.4757889597967662,0.0,1,2.0,-1.6651969016881725,-0.9323447827107462,0,1,1,2.0,0.0,0.0,0.0,0.0,-1.3702272914858324
0.9631483547582466,0.3465913559673712,0.0,0,0.0,-1.6287708972493324,-0.9023365600809474,0,0,0,2.0,0.0,0.0,0.0,0.0,-1.3702272914858324
-0.0893658209690741,0.9111901578820688,0.0,1,0.0,0.4145544946055903,-0.0195413094389155,0,0,0,1.0,1.0,1.0,0.0,0.0,0.1571550583851332
0.9631483547582466,1.4757889597967662,0.0,1,2.0,-0.7718925071166229,-0.9205656404437138,0,0,0,0.0,0.0,0.0,0.0,0.0,-0.861099841528844
1.489405442621907,-1.62950445073407,0.0,0,3.0,-1.654789471848504,-0.9322075499853052,0,0,0,2.0,0.0,0.0,0.0,0.0,-1.3702272914858324
-1.1418799966963948,-0.2180074459473263,2.0,0,0.0,1.224599450459792,1.6862614677946193,0,1,0,1.0,0.0,0.0,1.0,1.0,1.1754099582991104
0.4368912668945862,-0.2180074459473263,0.0,0,3.0,-0.6209847744414291,-0.4826102693191803,0,0,0,0.0,0.0,0.0,0.0,1.0,-0.3519723915718554
-1.1418799966963948,-1.0649056488193729,0.0,0,2.0,1.134401725182664,1.6870848641472658,1,1,0,1.0,0.0,0.0,1.0,0.0,0.6662825083421218
-1.6681370845600552,-1.0649056488193729,2.0,0,0.0,-1.4691903063744152,-0.0731764329654996,0,0,0,2.0,0.0,0.0,0.0,0.0,-1.3702272914858324
-1.1418799966963948,0.3465913559673712,0.0,1,2.0,1.037265713345758,1.306103946201718,1,0,0,1.0,0.0,0.0,1.0,0.0,0.6662825083421218
-1.6681370845600552,-0.2180074459473263,1.0,1,1.0,0.1769181799331588,1.4203273180105709,0,1,1,0.0,1.0,1.0,1.0,0.0,1.1754099582991104
0.9631483547582466,0.9111901578820688,0.0,1,2.0,0.4995485049628834,-0.9038003758189864,0,0,0,1.0,0.0,1.0,1.0,0.0,0.1571550583851332
-1.6681370845600552,0.9111901578820688,2.0,1,1.0,0.9262531283892934,1.7797398259409511,0,1,0,1.0,1.0,0.0,1.0,0.0,0.6662825083421218
0.9631483547582466,0.3465913559673712,0.0,0,1.0,0.766672537514376,-0.8545109552647054,0,1,1,1.0,0.0,0.0,1.0,1.0,0.6662825083421218
0.9631483547582466,0.62889075692472,0.0,0,2.0,0.0711093098965287,-0.9094497896829804,0,0,0,1.0,0.0,0.0,0.0,0.0,-0.861099841528844
-1.1418799966963948,1.1934895588394174,0.0,1,0.0,-0.7840345085962364,0.0397661000725695,0,1,0,0.0,1.0,0.0,1.0,0.0,0.1571550583851332
-0.6156229088327345,0.62889075692472,0.0,1,3.0,0.6383142361584639,0.5525590508043454,0,1,1,1.0,0.0,1.0,0.0,0.0,0.1571550583851332
0.9631483547582466,-1.0649056488193729,0.0,1,2.0,0.9002345537901221,-0.6506974858636861,0,0,0,1.0,0.0,0.0,0.0,0.0,0.1571550583851332
-0.0893658209690741,-1.0649056488193729,0.0,1,1.0,0.4301656393650931,0.1944045095238424,1,1,0,1.0,0.0,0.0,0.0,0.0,-0.3519723915718554
-0.0893658209690741,0.62889075692472,0.0,1,0.0,0.9297222716691832,0.1390768490501507,0,0,0,1.0,0.0,0.0,0.0,0.0,0.1571550583851332
0.9631483547582466,-0.7826062478620239,0.0,0,3.0,-0.9453496711110986,-0.7909722033854515,0,1,0,0.0,0.0,0.0,0.0,1.0,-0.3519723915718554
-1.1418799966963948,-1.62950445073407,2.0,1,3.0,-0.1994838659348533,0.7871583949459968,0,1,0,0.0,1.0,0.0,1.0,1.0,1.1754099582991104
0.4368912668945862,-0.7826062478620239,0.0,1,3.0,-0.3451878836902127,-0.3596726194448138,0,1,1,0.0,1.0,1.0,0.0,1.0,0.6662825083421218
-1.1418799966963948,-1.0649056488193729,2.0,1,3.0,1.4986617695710631,2.057178652541149,0,1,1,1.0,1.0,1.0,0.0,1.0,1.6845374082560989
-0.6156229088327345,0.3465913559673712,0.0,1,0.0,1.0129817103865313,0.7542682850819337,0,1,0,1.0,0.0,0.0,0.0,0.0,0.1571550583851332
0.9631483547582466,-0.2180074459473263,0.0,1,2.0,0.66606738239758,-0.6150169772489863,1,0,0,1.0,0.0,1.0,0.0,0.0,0.1571550583851332
-1.1418799966963948,-1.62950445073407,2.0,0,1.0,-1.6704006166080068,-0.3414664112029542,0,1,1,2.0,0.0,0.0,0.0,0.0,-1.3702272914858324
-1.6681370845600552,-1.3472050497767214,2.0,1,1.0,0.511690506442497,1.7663138909686251,0,1,0,0.0,1.0,1.0,1.0,0.0,1.6845374082560989
0.9631483547582466,0.62889075692472,0.0,1,2.0,0.1300847456546506,-0.9086721375721472,0,0,1,1.0,0.0,0.0,0.0,0.0,-0.861099841528844
0.4368912668945862,0.62889075692472,0.0,0,1.0,-1.6235671823294984,-0.7650809625188874,0,0,0,2.0,0.0,0.0,0.0,0.0,-1.3702272914858324
-1.1418799966963948,-0.2180074459473263,1.0,1,1.0,1.1066485789435485,1.5815528982830191,0,1,1,1.0,0.0,0.0,1.0,0.0,0.6662825083421218
1.489405442621907,-1.62950445073407,1.0,0,3.0,-1.6738697598878964,-0.9324591433152803,0,1,1,2.0,0.0,0.0,0.0,0.0,-1.3702272914858324
-1.6681370845600552,-1.3472050497767214,2.0,1,1.0,1.443155477092831,2.6517165633940385,0,1,1,1.0,1.0,1.0,1.0,1.0,2.193664858213088
0.9631483547582466,-1.62950445073407,0.0,0,0.0,-0.6123119162417053,-0.669841451062727,0,0,0,0.0,0.0,0.0,0.0,1.0,-0.3519723915718554
-1.6681370845600552,-1.3472050497767214,2.0,1,1.0,1.0355311417058133,2.2568065238162136,0,1,1,1.0,1.0,1.0,0.0,1.0,1.1754099582991104
-1.6681370845600552,-1.3472050497767214,2.0,1,1.0,-1.4848014511339178,-0.1222600044316187,0,1,1,2.0,0.0,0.0,0.0,0.0,-1.3702272914858324
0.9631483547582466,0.0642919550100224,0.0,1,2.0,0.2584430470105622,-0.6831530254305188,0,0,0,1.0,0.0,0.0,0.0,0.0,-0.861099841528844
1.489405442621907,-1.3472050497767214,2.0,0,3.0,0.4492459274044854,-0.941447886831676,0,1,1,0.0,1.0,1.0,1.0,0.0,1.6845374082560989
-1.6681370845600552,0.62889075692472,2.0,1,1.0,1.4882543397313943,2.3731341307484977,0,1,1,1.0,0.0,1.0,1.0,1.0,1.6845374082560989
-0.6156229088327345,0.9111901578820688,1.0,1,0.0,-1.647851185288725,-0.550380363566203,0,0,1,2.0,0.0,0.0,0.0,0.0,-1.3702272914858324
0.9631483547582466,1.1934895588394174,0.0,1,2.0,-1.481332307854028,-0.9299203378946193,1,0,0,0.0,0.0,0.0,0.0,0.0,-1.3702272914858324
0.4368912668945862,1.4757889597967662,0.0,1,3.0,1.0788954327044322,-0.3459950911425122,0,0,0,1.0,0.0,0.0,0.0,1.0,0.6662825083421218
-0.6156229088327345,0.62889075692472,0.0,1,1.0,0.3833322050865849,0.3575284758315598,0,1,0,1.0,0.0,0.0,1.0,0.0,-0.3519723915718554
0.4368912668945862,0.62889075692472,0.0,1,0.0,0.6140302331992372,-0.325936241107197,1,1,0,1.0,0.0,0.0,0.0,0.0,-0.3519723915718554
-0.0893658209690741,-0.7826062478620239,0.0,1,1.0,1.3963220428143228,0.6289061903914404,0,0,0,1.0,1.0,1.0,0.0,1.0,1.6845374082560989
0.4368912668945862,-1.62950445073407,0.0,0,2.0,-0.4562004686466772,-0.329321315001412,0,1,1,0.0,1.0,0.0,0.0,0.0,-0.3519723915718554
-0.6156229088327345,0.0642919550100224,2.0,1,2.0,0.3781284901667505,0.6414401126483991,0,1,0,0.0,1.0,0.0,1.0,1.0,1.6845374082560989
-0.6156229088327345,0.3465913559673712,0.0,1,0.0,1.0129817103865313,0.7542682850819337,0,1,0,1.0,0.0,0.0,0.0,0.0,0.1571550583851332
-1.6681370845600552,0.0642919550100224,2.0,0,2.0,-0.8326025145146895,0.4753427706227898,0,0,0,0.0,1.0,0.0,0.0,1.0,0.1571550583851332
-1.6681370845600552,-1.0649056488193729,2.0,0,1.0,-1.6651969016881725,-0.302263595968598,0,1,1,2.0,0.0,0.0,0.0,0.0,-1.3702272914858324
-1.6681370845600552,0.0642919550100224,2.0,0,1.0,-1.46745573473447,-0.124958914698628,0,1,0,2.0,0.0,0.0,0.0,0.0,-1.3702272914858324
0.9631483547582466,0.9111901578820688,0.0,0,3.0,-1.632240040529222,-0.9126747587308476,0,1,1,2.0,0.0,0.0,0.0,0.0,-1.3702272914858324
0.9631483547582466,-0.2180074459473263,0.0,0,2.0,0.3659864886871374,-0.7904690167255006,0,0,0,1.0,0.0,1.0,0.0,0.0,-0.3519723915718554
0.9631483547582466,0.62889075692472,0.0,0,2.0,0.2931344798094573,-0.9065221582069026,0,0,0,1.0,0.0,0.0,1.0,0.0,-0.3519723915718554
0.9631483547582466,0.3465913559673712,0.0,0,1.0,-0.6157810595215949,-0.888796264504087,1,1,0,0.0,0.0,1.0,0.0,0.0,-0.3519723915718554
-1.6681370845600552,-0.2180074459473263,2.0,1,1.0,0.8429936896719454,1.9829128759565784,0,1,1,0.0,1.0,1.0,1.0,1.0,2.193664858213088
-1.6681370845600552,-1.0649056488193729,2.0,0,1.0,-1.4726594496543044,-0.1227860632124764,1,1,0,2.0,0.0,0.0,0.0,0.0,-1.3702272914858324
-0.0893658209690741,0.0642919550100224,0.0,0,2.0,1.264494598178521,0.5249295287488599,0,0,0,1.0,1.0,1.0,0.0,0.0,1.1754099582991104
0.4368912668945862,-0.2180074459473263,0.0,1,1.0,-0.4475276104469535,-0.4082758763718889,0,0,0,0.0,1.0,1.0,1.0,1.0,1.1754099582991104
-0.0893658209690741,-0.5003068469046751,0.0,1,1.0,0.3850667767265296,0.2372897362242028,0,0,0,1.0,0.0,1.0,1.0,0.0,0.1571550583851332
0.9631483547582466,-0.7826062478620239,0.0,1,2.0,0.234159044051336,-0.6196142735512649,0,0,0,0.0,1.0,1.0,0.0,0.0,1.1754099582991104
0.9631483547582466,0.62889075692472,0.0,0,3.0,-1.1396216947849114,-0.925414530075968,0,0,0,0.0,0.0,0.0,0.0,0.0,-0.861099841528844
0.9631483547582466,-1.62950445073407,0.0,1,3.0,-1.6981537628471228,-0.856546574025416,0,0,0,2.0,0.0,0.0,0.0,0.0,-1.3702272914858324
0.9631483547582466,0.62889075692472,0.0,0,1.0,0.0971278844957001,-0.8770857385997751,0,0,0,1.0,0.0,0.0,0.0,0.0,-0.861099841528844
0.9631483547582466,0.62889075692472,0.0,1,2.0,-0.6417996341207662,-0.8570955049271805,0,0,1,0.0,1.0,0.0,0.0,0.0,-0.3519723915718554
-1.1418799966963948,-0.2180074459473263,1.0,0,1.0,-1.6634623300482276,-0.4260246421956113,0,1,0,2.0,0.0,0.0,0.0,0.0,-1.3702272914858324
0.9631483547582466,-0.7826062478620239,0.0,1,2.0,0.0381524487375783,-0.7095703250779407,0,1,1,1.0,0.0,0.0,0.0,0.0,-0.861099841528844
-1.6681370845600552,0.9111901578820688,1.0,1,3.0,1.408464044293936,2.206144776007521,0,1,0,1.0,1.0,0.0,1.0,1.0,1.6845374082560989
-0.6156229088327345,-1.3472050497767214,1.0,1,0.0,-0.3104964508913176,0.3346792270456077,1,1,0,0.0,0.0,1.0,0.0,0.0,0.1571550583851332
0.9631483547582466,0.62889075692472,0.0,1,2.0,0.0867204546560317,-0.8478094238389958,1,0,0,1.0,0.0,0.0,0.0,0.0,-0.861099841528844
-1.6681370845600552,0.0642919550100224,2.0,1,3.0,-1.491739737693697,-0.1728302637566836,0,1,1,2.0,0.0,0.0,0.0,0.0,-1.3702272914858324
0.4368912668945862,-0.5003068469046751,0.0,1,2.0,0.4145544946055903,-0.2682070079382851,1,0,0,1.0,0.0,0.0,1.0,0.0,-0.3519723915718554
-1.1418799966963948,1.1934895588394174,1.0,0,2.0,-1.6929500479272883,-0.4804374178330287,0,0,0,2.0,0.0,0.0,0.0,0.0,-1.3702272914858324
0.4368912668945862,0.3465913559673712,1.0,0,3.0,-1.6582586151283931,-0.7576246511032514,0,0,0,2.0,0.0,0.0,0.0,0.0,-1.3702272914858324
0.4368912668945862,0.0642919550100224,1.0,0,0.0,-1.6565240434884487,-0.7626565177027603,0,0,1,2.0,0.0,0.0,0.0,0.0,-1.3702272914858324
0.4368912668945862,-1.3472050497767214,0.0,1,2.0,1.2575563116187425,0.1997108415742336,0,0,0,1.0,0.0,1.0,1.0,0.0,1.1754099582991104
-0.6156229088327345,-1.3472050497767214,1.0,0,3.0,-1.6634623300482276,-0.5129615737625819,0,0,1,2.0,0.0,0.0,0.0,0.0,-1.3702272914858324
-1.6681370845600552,1.1934895588394174,2.0,0,2.0,-0.3087618792513729,0.754565622653723,0,1,1,0.0,1.0,1.0,1.0,0.0,1.1754099582991104
0.9631483547582466,-1.62950445073407,0.0,0,1.0,-0.4405893238871743,-0.6997581852088984,0,1,1,0.0,0.0,0.0,1.0,1.0,0.1571550583851332
0.9631483547582466,-1.0649056488193729,0.0,1,2.0,-1.3286900035388898,-0.7829669610680509,0,1,1,0.0,1.0,0.0,0.0,0.0,-0.861099841528844
-0.0893658209690741,1.4757889597967662,0.0,1,2.0,0.9713519910278576,0.1787142345817371,0,0,1,1.0,0.0,1.0,0.0,0.0,0.6662825083421218
-1.1418799966963948,0.0642919550100224,1.0,0,0.0,-1.6929500479272883,-0.4833193050672928,0,0,1,2.0,0.0,0.0,0.0,0.0,-1.3702272914858324
-1.6681370845600552,0.9111901578820688,2.0,0,3.0,-1.654789471848504,-0.3569508370568976,0,1,1,2.0,0.0,0.0,0.0,0.0,-1.3702272914858324
0.4368912668945862,-1.3472050497767214,0.0,1,1.0,0.7302465330755362,0.0067158853621584,0,0,0,1.0,0.0,0.0,1.0,0.0,0.1571550583851332
0.9631483547582466,1.1934895588394174,0.0,1,2.0,0.4423076408447067,-0.8755075622572018,0,0,0,1.0,0.0,0.0,0.0,0.0,-0.3519723915718554
-1.6681370845600552,-1.3472050497767214,1.0,0,1.0,1.287044029497803,2.5250736299327614,1,1,0,1.0,0.0,1.0,1.0,0.0,1.1754099582991104
-1.6681370845600552,0.0642919550100224,2.0,0,0.0,1.222864878819847,2.2128463074332307,0,1,1,1.0,0.0,1.0,1.0,1.0,1.6845374082560989
-0.0893658209690741,-0.7826062478620239,1.0,1,2.0,0.9678828477479676,0.4476903764463975,0,1,0,1.0,0.0,0.0,1.0,0.0,0.6662825083421218
0.4368912668945862,0.62889075692472,0.0,1,1.0,-0.4301818940475059,-0.5141280519288317,0,0,0,0.0,1.0,1.0,0.0,0.0,0.1571550583851332
0.9631483547582466,1.1934895588394174,0.0,1,2.0,0.4266964960852039,-0.8746384216627413,0,0,0,1.0,0.0,0.0,0.0,0.0,-0.3519723915718554
1.489405442621907,-1.62950445073407,0.0,1,1.0,0.0711093098965287,-0.9094497896829804,0,1,1,1.0,0.0,0.0,0.0,0.0,-0.861099841528844
0.4368912668945862,-0.5003068469046751,0.0,1,1.0,-0.4475276104469535,-0.4627343962511199,0,0,0,0.0,0.0,0.0,1.0,1.0,0.1571550583851332
0.9631483547582466,0.3465913559673712,1.0,1,2.0,1.309593460817085,-0.738389197420583,0,0,0,1.0,0.0,1.0,1.0,1.0,1.6845374082560989
-1.1418799966963948,-1.0649056488193729,1.0,0,1.0,-0.0520452765395488,0.8692006926388995,0,1,0,0.0,1.0,1.0,1.0,0.0,1.1754099582991104
0.9631483547582466,1.4757889597967662,0.0,1,3.0,-0.7649542205568438,-0.8931419674763902,0,0,0,0.0,0.0,0.0,0.0,0.0,-0.861099841528844
-0.6156229088327345,-0.2180074459473263,0.0,1,2.0,1.2176611639000128,1.0778401795512664,1,1,0,1.0,0.0,1.0,1.0,0.0,1.1754099582991104
-1.6681370845600552,-1.3472050497767214,2.0,0,1.0,0.5689313705606737,1.8018800389787908,0,0,0,0.0,1.0,0.0,1.0,1.0,1.6845374082560989
0.9631483547582466,0.62889075692472,0.0,1,2.0,0.2358936156912806,-0.9072769381968288,1,0,0,1.0,0.0,0.0,0.0,0.0,-0.861099841528844
-1.1418799966963948,0.0642919550100224,2.0,0,3.0,-0.3850830314089423,0.482135790532127,0,1,0,0.0,1.0,1.0,0.0,1.0,0.6662825083421218
0.9631483547582466,1.4757889597967662,0.0,0,2.0,-0.7753616503965125,-0.9028397467408982,0,0,0,0.0,0.0,0.0,0.0,0.0,-0.861099841528844
1.489405442621907,-1.62950445073407,0.0,1,3.0,-1.6790734748077305,-0.9325277596780012,0,0,0,2.0,0.0,0.0,0.0,0.0,-1.3702272914858324
0.9631483547582466,0.9111901578820688,0.0,0,3.0,0.2463010455309491,-0.8457966771991923,0,0,0,1.0,0.0,0.0,0.0,0.0,-0.861099841528844
-0.6156229088327345,0.3465913559673712,0.0,0,1.0,-1.311344287139442,-0.4239432791930873,0,0,1,0.0,0.0,0.0,1.0,0.0,-0.861099841528844
0.9631483547582466,0.62889075692472,0.0,0,2.0,-1.1673748410240274,-0.8666331793453407,0,1,1,0.0,0.0,1.0,0.0,1.0,-0.3519723915718554
0.9631483547582466,1.4757889597967662,0.0,1,2.0,-1.1257451216653531,-0.9252315531087132,0,0,0,0.0,0.0,0.0,0.0,0.0,-0.861099841528844
-0.6156229088327345,-1.62950445073407,0.0,1,2.0,-0.9956522486694964,-0.1006001059328233,0,1,1,0.0,1.0,0.0,0.0,0.0,-0.3519723915718554
-0.0893658209690741,-0.5003068469046751,1.0,1,0.0,-1.491739737693697,-0.5536282047349771,1,0,0,2.0,0.0,0.0,0.0,0.0,-1.3702272914858324
-0.0893658209690741,0.9111901578820688,1.0,0,0.0,0.867277692631172,0.324912831418379,0,1,1,1.0,0.0,1.0,1.0,1.0,1.1754099582991104
-0.0893658209690741,-1.3472050497767214,0.0,1,2.0,1.3338774637763111,0.682129615741701,0,0,0,1.0,0.0,1.0,1.0,0.0,1.1754099582991104
0.9631483547582466,1.4757889597967662,0.0,0,2.0,0.4197582095254247,-0.9048524933807018,0,1,1,1.0,0.0,0.0,0.0,0.0,-0.3519723915718554
0.9631483547582466,-1.62950445073407,0.0,1,0.0,0.4284310677251485,-0.5544516010876239,0,0,0,1.0,0.0,0.0,0.0,0.0,-0.3519723915718554
-1.6681370845600552,-1.3472050497767214,2.0,1,1.0,0.8360554031121663,2.160995209337381,0,1,0,0.0,1.0,1.0,1.0,1.0,2.193664858213088
-0.6156229088327345,1.4757889597967662,0.0,0,2.0,1.153482013222057,0.7702330254749212,1,1,1,1.0,0.0,1.0,0.0,0.0,0.6662825083421218
-0.6156229088327345,0.62889075692472,0.0,1,2.0,1.3390811786961456,1.0175035245989723,0,0,0,1.0,1.0,1.0,1.0,1.0,1.6845374082560989
0.9631483547582466,1.4757889597967662,0.0,0,0.0,0.0641710233367496,-0.909541278166608,0,0,1,1.0,0.0,0.0,0.0,0.0,-0.861099841528844
0.4368912668945862,0.3465913559673712,0.0,0,2.0,0.3573136304874136,-0.2695793351926967,0,1,0,1.0,0.0,0.0,1.0,1.0,0.1571550583851332
0.9631483547582466,-1.3472050497767214,0.0,0,1.0,-1.6253017539694432,-0.8335829646349296,0,0,1,2.0,0.0,0.0,0.0,0.0,-1.3702272914858324
0.9631483547582466,-1.0649056488193729,0.0,1,2.0,0.367721060327082,-0.5415517248961556,1,0,0,1.0,0.0,0.0,0.0,0.0,-0.3519723915718554
0.9631483547582466,0.62889075692472,0.0,1,2.0,0.4388384975648169,-0.9046009000507264,0,1,0,1.0,0.0,0.0,0.0,0.0,-0.3519723915718554
-0.6156229088327345,0.3465913559673712,2.0,0,1.0,0.5706659422006184,0.6923534537870668,0,1,0,0.0,1.0,0.0,1.0,1.0,1.6845374082560989
0.9631483547582466,0.62889075692472,0.0,1,3.0,0.555054797441116,-0.8191277842217948,1,1,0,1.0,0.0,0.0,0.0,1.0,0.1571550583851332
-1.6681370845600552,-1.3472050497767214,1.0,1,1.0,1.3130626040969744,2.548769147192267,1,1,0,1.0,0.0,1.0,1.0,0.0,1.1754099582991104
-0.6156229088327345,-0.5003068469046751,2.0,1,3.0,0.4544496423243199,0.674970641897854,0,1,1,0.0,1.0,0.0,1.0,1.0,1.6845374082560989
0.4368912668945862,0.9111901578820688,0.0,1,2.0,1.156951156501946,-0.2748399230012742,0,0,0,1.0,0.0,1.0,1.0,0.0,1.1754099582991104
-0.6156229088327345,0.62889075692472,0.0,1,2.0,0.289665336529568,0.3583976164260205,1,0,0,1.0,0.0,0.0,0.0,0.0,-0.861099841528844
0.4368912668945862,0.62889075692472,0.0,0,2.0,-0.2948853061318149,-0.47307259490102,1,0,0,0.0,0.0,0.0,0.0,1.0,0.1571550583851332
0.4368912668945862,0.0642919550100224,0.0,1,2.0,-1.141356266424856,-0.6884822296018169,0,0,1,0.0,0.0,0.0,0.0,0.0,-0.861099841528844
-0.0893658209690741,-0.5003068469046751,1.0,1,3.0,-0.3278421672907652,-0.0469649824062392,0,1,1,0.0,1.0,1.0,1.0,0.0,0.6662825083421218
0.4368912668945862,0.9111901578820688,1.0,0,0.0,-1.668666044968062,-0.8364191076273801,0,1,1,2.0,0.0,0.0,0.0,0.0,-1.3702272914858324
0.9631483547582466,0.62889075692472,0.0,0,2.0,0.2549739037306728,-0.8307468216424791,0,0,0,1.0,0.0,0.0,0.0,0.0,-0.861099841528844
-1.1418799966963948,0.9111901578820688,2.0,0,0.0,-1.6582586151283931,-0.4479818782661959,0,1,1,2.0,0.0,0.0,0.0,0.0,-1.3702272914858324
-1.6681370845600552,-1.0649056488193729,2.0,0,3.0,-1.675604331527841,-0.2934807015403642,0,1,0,2.0,0.0,0.0,0.0,0.0,-1.3702272914858324
0.9631483547582466,0.9111901578820688,0.0,1,2.0,0.2740541917700651,-0.8287798192444893,0,0,0,1.0,0.0,0.0,0.0,0.0,-0.861099841528844
-1.1418799966963948,-0.5003068469046751,1.0,0,0.0,1.3408157503360902,1.6949300016183186,0,1,0,1.0,1.0,1.0,0.0,0.0,1.1754099582991104
-1.1418799966963948,1.4757889597967662,0.0,1,1.0,0.888092552310509,1.2302599932745737,0,0,0,1.0,1.0,1.0,0.0,1.0,1.1754099582991104
0.4368912668945862,1.4757889597967662,0.0,1,2.0,0.2064058978122195,-0.5177418470321155,0,0,0,1.0,0.0,0.0,0.0,1.0,-0.3519723915718554
0.9631483547582466,0.62889075692472,0.0,1,3.0,-1.4605174481746914,-0.9296458724437368,1,0,0,0.0,0.0,0.0,0.0,0.0,-1.3702272914858324
-0.0893658209690741,-0.2180074459473263,0.0,1,2.0,0.6313759495986848,0.304510899569461,0,1,1,1.0,0.0,1.0,0.0,0.0,0.1571550583851332
-0.0893658209690741,0.62889075692472,1.0,0,1.0,0.1040661710554792,-0.0427565121593773,0,0,0,0.0,0.0,1.0,1.0,0.0,0.6662825083421218
0.9631483547582466,1.1934895588394174,0.0,1,2.0,-0.4197744642078375,-0.9159225998996215,1,0,0,0.0,1.0,0.0,1.0,0.0,0.1571550583851332
0.9631483547582466,1.4757889597967662,0.0,1,2.0,-0.6036390580419816,-0.9183470447157486,0,0,0,0.0,0.0,0.0,1.0,0.0,-0.3519723915718554
-1.6681370845600552,0.9111901578820688,2.0,1,0.0,1.0788954327044322,1.97511348272734,0,1,0,1.0,1.0,0.0,1.0,0.0,1.1754099582991104
0.4368912668945862,0.9111901578820688,0.0,1,0.0,1.1031794356636588,-0.3749283240896886,0,0,0,1.0,1.0,1.0,1.0,0.0,1.1754099582991104
-0.0893658209690741,-1.62950445073407,1.0,0,0.0,-1.6513203285686144,-0.5958958841708522,0,0,1,2.0,0.0,0.0,0.0,0.0,-1.3702272914858324
-0.0893658209690741,1.4757889597967662,0.0,0,0.0,0.395474206566198,-0.0193354603507538,0,1,0,1.0,0.0,1.0,0.0,0.0,-0.3519723915718554
0.4368912668945862,0.62889075692472,0.0,1,2.0,0.8551356911515585,-0.2028156142655756,1,1,0,1.0,0.0,0.0,0.0,0.0,0.1571550583851332
0.4368912668945862,-1.3472050497767214,0.0,1,2.0,0.9262531283892934,0.1029617701382206,0,0,0,1.0,1.0,0.0,0.0,0.0,0.6662825083421218
0.4368912668945862,-0.7826062478620239,1.0,0,0.0,-1.6530549002085593,-0.7181016261761992,0,1,1,2.0,0.0,0.0,0.0,0.0,-1.3702272914858324
-1.6681370845600552,-1.0649056488193729,2.0,1,1.0,0.1023315994155341,1.333596235531762,0,1,1,0.0,1.0,0.0,1.0,1.0,1.1754099582991104
-1.6681370845600552,-0.5003068469046751,0.0,1,1.0,1.287044029497803,2.3216032423453448,0,1,0,1.0,0.0,1.0,1.0,0.0,1.1754099582991104
-1.6681370845600552,-0.7826062478620239,2.0,0,0.0,-0.6764910669196613,0.6334348703309984,0,0,0,0.0,1.0,0.0,1.0,1.0,0.6662825083421218
0.9631483547582466,0.62889075692472,0.0,0,2.0,-1.6704006166080068,-0.9145274005243031,0,0,0,2.0,0.0,0.0,0.0,0.0,-1.3702272914858324
0.9631483547582466,-1.3472050497767214,0.0,1,3.0,0.2168133276518884,-0.5700961317879154,0,0,0,1.0,0.0,0.0,0.0,0.0,-0.861099841528844
0.9631483547582466,0.0642919550100224,0.0,1,0.0,-0.6105773446017607,-0.7790100841511644,0,1,0,0.0,1.0,0.0,0.0,0.0,-0.3519723915718554
-0.0893658209690741,-0.2180074459473263,1.0,1,0.0,1.4448900487327756,0.7090043578072601,0,0,0,1.0,1.0,0.0,1.0,1.0,1.6845374082560989
0.9631483547582466,0.62889075692472,0.0,0,2.0,-1.4969434526135312,-0.9301261869827808,0,0,1,0.0,0.0,0.0,0.0,0.0,-1.3702272914858324
-1.1418799966963948,0.9111901578820688,2.0,0,3.0,-1.50388173917331,-0.332569156170186,0,1,1,2.0,0.0,0.0,0.0,0.0,-1.3702272914858324
0.4368912668945862,-1.3472050497767214,1.0,0,0.0,-1.5021471675333653,-0.6645808632541494,0,0,0,2.0,0.0,0.0,0.0,0.0,-1.3702272914858324
0.9631483547582466,1.1934895588394174,0.0,1,2.0,0.6487216659981324,-0.9018333734209966,0,0,0,1.0,0.0,0.0,0.0,0.0,-0.3519723915718554
0.4368912668945862,1.4757889597967662,0.0,0,1.0,-0.61404648788165,-0.6354875254606249,0,1,0,0.0,0.0,0.0,1.0,0.0,-0.3519723915718554
0.9631483547582466,0.9111901578820688,0.0,0,2.0,-1.5021471675333653,-0.9301948033455016,0,0,0,0.0,0.0,0.0,0.0,0.0,-1.3702272914858324
0.9631483547582466,0.9111901578820688,0.0,0,3.0,-1.6790734748077305,-0.9270155785394482,0,0,0,2.0,0.0,0.0,0.0,0.0,-1.3702272914858324
-1.1418799966963948,0.62889075692472,2.0,0,1.0,-1.4691903063744152,-0.3302590719585933,0,1,1,2.0,0.0,0.0,0.0,0.0,-1.3702272914858324
0.9631483547582466,-0.7826062478620239,0.0,1,3.0,0.4301656393650931,-0.7005129651988247,0,0,0,1.0,0.0,0.0,0.0,0.0,-0.3519723915718554
0.9631483547582466,1.1934895588394174,0.0,0,2.0,0.4388384975648169,-0.8572327376526218,0,0,0,1.0,0.0,0.0,0.0,0.0,-0.3519723915718554
-0.6156229088327345,1.1934895588394174,0.0,1,2.0,0.7961602553934367,0.5162838670460672,1,0,0,1.0,1.0,0.0,0.0,0.0,0.1571550583851332
-1.6681370845600552,-0.5003068469046751,2.0,1,1.0,-0.2237678688940798,0.9483382309766312,0,1,0,0.0,0.0,1.0,0.0,0.0,0.1571550583851332
1.489405442621907,-1.62950445073407,0.0,0,3.0,-1.6946846195672334,-0.9327336087661628,0,0,0,2.0,0.0,0.0,0.0,0.0,-1.3702272914858324
0.9631483547582466,0.62889075692472,0.0,0,3.0,0.0572327367769705,-0.9096327666502354,0,0,0,1.0,0.0,0.0,0.0,0.0,-0.861099841528844
0.4368912668945862,0.9111901578820688,0.0,0,1.0,-1.6704006166080068,-0.8065481177230224,0,0,0,2.0,0.0,0.0,0.0,0.0,-1.3702272914858324
0.4368912668945862,0.3465913559673712,0.0,0,3.0,-1.6738697598878964,-0.7622676916473436,0,0,0,2.0,0.0,0.0,0.0,0.0,-1.3702272914858324
0.9631483547582466,-1.62950445073407,0.0,1,0.0,0.6053573749995135,-0.596238965984455,0,1,1,1.0,0.0,0.0,0.0,0.0,-0.3519723915718554
0.9631483547582466,1.1934895588394174,0.0,1,2.0,0.3833322050865849,-0.905332807919746,0,0,0,1.0,0.0,0.0,0.0,0.0,-0.3519723915718554
-1.6681370845600552,0.0642919550100224,2.0,0,0.0,-0.6019044864020369,0.549860140537336,0,0,0,0.0,0.0,0.0,0.0,1.0,-0.3519723915718554
-1.1418799966963948,-1.3472050497767214,2.0,1,0.0,1.5628409202490194,2.015917346425176,0,0,0,1.0,1.0,1.0,1.0,0.0,1.6845374082560989
-1.6681370845600552,-0.7826062478620239,1.0,0,0.0,-0.093674995898223,1.1367816351282414,0,1,1,0.0,1.0,0.0,0.0,0.0,0.1571550583851332
0.4368912668945862,1.4757889597967662,0.0,1,2.0,0.9678828477479676,-0.3255931592935941,1,1,1,1.0,0.0,0.0,0.0,0.0,0.1571550583851332
0.9631483547582466,0.3465913559673712,0.0,1,2.0,0.0953933128557554,-0.8763309586098489,1,0,0,1.0,0.0,0.0,0.0,0.0,-0.861099841528844
0.4368912668945862,0.62889075692472,0.0,1,2.0,-0.0850021376984992,-0.5125498755862585,0,1,1,0.0,1.0,1.0,0.0,0.0,0.6662825083421218
-1.6681370845600552,-1.0649056488193729,2.0,1,1.0,0.7857528255537682,1.912558232047081,0,1,1,0.0,1.0,1.0,1.0,1.0,2.193664858213088
0.9631483547582466,0.62889075692472,0.0,0,3.0,-1.6495857569286696,-0.9065221582069026,0,1,1,2.0,0.0,0.0,0.0,0.0,-1.3702272914858324
-1.6681370845600552,1.4757889597967662,1.0,1,1.0,1.0424694282655924,1.7741819005605846,1,1,0,1.0,0.0,1.0,1.0,0.0,0.6662825083421218
0.4368912668945862,1.1934895588394174,0.0,1,0.0,0.7978948270333819,-0.3655278823969696,0,1,1,1.0,0.0,1.0,0.0,0.0,0.1571550583851332
0.4368912668945862,0.3465913559673712,0.0,1,1.0,0.7337156763554256,-0.2787967999181608,0,0,0,1.0,0.0,0.0,0.0,1.0,0.1571550583851332
0.4368912668945862,1.4757889597967662,0.0,1,3.0,0.5828079436802319,-0.5608329228206376,0,0,0,1.0,1.0,0.0,0.0,0.0,0.1571550583851332
-0.6156229088327345,-1.3472050497767214,0.0,1,2.0,0.6712710973174144,0.8616528927396361,0,0,0,1.0,0.0,0.0,1.0,1.0,0.1571550583851332
0.4368912668945862,0.9111901578820688,0.0,0,2.0,0.7909565404736028,-0.3125103061348707,0,1,0,1.0,1.0,1.0,1.0,0.0,0.6662825083421218
0.4368912668945862,0.9111901578820688,1.0,0,0.0,-1.668666044968062,-0.8364191076273801,0,1,1,2.0,0.0,0.0,0.0,0.0,-1.3702272914858324
0.9631483547582466,1.1934895588394174,0.0,1,2.0,0.716369959955978,-0.859451333380587,1,0,0,1.0,0.0,0.0,1.0,0.0,0.1571550583851332
-1.1418799966963948,1.1934895588394174,0.0,1,2.0,0.9609445611881886,1.246727920327512,0,1,1,1.0,0.0,0.0,0.0,0.0,0.1571550583851332
0.9631483547582466,1.4757889597967662,0.0,0,3.0,-0.6470033490406004,-0.8970759722723698,0,0,0,0.0,0.0,1.0,0.0,0.0,-0.3519723915718554
-0.6156229088327345,-1.0649056488193729,1.0,0,1.0,0.9366605582289624,1.169763233475932,0,0,0,1.0,1.0,0.0,1.0,0.0,0.6662825083421218
-0.0893658209690741,-1.3472050497767214,0.0,1,3.0,0.4058816364058665,0.3020178383906134,1,1,1,1.0,0.0,1.0,0.0,0.0,-0.3519723915718554
-0.6156229088327345,-1.0649056488193729,2.0,0,3.0,0.2272207574915568,0.6643122335552579,0,0,0,0.0,0.0,0.0,1.0,1.0,1.1754099582991104
0.4368912668945862,-0.7826062478620239,0.0,1,2.0,0.4423076408447067,-0.2772872399383081,0,0,0,1.0,0.0,1.0,0.0,0.0,-0.3519723915718554
0.4368912668945862,1.4757889597967662,0.0,1,2.0,0.6504562376380776,-0.549579839334463,1,1,0,1.0,0.0,0.0,0.0,0.0,-0.3519723915718554
-1.6681370845600552,1.4757889597967662,2.0,1,0.0,-0.8395408010744684,0.2562735965768957,0,0,0,0.0,1.0,1.0,1.0,1.0,0.6662825083421218
-0.6156229088327345,-0.7826062478620239,0.0,0,2.0,-0.7753616503965125,0.0018669957299044,0,1,0,0.0,1.0,1.0,0.0,0.0,0.1571550583851332
0.9631483547582466,0.62889075692472,0.0,1,2.0,0.0607018800568603,-0.9095870224084216,0,0,0,1.0,0.0,0.0,0.0,0.0,-0.861099841528844
0.9631483547582466,0.62889075692472,0.0,1,3.0,0.0520290218571365,-0.909701383012956,0,1,0,1.0,0.0,0.0,0.0,0.0,-0.861099841528844
-1.1418799966963948,0.3465913559673712,0.0,0,2.0,1.4448900487327756,1.8576193976288056,0,1,0,1.0,1.0,1.0,1.0,0.0,1.6845374082560989
0.9631483547582466,-0.5003068469046751,0.0,1,3.0,0.0763130248163627,-0.7275706842316387,1,1,0,1.0,0.0,0.0,0.0,0.0,-0.861099841528844
0.9631483547582466,0.0642919550100224,0.0,1,3.0,-1.1257451216653531,-0.8925701644537187,0,0,0,0.0,1.0,1.0,0.0,0.0,-0.3519723915718554
-0.6156229088327345,-0.5003068469046751,1.0,1,3.0,-0.4839536148857932,0.1451608332113752,0,0,0,0.0,0.0,1.0,1.0,0.0,0.6662825083421218
0.9631483547582466,0.9111901578820688,0.0,1,2.0,0.0502944502171914,-0.9097242551338628,0,0,0,1.0,0.0,0.0,0.0,0.0,-0.861099841528844
-0.0893658209690741,-0.5003068469046751,1.0,0,1.0,-1.5177583122928682,-0.5753567195964929,0,1,1,2.0,0.0,0.0,0.0,0.0,-1.3702272914858324
-1.1418799966963948,-0.7826062478620239,2.0,1,1.0,-1.4830668794939732,-0.334353181600921,0,1,0,2.0,0.0,0.0,0.0,0.0,-1.3702272914858324
-1.1418799966963948,1.4757889597967662,1.0,1,3.0,-1.6495857569286696,-0.5119323283217733,0,1,1,2.0,0.0,0.0,0.0,0.0,-1.3702272914858324
0.4368912668945862,0.62889075692472,0.0,1,1.0,0.7475922494749838,-0.287190868290978,0,1,1,1.0,0.0,1.0,1.0,0.0,0.6662825083421218
-0.0893658209690741,-1.3472050497767214,0.0,1,0.0,0.2428319022510597,0.2750973520832404,1,0,0,1.0,0.0,0.0,0.0,0.0,-0.861099841528844
0.4368912668945862,0.0642919550100224,2.0,1,0.0,-1.491739737693697,-0.7275020678689181,0,1,1,2.0,0.0,0.0,0.0,0.0,-1.3702272914858324
0.9631483547582466,1.4757889597967662,0.0,1,3.0,0.4214927811653694,-0.904829621259795,0,1,1,1.0,0.0,0.0,0.0,0.0,-0.3519723915718554
0.4368912668945862,1.4757889597967662,0.0,1,1.0,0.4214927811653694,-0.4326346851376936,0,0,0,1.0,0.0,1.0,0.0,1.0,0.1571550583851332
0.9631483547582466,1.1934895588394174,0.0,1,3.0,-0.813522226475297,-0.9211145713454784,0,0,0,0.0,0.0,0.0,0.0,0.0,-0.861099841528844
-1.6681370845600552,0.62889075692472,2.0,1,0.0,0.5654622272807844,1.4942042685397252,0,1,1,0.0,0.0,1.0,1.0,1.0,1.6845374082560989
-1.1418799966963948,-0.2180074459473263,1.0,1,1.0,1.16562401470167,1.516435970061192,1,1,0,1.0,0.0,1.0,0.0,0.0,0.6662825083421218
-1.6681370845600552,0.3465913559673712,1.0,1,0.0,1.6096743545275276,2.436169695967801,0,0,0,1.0,1.0,1.0,1.0,1.0,2.193664858213088
0.4368912668945862,-1.0649056488193729,0.0,1,1.0,0.9297222716691832,-0.0654914003407949,0,1,0,1.0,0.0,0.0,1.0,0.0,0.6662825083421218
0.4368912668945862,1.1934895588394174,0.0,1,0.0,-1.3078751438595526,-0.7266100551535506,0,1,1,0.0,1.0,0.0,0.0,0.0,-0.861099841528844
0.9631483547582466,-0.2180074459473263,0.0,1,2.0,-0.4683424701262906,-0.7241169939747031,0,1,1,0.0,0.0,0.0,0.0,0.0,-0.3519723915718554
0.9631483547582466,-1.0649056488193729,0.0,1,2.0,1.509069199410732,-0.4002706340544883,1,0,0,1.0,0.0,1.0,1.0,1.0,1.6845374082560989
-0.6156229088327345,-1.0649056488193729,0.0,1,2.0,0.2532393320907282,0.5217274318218996,0,0,0,1.0,1.0,0.0,0.0,0.0,-0.3519723915718554
-1.1418799966963948,1.1934895588394174,2.0,1,2.0,1.4483591920126655,1.5978835926105162,0,0,0,1.0,1.0,1.0,0.0,1.0,1.6845374082560989
-1.6681370845600552,0.3465913559673712,2.0,1,3.0,0.5585239407210053,1.67249245100869,0,1,1,0.0,1.0,0.0,1.0,1.0,1.6845374082560989
-0.6156229088327345,-0.2180074459473263,1.0,0,0.0,-1.640912898728946,-0.5178562076366497,0,1,1,2.0,0.0,0.0,0.0,0.0,-1.3702272914858324
0.9631483547582466,1.1934895588394174,0.0,0,0.0,-0.758015933997065,-0.904692388534354,0,0,0,0.0,0.0,0.0,0.0,0.0,-0.861099841528844
-0.0893658209690741,0.0642919550100224,0.0,1,2.0,0.2827270499697888,0.0776423322943278,0,0,0,1.0,0.0,0.0,0.0,0.0,-0.861099841528844
0.4368912668945862,-1.3472050497767214,2.0,0,3.0,-1.4986780242534758,-0.6799051842617448,0,1,1,2.0,0.0,0.0,0.0,0.0,-1.3702272914858324
-1.6681370845600552,1.4757889597967662,1.0,1,2.0,1.465704908412113,2.0081636974377512,0,1,0,1.0,1.0,1.0,1.0,0.0,1.6845374082560989
0.9631483547582466,-1.3472050497767214,0.0,0,2.0,1.0632842879449294,-0.4800943360194257,0,0,0,1.0,1.0,0.0,0.0,0.0,0.6662825083421218
-1.1418799966963948,0.62889075692472,1.0,1,2.0,0.9054382687099566,1.2869599810026768,1,1,0,1.0,0.0,1.0,1.0,1.0,1.1754099582991104
0.9631483547582466,0.0642919550100224,0.0,0,3.0,-1.54030774361215,-0.8623103484939444,0,0,0,2.0,0.0,0.0,0.0,0.0,-1.3702272914858324
0.4368912668945862,-0.2180074459473263,1.0,0,3.0,-1.6495857569286696,-0.7616044001410447,0,1,0,2.0,0.0,0.0,0.0,0.0,-1.3702272914858324
0.4368912668945862,0.3465913559673712,0.0,0,2.0,0.4492459274044854,-0.3006396753842111,0,1,1,1.0,0.0,0.0,0.0,0.0,-0.3519723915718554
0.9631483547582466,1.4757889597967662,0.0,1,1.0,-0.6695527803598823,-0.9192161853102092,0,0,0,0.0,1.0,0.0,0.0,0.0,-0.3519723915718554
-1.6681370845600552,-1.0649056488193729,2.0,0,0.0,-1.6443820420088353,-0.2548496893286796,0,1,1,2.0,0.0,0.0,0.0,0.0,-1.3702272914858324
0.9631483547582466,0.9111901578820688,0.0,0,2.0,-0.4353856089673401,-0.8658783993554143,0,0,0,0.0,1.0,1.0,0.0,0.0,0.1571550583851332
-0.6156229088327345,-1.0649056488193729,1.0,1,0.0,0.5914808018799558,0.8965786213644098,1,1,1,1.0,0.0,1.0,0.0,0.0,0.1571550583851332
0.9631483547582466,0.9111901578820688,0.0,1,3.0,-0.7840345085962364,-0.920725745290062,0,0,0,0.0,0.0,0.0,0.0,0.0,-0.861099841528844
0.9631483547582466,0.3465913559673712,0.0,1,2.0,0.0589673084169152,-0.8812255924839166,1,0,0,1.0,0.0,0.0,0.0,0.0,-0.861099841528844
-0.0893658209690741,1.4757889597967662,0.0,1,1.0,0.2601776186505073,-0.1419071562906105,0,1,0,1.0,0.0,0.0,0.0,0.0,-0.861099841528844
0.9631483547582466,0.0642919550100224,0.0,1,2.0,0.9262531283892934,-0.8135698588414281,1,1,0,1.0,0.0,0.0,0.0,0.0,0.1571550583851332
0.4368912668945862,-1.62950445073407,0.0,0,2.0,1.266229169818466,0.0456899793874458,0,1,1,1.0,0.0,1.0,1.0,0.0,1.1754099582991104
-0.6156229088327345,-0.2180074459473263,1.0,0,0.0,0.2410973306111146,0.5534968077615267,1,0,0,0.0,0.0,0.0,1.0,1.0,1.1754099582991104
-0.6156229088327345,0.62889075692472,2.0,0,2.0,0.3659864886871374,0.4887229613533022,0,1,1,0.0,1.0,1.0,0.0,1.0,1.6845374082560989
0.9631483547582466,0.9111901578820688,0.0,1,2.0,-1.1153376918256848,-0.925094320383272,0,0,0,0.0,0.0,0.0,0.0,0.0,-0.861099841528844
-1.1418799966963948,-0.5003068469046751,2.0,0,0.0,0.0676401666166389,0.8896941129714452,1,0,0,0.0,1.0,0.0,1.0,1.0,1.1754099582991104
-1.1418799966963948,0.9111901578820688,2.0,1,0.0,-0.3174347374510967,0.4485137727990445,0,0,0,0.0,1.0,1.0,1.0,0.0,1.1754099582991104
0.4368912668945862,-0.2180074459473263,0.0,1,3.0,-0.1110207122976706,-0.4414175795659274,0,0,1,0.0,0.0,0.0,0.0,0.0,0.1571550583851332
0.9631483547582466,0.9111901578820688,0.0,1,3.0,0.3815976334466402,-0.8043295219950571,0,1,1,1.0,0.0,0.0,0.0,0.0,-0.3519723915718554
0.9631483547582466,-1.3472050497767214,0.0,1,2.0,0.5793388004003421,-0.5023489096617993,0,1,0,1.0,1.0,1.0,1.0,0.0,0.6662825083421218
0.9631483547582466,0.0642919550100224,0.0,1,2.0,0.6192339481190717,-0.7260153800099723,0,1,1,1.0,0.0,0.0,0.0,1.0,0.1571550583851332
-1.1418799966963948,-1.3472050497767214,2.0,1,0.0,-1.6287708972493324,-0.3602444224674853,0,1,1,2.0,0.0,0.0,0.0,0.0,-1.3702272914858324
0.9631483547582466,0.9111901578820688,0.0,1,2.0,0.9470679880686308,-0.8074858746802037,0,1,0,1.0,0.0,0.0,0.0,0.0,0.1571550583851332
-0.0893658209690741,1.4757889597967662,1.0,0,3.0,-1.689480904647399,-0.7312073514558294,0,1,0,2.0,0.0,0.0,0.0,0.0,-1.3702272914858324
-0.6156229088327345,-1.62950445073407,0.0,1,0.0,0.9002345537901221,1.2236728224533986,0,1,0,1.0,1.0,1.0,0.0,0.0,0.6662825083421218
-0.6156229088327345,0.0642919550100224,1.0,1,1.0,-0.2601938733329198,0.2664516903804478,0,1,1,0.0,1.0,0.0,1.0,1.0,1.1754099582991104
0.9631483547582466,0.62889075692472,0.0,1,2.0,0.2202824709317777,-0.8452477462974276,0,0,0,1.0,0.0,0.0,0.0,0.0,-0.861099841528844
-1.6681370845600552,-1.0649056488193729,2.0,0,2.0,0.7701416807942654,1.9454254697902365,0,1,0,0.0,1.0,1.0,1.0,1.0,2.193664858213088
0.9631483547582466,-1.3472050497767214,0.0,1,1.0,0.2202824709317777,-0.6488448440702305,0,0,0,1.0,1.0,0.0,0.0,0.0,-0.3519723915718554
0.9631483547582466,1.1934895588394174,0.0,1,2.0,0.3920050632863087,-0.9052184473152116,1,0,0,1.0,0.0,0.0,0.0,0.0,-0.3519723915718554
0.9631483547582466,-0.5003068469046751,0.0,1,2.0,0.9297222716691832,-0.6028032646847237,0,0,0,1.0,0.0,0.0,1.0,0.0,0.6662825083421218
0.9631483547582466,-1.62950445073407,0.0,1,2.0,-0.0711255645789415,-0.5287204650674077,0,1,0,0.0,1.0,0.0,0.0,0.0,0.1571550583851332
-1.1418799966963948,0.3465913559673712,2.0,0,0.0,0.66606738239758,1.2246334515314865,0,0,0,0.0,1.0,0.0,1.0,1.0,1.6845374082560989
0.9631483547582466,1.4757889597967662,0.0,1,0.0,-1.1326834082251322,-0.9253230415923406,0,0,0,0.0,0.0,0.0,0.0,0.0,-0.861099841528844
-0.0893658209690741,-0.7826062478620239,0.0,0,2.0,0.6053573749995135,0.383579821544472,0,0,0,1.0,0.0,0.0,0.0,0.0,-0.3519723915718554
-1.1418799966963948,-1.3472050497767214,0.0,1,2.0,0.4527150706843752,1.2813105671386829,1,1,1,1.0,1.0,0.0,0.0,0.0,-0.3519723915718554
-1.6681370845600552,-1.0649056488193729,2.0,0,0.0,-1.4934743093336416,-0.0718498499529017,1,1,0,2.0,0.0,0.0,0.0,0.0,-1.3702272914858324
0.9631483547582466,-1.62950445073407,0.0,1,1.0,1.094506577463935,-0.5208753275963551,1,0,0,1.0,0.0,1.0,0.0,0.0,0.6662825083421218
-1.6681370845600552,-0.5003068469046751,2.0,1,0.0,-1.4535791616149123,-0.1196297105273299,0,1,1,2.0,0.0,0.0,0.0,0.0,-1.3702272914858324
0.4368912668945862,1.4757889597967662,0.0,1,1.0,-0.281008733012257,-0.5641265082312253,0,0,1,0.0,0.0,0.0,1.0,0.0,0.1571550583851332
-1.6681370845600552,1.1934895588394174,2.0,1,0.0,-0.5984353431221473,0.5320885025927067,0,1,1,0.0,1.0,0.0,0.0,0.0,-0.3519723915718554
0.9631483547582466,1.1934895588394174,0.0,0,2.0,0.4041470647659218,-0.9050583424688636,0,0,0,1.0,0.0,0.0,0.0,0.0,-0.3519723915718554
-1.6681370845600552,0.62889075692472,0.0,1,2.0,1.3061243175371953,1.9319537905760973,0,1,0,1.0,0.0,1.0,1.0,0.0,1.1754099582991104
0.4368912668945862,-1.3472050497767214,0.0,1,0.0,1.1604202997818356,0.1184919402339777,0,0,0,1.0,1.0,0.0,0.0,0.0,0.6662825083421218
-1.6681370845600552,1.4757889597967662,2.0,0,0.0,-1.661727758408283,-0.3695991199183906,0,0,1,2.0,0.0,0.0,0.0,0.0,-1.3702272914858324
-1.1418799966963948,-0.5003068469046751,1.0,1,1.0,1.0285928551460342,1.6193147699002433,0,1,1,1.0,0.0,1.0,1.0,0.0,1.1754099582991104
0.9631483547582466,-1.3472050497767214,0.0,1,2.0,0.589746230240011,-0.5915273090776422,0,1,0,1.0,0.0,0.0,0.0,0.0,-0.3519723915718554
0.9631483547582466,-0.5003068469046751,0.0,0,1.0,-1.6721351882479514,-0.858788041874288,0,0,0,2.0,0.0,0.0,0.0,0.0,-1.3702272914858324
0.9631483547582466,1.1934895588394174,0.0,1,2.0,0.716369959955978,-0.859451333380587,1,0,0,1.0,0.0,0.0,1.0,0.0,0.1571550583851332
0.9631483547582466,-1.3472050497767214,0.0,1,2.0,1.2974514593374713,-0.3579114661349856,0,0,1,1.0,0.0,1.0,1.0,0.0,1.1754099582991104
0.9631483547582466,-1.0649056488193729,0.0,1,2.0,0.5862770869601213,-0.6912497562315468,1,0,0,1.0,0.0,0.0,0.0,0.0,-0.3519723915718554
0.9631483547582466,0.3465913559673712,0.0,0,3.0,-1.6721351882479514,-0.8895281723731064,0,1,1,2.0,0.0,0.0,0.0,0.0,-1.3702272914858324
-1.1418799966963948,1.4757889597967662,0.0,0,0.0,0.9765557059476916,1.071070031762836,0,0,0,1.0,0.0,0.0,0.0,0.0,0.1571550583851332
-0.0893658209690741,0.62889075692472,1.0,0,3.0,-1.6669314733281173,-0.6966933210073792,0,0,1,2.0,0.0,0.0,0.0,0.0,-1.3702272914858324
-0.6156229088327345,0.3465913559673712,0.0,0,1.0,-1.311344287139442,-0.4239432791930873,0,0,1,0.0,0.0,0.0,1.0,0.0,-0.861099841528844
-1.6681370845600552,1.1934895588394174,2.0,0,1.0,1.408464044293936,2.2569437565416544,1,1,0,1.0,1.0,1.0,1.0,0.0,1.6845374082560989
-1.6681370845600552,1.1934895588394174,2.0,0,3.0,-0.1509158600164002,0.8948174680545815,0,1,1,0.0,1.0,1.0,1.0,1.0,1.1754099582991104
0.4368912668945862,-0.5003068469046751,0.0,0,3.0,0.2567084753706175,-0.2229430806636114,0,0,0,1.0,0.0,0.0,0.0,0.0,-0.861099841528844
0.9631483547582466,1.4757889597967662,0.0,1,2.0,0.2358936156912806,-0.9072769381968288,0,0,0,1.0,0.0,1.0,0.0,0.0,-0.3519723915718554
-1.6681370845600552,-1.3472050497767214,2.0,1,1.0,0.5724005138405635,1.847326943220719,0,1,0,0.0,1.0,0.0,1.0,1.0,1.6845374082560989
0.9631483547582466,1.4757889597967662,0.0,1,3.0,0.4492459274044854,-0.9044636673252852,0,0,0,1.0,0.0,0.0,0.0,0.0,-0.3519723915718554
-1.1418799966963948,0.0642919550100224,0.0,1,1.0,0.7805491106339343,1.391119619612512,0,1,1,1.0,0.0,0.0,1.0,0.0,0.1571550583851332
-0.0893658209690741,-1.0649056488193729,1.0,1,2.0,1.087568290904156,0.6742387340288346,0,0,0,1.0,0.0,0.0,1.0,1.0,1.1754099582991104
0.9631483547582466,-0.7826062478620239,0.0,1,2.0,0.9141111269096804,-0.6354189090979043,0,0,0,1.0,0.0,1.0,0.0,0.0,0.6662825083421218
-0.0893658209690741,0.9111901578820688,1.0,1,0.0,0.5186287930022757,0.1201844771810854,0,1,1,1.0,1.0,0.0,0.0,0.0,0.1571550583851332
-1.1418799966963948,0.0642919550100224,1.0,0,2.0,0.289665336529568,0.9590195114401344,1,1,1,0.0,1.0,0.0,1.0,1.0,1.1754099582991104
0.4368912668945862,0.0642919550100224,0.0,0,1.0,0.7736108240741552,-0.2762579944974994,0,1,0,1.0,1.0,1.0,1.0,0.0,0.6662825083421218
-0.0893658209690741,0.0642919550100224,0.0,1,1.0,0.9089074119898458,0.3414265027131311,0,1,0,1.0,0.0,1.0,0.0,1.0,0.6662825083421218
-0.0893658209690741,0.9111901578820688,0.0,0,0.0,-0.1196935704973944,-0.0871284267186835,1,0,0,0.0,0.0,1.0,1.0,1.0,0.6662825083421218
0.9631483547582466,-0.2180074459473263,0.0,1,0.0,-1.677338903167786,-0.8677310411488699,0,1,0,2.0,0.0,0.0,0.0,0.0,-1.3702272914858324
-0.0893658209690741,0.3465913559673712,0.0,1,2.0,0.9210494134694596,0.2724441860580449,1,1,0,1.0,0.0,0.0,0.0,0.0,0.1571550583851332
0.9631483547582466,-1.0649056488193729,0.0,1,0.0,0.794425683753492,-0.5710338887450966,0,0,0,1.0,0.0,0.0,0.0,0.0,0.1571550583851332
-1.6681370845600552,0.3465913559673712,1.0,1,0.0,0.8412591180320007,1.8292350955833936,0,0,0,1.0,0.0,0.0,1.0,0.0,0.1571550583851332
0.9631483547582466,1.4757889597967662,0.0,1,3.0,-1.6808080464476751,-0.932550631798908,0,0,1,2.0,0.0,0.0,0.0,0.0,-1.3702272914858324
-1.6681370845600552,-1.0649056488193729,0.0,1,1.0,1.094506577463935,2.2641256025064083,0,1,1,1.0,0.0,0.0,1.0,0.0,0.6662825083421218
-0.0893658209690741,0.62889075692472,0.0,1,0.0,1.2627600265385763,0.3703826077812145,1,1,0,1.0,1.0,0.0,0.0,1.0,1.1754099582991104
-0.0893658209690741,-0.5003068469046751,1.0,0,0.0,0.6053573749995135,0.2160644080226377,0,0,0,0.0,1.0,1.0,1.0,1.0,2.193664858213088
-1.1418799966963948,1.1934895588394174,1.0,0,3.0,-1.6825426180876202,-0.4850347141353073,0,1,1,2.0,0.0,0.0,0.0,0.0,-1.3702272914858324
-2.194394172423716,0.9111901578820688,2.0,1,0.0,1.2575563116187425,2.576261436522312,1,1,0,1.0,0.0,1.0,1.0,0.0,1.1754099582991104
0.9631483547582466,-1.0649056488193729,0.0,1,3.0,-0.8065839399155181,-0.725420704866394,0,0,0,0.0,0.0,0.0,0.0,0.0,-0.861099841528844
0.9631483547582466,-0.2180074459473263,0.0,1,2.0,0.4319002110050378,-0.8008300874963077,0,1,0,1.0,0.0,0.0,0.0,0.0,-0.3519723915718554
-1.6681370845600552,-1.0649056488193729,2.0,0,0.0,1.2540871683388526,2.449824352149196,1,0,0,1.0,0.0,0.0,1.0,0.0,0.6662825083421218
0.9631483547582466,-1.0649056488193729,1.0,0,3.0,-1.661727758408283,-0.8444929663075013,0,0,0,2.0,0.0,0.0,0.0,0.0,-1.3702272914858324
0.4368912668945862,0.62889075692472,0.0,0,3.0,0.2306899007714462,-0.3852893948604957,0,1,1,0.0,1.0,1.0,0.0,0.0,1.1754099582991104
0.9631483547582466,-1.62950445073407,0.0,1,2.0,0.4180236378854801,-0.5493282460044875,0,1,0,1.0,0.0,0.0,0.0,0.0,-0.3519723915718554
0.9631483547582466,0.0642919550100224,0.0,1,2.0,0.2601776186505073,-0.6976082058436537,1,1,0,1.0,0.0,0.0,0.0,0.0,-0.861099841528844
-1.1418799966963948,-1.0649056488193729,1.0,0,1.0,-0.2636630166128094,0.688785402925597,0,1,0,0.0,1.0,1.0,1.0,0.0,0.6662825083421218
0.9631483547582466,0.62889075692472,0.0,1,2.0,0.3989433498460878,-0.8476493189926478,1,0,0,1.0,0.0,1.0,0.0,0.0,-0.3519723915718554
0.9631483547582466,-0.7826062478620239,0.0,1,1.0,-0.7666887921967888,-0.7419115040402392,0,0,0,0.0,0.0,0.0,0.0,0.0,-0.861099841528844
0.9631483547582466,-1.62950445073407,0.0,1,2.0,-0.4544658970067326,-0.6069202464479582,1,0,0,0.0,0.0,1.0,1.0,0.0,0.1571550583851332
-0.0893658209690741,1.4757889597967662,0.0,1,3.0,-0.6383304908408767,-0.3624858903163574,0,0,1,0.0,0.0,0.0,0.0,0.0,-0.861099841528844
0.9631483547582466,-0.5003068469046751,0.0,1,2.0,0.610561089919348,-0.5792907243924726,0,0,0,1.0,0.0,0.0,0.0,0.0,-0.3519723915718554
-1.6681370845600552,0.0642919550100224,2.0,0,1.0,-0.5897624849224236,0.5597180246481923,0,1,1,0.0,1.0,0.0,0.0,0.0,0.1571550583851332
1.489405442621907,-1.62950445073407,0.0,0,3.0,-1.6565240434884487,-0.932230422106212,0,0,0,2.0,0.0,0.0,0.0,0.0,-1.3702272914858324
-1.6681370845600552,1.1934895588394174,2.0,1,0.0,-1.6634623300482276,-0.3765979889158893,0,1,0,2.0,0.0,0.0,0.0,0.0,-1.3702272914858324
-0.0893658209690741,-1.62950445073407,0.0,0,2.0,-1.6842771897275648,-0.628671633430381,0,1,1,2.0,0.0,0.0,0.0,0.0,-1.3702272914858324
-0.6156229088327345,0.0642919550100224,0.0,1,2.0,1.1742968729013938,1.0134094149566448,0,0,0,1.0,0.0,1.0,0.0,0.0,0.6662825083421218
0.9631483547582466,0.9111901578820688,0.0,1,3.0,-1.5212274555727578,-0.9304463966754768,0,0,0,2.0,0.0,0.0,0.0,0.0,-1.3702272914858324
-1.1418799966963948,-1.0649056488193729,1.0,0,1.0,0.3070110529290156,1.1362098321055698,0,1,1,0.0,0.0,1.0,1.0,1.0,1.6845374082560989
-1.6681370845600552,-1.62950445073407,1.0,1,1.0,0.3711902036069713,1.508819553799208,0,0,0,0.0,1.0,1.0,1.0,1.0,1.6845374082560989
-1.1418799966963948,-0.5003068469046751,1.0,0,2.0,1.4726431949718917,1.754328899613431,0,1,0,1.0,0.0,1.0,1.0,1.0,1.6845374082560989
0.9631483547582466,1.1934895588394174,0.0,0,3.0,-0.0763292794987755,-0.8799904979549463,0,1,1,0.0,0.0,0.0,0.0,0.0,0.1571550583851332
-1.1418799966963948,0.9111901578820688,1.0,1,1.0,-1.632240040529222,-0.4512525915558767,0,1,1,2.0,0.0,0.0,0.0,0.0,-1.3702272914858324
-1.1418799966963948,1.1934895588394174,0.0,1,2.0,0.6747402405973038,1.1046920494959185,0,0,0,1.0,0.0,1.0,1.0,1.0,0.6662825083421218
0.9631483547582466,0.3465913559673712,0.0,0,1.0,-0.6157810595215949,-0.888796264504087,1,1,0,0.0,0.0,1.0,0.0,0.0,-0.3519723915718554
0.9631483547582466,1.1934895588394174,0.0,1,2.0,-0.6088427729618158,-0.9184156610784692,0,1,0,0.0,0.0,0.0,1.0,0.0,0.1571550583851332
0.9631483547582466,0.3465913559673712,0.0,1,2.0,0.6122956615592926,-0.8557003055518622,1,0,0,1.0,0.0,0.0,0.0,0.0,-0.3519723915718554
0.9631483547582466,1.1934895588394174,0.0,1,2.0,0.9349259865890172,-0.7878615949421187,1,0,0,1.0,0.0,0.0,0.0,0.0,0.1571550583851332
0.9631483547582466,-0.7826062478620239,0.0,1,1.0,0.4371039259248723,-0.7296291751132561,0,0,0,1.0,0.0,0.0,0.0,0.0,-0.3519723915718554
-1.1418799966963948,0.9111901578820688,2.0,0,1.0,-0.0572489914593832,0.5818811098069384,0,1,0,0.0,1.0,1.0,1.0,1.0,1.6845374082560989
-0.0893658209690741,-0.5003068469046751,0.0,0,2.0,0.810036828512995,0.4144343126478247,0,1,0,1.0,0.0,0.0,0.0,0.0,0.1571550583851332
0.4368912668945862,-1.0649056488193729,0.0,1,1.0,0.9279877000292386,0.0212625542589207,0,0,0,1.0,0.0,0.0,0.0,0.0,0.1571550583851332
0.9631483547582466,0.0642919550100224,0.0,1,0.0,0.9193148418295148,-0.7643261825289609,0,0,0,1.0,1.0,0.0,1.0,1.0,1.1754099582991104
0.9631483547582466,0.62889075692472,0.0,1,3.0,-1.4605174481746914,-0.9296458724437368,1,0,0,0.0,0.0,0.0,0.0,0.0,-1.3702272914858324
0.9631483547582466,0.9111901578820688,0.0,1,2.0,0.0849858830160865,-0.8778405185897016,1,0,0,1.0,0.0,0.0,0.0,0.0,-0.861099841528844
-1.1418799966963948,1.4757889597967662,1.0,1,1.0,0.1005970277755894,0.6496054598121477,0,0,1,0.0,1.0,0.0,1.0,1.0,1.1754099582991104
-1.6681370845600552,0.62889075692472,1.0,1,0.0,1.2887786011377476,2.1436581416899827,0,0,0,1.0,0.0,1.0,0.0,1.0,1.1754099582991104
-1.6681370845600552,0.3465913559673712,2.0,0,0.0,-0.0346995601401012,1.0576898410323237,0,1,0,0.0,1.0,1.0,1.0,0.0,0.6662825083421218
-1.6681370845600552,-0.7826062478620239,2.0,1,1.0,-0.9973868203094414,0.2903301846072084,0,1,0,0.0,1.0,0.0,1.0,1.0,0.1571550583851332
0.4368912668945862,-0.5003068469046751,0.0,1,2.0,0.1838564664929379,-0.2822276180541897,0,1,0,1.0,1.0,0.0,0.0,0.0,-0.3519723915718554
-1.6681370845600552,1.4757889597967662,1.0,1,2.0,1.321735462296698,2.0537478344051205,0,1,1,1.0,1.0,1.0,0.0,0.0,1.1754099582991104
-0.6156229088327345,0.62889075692472,0.0,1,1.0,0.3920050632863087,0.5378522770612351,1,0,0,1.0,1.0,1.0,0.0,0.0,0.1571550583851332
0.4368912668945862,0.0642919550100224,0.0,0,0.0,0.0381524487375783,-0.4863841692688119,0,0,1,1.0,0.0,0.0,0.0,0.0,-0.861099841528844
-1.1418799966963948,0.0642919550100224,2.0,1,1.0,0.0398870203775229,0.8163203491022418,0,1,1,1.0,0.0,0.0,0.0,0.0,-0.861099841528844
0.4368912668945862,0.9111901578820688,0.0,1,1.0,0.2376281873312253,-0.4248352919084547,0,0,0,1.0,0.0,0.0,0.0,0.0,-0.861099841528844
0.9631483547582466,1.1934895588394174,0.0,1,3.0,-1.6860117613675096,-0.9326192481616286,0,0,0,2.0,0.0,0.0,0.0,0.0,-1.3702272914858324
-0.0893658209690741,0.62889075692472,1.0,1,2.0,0.7805491106339343,0.0551361653219786,0,1,1,1.0,0.0,0.0,0.0,0.0,0.1571550583851332
-1.6681370845600552,-1.0649056488193729,2.0,1,2.0,0.5082213631626072,1.7266536333161318,0,1,0,0.0,1.0,0.0,1.0,1.0,1.6845374082560989
0.9631483547582466,0.62889075692472,0.0,1,3.0,0.0693747382565841,-0.9094726618038872,0,1,1,1.0,0.0,0.0,0.0,0.0,-0.861099841528844
-0.6156229088327345,1.4757889597967662,0.0,1,2.0,0.6174993764791271,0.5091706374440341,1,1,0,1.0,0.0,0.0,0.0,0.0,-0.3519723915718554
0.4368912668945862,-1.3472050497767214,0.0,1,2.0,0.3920050632863087,-0.1442401126231101,0,1,0,0.0,1.0,0.0,0.0,1.0,1.1754099582991104
-1.1418799966963948,1.4757889597967662,1.0,1,2.0,1.399791186094212,1.5431048630385893,0,1,1,1.0,1.0,1.0,1.0,0.0,1.6845374082560989
-1.1418799966963948,-0.5003068469046751,1.0,0,3.0,-0.2879470195720358,0.6639005353789345,0,1,1,0.0,1.0,1.0,0.0,1.0,0.6662825083421218
0.9631483547582466,0.0642919550100224,0.0,1,2.0,0.0797821680962525,-0.8325994634359346,0,0,0,1.0,0.0,0.0,0.0,0.0,-0.861099841528844
-0.0893658209690741,1.4757889597967662,0.0,0,0.0,0.4856719318433257,0.0093690513873541,0,1,0,0.0,0.0,1.0,1.0,1.0,1.6845374082560989
0.9631483547582466,0.62889075692472,0.0,0,3.0,-1.6704006166080068,-0.9324133990734668,0,0,1,2.0,0.0,0.0,0.0,0.0,-1.3702272914858324
-0.6156229088327345,1.4757889597967662,1.0,0,3.0,-1.6860117613675096,-0.5958501399290385,0,0,0,2.0,0.0,0.0,0.0,0.0,-1.3702272914858324
-1.6681370845600552,-1.0649056488193729,2.0,0,0.0,-1.6582586151283931,-0.3057859025882543,0,1,1,2.0,0.0,0.0,0.0,0.0,-1.3702272914858324
0.9631483547582466,0.9111901578820688,0.0,1,1.0,-1.6374437554490564,-0.9031370843126876,0,0,0,2.0,0.0,0.0,0.0,0.0,-1.3702272914858324
0.9631483547582466,0.3465913559673712,0.0,1,3.0,-1.5142891690129787,-0.8975105425696002,0,0,0,0.0,0.0,0.0,0.0,0.0,-1.3702272914858324
0.9631483547582466,-0.2180074459473263,0.0,1,2.0,0.3850667767265296,-0.702228374266839,0,0,0,1.0,0.0,0.0,0.0,0.0,-0.3519723915718554
-0.6156229088327345,-1.0649056488193729,2.0,1,1.0,-0.2740704464524778,0.3250500641438202,0,1,1,0.0,1.0,1.0,1.0,0.0,1.1754099582991104
0.4368912668945862,0.62889075692472,0.0,1,2.0,0.4596533572441543,-0.505825472039642,0,0,0,1.0,0.0,1.0,1.0,0.0,0.1571550583851332
0.9631483547582466,0.62889075692472,0.0,1,1.0,0.2376281873312253,-0.8364648518691938,0,1,0,1.0,0.0,0.0,0.0,0.0,-0.861099841528844
1.489405442621907,-1.62950445073407,0.0,0,3.0,-1.6651969016881725,-0.9323447827107462,0,0,0,2.0,0.0,0.0,0.0,0.0,-1.3702272914858324
-1.6681370845600552,0.9111901578820688,2.0,1,0.0,-1.6599931867683384,-0.3934089977824306,1,0,0,2.0,0.0,0.0,0.0,0.0,-1.3702272914858324
0.4368912668945862,0.3465913559673712,0.0,0,3.0,-1.1899242723433092,-0.6896944520098804,0,0,0,0.0,1.0,0.0,1.0,0.0,-0.3519723915718554
0.4368912668945862,-1.0649056488193729,0.0,1,3.0,-1.6790734748077305,-0.7263584618235752,0,0,0,2.0,0.0,0.0,0.0,0.0,-1.3702272914858324
0.9631483547582466,0.62889075692472,0.0,1,2.0,-1.1881897007033646,-0.8783894494914661,0,0,0,0.0,1.0,1.0,0.0,0.0,-0.3519723915718554
0.9631483547582466,-1.62950445073407,0.0,0,3.0,-1.6634623300482276,-0.8432121275367171,1,1,0,2.0,0.0,0.0,0.0,0.0,-1.3702272914858324
0.9631483547582466,1.4757889597967662,0.0,1,3.0,-1.6513203285686144,-0.9321618057434914,0,0,0,2.0,0.0,0.0,0.0,0.0,-1.3702272914858324
0.9631483547582466,0.62889075692472,0.0,0,3.0,-0.8152567981152419,-0.9211374434663854,0,0,0,0.0,0.0,0.0,0.0,0.0,-0.861099841528844
-1.6681370845600552,0.0642919550100224,1.0,0,3.0,-0.2723358748125332,0.8856000033291175,0,1,1,0.0,1.0,1.0,0.0,1.0,0.6662825083421218
0.9631483547582466,0.0642919550100224,0.0,0,2.0,1.153482013222057,-0.7649208576725393,0,1,1,1.0,0.0,0.0,1.0,0.0,0.6662825083421218
0.4368912668945862,-1.3472050497767214,0.0,1,2.0,1.1396054401024986,0.0168939791657106,0,0,0,1.0,1.0,0.0,0.0,0.0,0.6662825083421218
0.4368912668945862,1.1934895588394174,0.0,1,2.0,0.8048331135931605,-0.4219305325532836,0,0,0,1.0,0.0,0.0,0.0,0.0,0.1571550583851332
0.4368912668945862,1.1934895588394174,0.0,1,2.0,0.3833322050865849,-0.4374149584072271,1,0,0,1.0,0.0,1.0,0.0,0.0,-0.3519723915718554
-1.6681370845600552,-1.3472050497767214,2.0,1,1.0,1.6096743545275276,2.7448747118476757,0,1,1,1.0,1.0,1.0,1.0,1.0,2.193664858213088
-1.1418799966963948,-1.62950445073407,1.0,1,2.0,1.337346607056201,1.869924598676696,0,0,0,1.0,1.0,1.0,1.0,0.0,1.6845374082560989
0.9631483547582466,-0.7826062478620239,0.0,0,0.0,-0.9436150994711536,-0.7359190083626422,0,0,0,0.0,1.0,1.0,1.0,0.0,0.1571550583851332
0.9631483547582466,-1.3472050497767214,1.0,0,0.0,-1.519492883932813,-0.8226043465996373,0,1,0,0.0,0.0,0.0,0.0,0.0,-1.3702272914858324
0.9631483547582466,-0.7826062478620239,0.0,1,2.0,0.2428319022510597,-0.6939029222567424,0,0,0,1.0,0.0,0.0,0.0,0.0,-0.861099841528844
0.9631483547582466,1.4757889597967662,0.0,0,0.0,-1.3165480020592764,-0.9277474864084676,0,0,0,0.0,0.0,1.0,0.0,0.0,-0.861099841528844
0.9631483547582466,1.4757889597967662,0.0,0,3.0,-1.6877463330074542,-0.9193305459147436,0,0,1,2.0,0.0,0.0,0.0,0.0,-1.3702272914858324
-1.6681370845600552,-0.7826062478620239,2.0,0,0.0,-0.3503915986100472,0.9062992727498248,0,1,0,0.0,0.0,1.0,1.0,1.0,1.1754099582991104
0.9631483547582466,1.1934895588394174,0.0,1,3.0,0.6296413779587402,-0.8294431107507881,0,0,0,1.0,1.0,0.0,0.0,0.0,0.1571550583851332
-1.6681370845600552,-0.2180074459473263,1.0,1,0.0,0.5463819392413921,1.6812524733160168,0,1,1,1.0,0.0,1.0,0.0,1.0,0.1571550583851332
0.9631483547582466,0.3465913559673712,2.0,1,3.0,0.4284310677251485,-0.7157457977227927,0,0,0,0.0,1.0,0.0,1.0,1.0,1.6845374082560989
-1.1418799966963948,-0.2180074459473263,0.0,1,2.0,1.150012869942167,1.6174850002276944,1,0,0,1.0,0.0,0.0,1.0,0.0,0.6662825083421218
0.4368912668945862,1.1934895588394174,0.0,1,0.0,0.7978948270333819,-0.3655278823969696,0,1,1,1.0,0.0,1.0,0.0,0.0,0.1571550583851332
0.9631483547582466,-0.7826062478620239,1.0,0,3.0,-1.6790734748077305,-0.8381345166953945,0,0,0,2.0,0.0,0.0,0.0,0.0,-1.3702272914858324
-1.6681370845600552,-1.3472050497767214,2.0,0,0.0,0.0676401666166389,1.3925834353505513,0,1,1,0.0,1.0,1.0,1.0,1.0,1.1754099582991104
0.9631483547582466,-0.2180074459473263,0.0,1,1.0,-0.9644299591504908,-0.8072800255920419,0,0,0,0.0,0.0,1.0,0.0,0.0,-0.3519723915718554
0.9631483547582466,0.9111901578820688,0.0,0,3.0,-0.7909727951560152,-0.9208172337736894,1,0,0,0.0,0.0,0.0,0.0,0.0,-0.861099841528844
-0.0893658209690741,-0.7826062478620239,1.0,0,3.0,-0.4475276104469535,-0.0791003122803759,0,0,0,0.0,1.0,1.0,0.0,0.0,0.1571550583851332
0.9631483547582466,0.3465913559673712,0.0,0,1.0,-1.6669314733281173,-0.877932007073329,0,1,1,2.0,0.0,0.0,0.0,0.0,-1.3702272914858324
-1.1418799966963948,-0.2180074459473263,2.0,1,3.0,-1.5073508824531996,-0.3075013116562687,0,1,1,2.0,0.0,0.0,0.0,0.0,-1.3702272914858324
0.9631483547582466,0.9111901578820688,0.0,0,2.0,-0.7684233638367334,-0.9205198962019002,0,0,0,0.0,0.0,0.0,0.0,0.0,-0.861099841528844
-0.0893658209690741,0.62889075692472,0.0,0,3.0,0.7545305360347629,0.2587209135139295,0,0,0,1.0,0.0,1.0,0.0,1.0,0.6662825083421218
-1.6681370845600552,-0.5003068469046751,2.0,0,0.0,-1.524696598852647,-0.1578032803208774,0,0,0,2.0,0.0,0.0,0.0,0.0,-1.3702272914858324
-1.6681370845600552,0.62889075692472,1.0,1,0.0,1.1187905804231617,2.0975708180626618,0,1,0,1.0,1.0,1.0,0.0,1.0,1.1754099582991104
-1.6681370845600552,-0.7826062478620239,1.0,1,1.0,-0.8273987995948552,0.4362085717511543,1,0,0,0.0,0.0,1.0,1.0,0.0,0.1571550583851332
0.4368912668945862,0.9111901578820688,0.0,1,2.0,1.1257288669829404,-0.3198522569459725,0,0,0,1.0,1.0,0.0,0.0,0.0,0.6662825083421218
-1.6681370845600552,-0.7826062478620239,2.0,1,0.0,1.0684880028647636,2.19610391492941,0,1,0,1.0,0.0,1.0,1.0,1.0,1.1754099582991104
-0.0893658209690741,-1.0649056488193729,0.0,0,1.0,0.8013639703132711,0.5134477240536167,1,0,0,1.0,1.0,0.0,0.0,0.0,0.1571550583851332
-1.6681370845600552,1.4757889597967662,1.0,1,0.0,1.2263340220997363,1.8112804806715093,0,0,0,1.0,0.0,1.0,1.0,0.0,1.1754099582991104
0.9631483547582466,0.62889075692472,0.0,1,3.0,-0.7927073667959601,-0.9208401058945962,0,0,0,0.0,0.0,0.0,0.0,0.0,-0.861099841528844
-0.6156229088327345,0.3465913559673712,1.0,1,1.0,0.9210494134694596,0.8534646734549808,0,1,1,1.0,1.0,1.0,0.0,0.0,0.6662825083421218
0.4368912668945862,-1.62950445073407,1.0,0,2.0,-0.237644442013638,-0.2368950744167953,0,0,0,0.0,1.0,1.0,1.0,0.0,1.1754099582991104
-0.6156229088327345,-1.3472050497767214,0.0,1,2.0,1.137870868462554,1.135889622412874,1,1,1,1.0,1.0,1.0,1.0,0.0,1.1754099582991104
-0.0893658209690741,1.4757889597967662,1.0,0,0.0,0.2463010455309491,-0.0684876481795935,0,0,0,0.0,1.0,0.0,0.0,1.0,1.1754099582991104
-0.0893658209690741,0.0642919550100224,0.0,1,3.0,0.9245185567493488,0.3048997256248775,0,0,0,1.0,0.0,0.0,0.0,0.0,0.1571550583851332
0.9631483547582466,1.4757889597967662,0.0,1,1.0,0.9574754179082992,-0.8583534715770578,1,1,0,1.0,0.0,0.0,1.0,0.0,0.6662825083421218
0.9631483547582466,0.9111901578820688,0.0,0,1.0,-1.64611661364878,-0.9035487824890108,0,0,0,2.0,0.0,0.0,0.0,0.0,-1.3702272914858324
-0.6156229088327345,1.4757889597967662,2.0,1,3.0,-1.654789471848504,-0.6001729707804349,0,1,1,2.0,0.0,0.0,0.0,0.0,-1.3702272914858324
0.4368912668945862,-0.5003068469046751,0.0,1,0.0,-0.1023478540979468,-0.3285665350114857,1,1,0,0.0,1.0,1.0,0.0,0.0,0.6662825083421218
-1.1418799966963948,1.4757889597967662,1.0,1,1.0,1.3252046055765874,1.3836404360759695,0,0,0,1.0,0.0,1.0,1.0,0.0,1.1754099582991104
-1.6681370845600552,-0.5003068469046751,2.0,0,0.0,0.4423076408447067,1.5939495878145369,0,1,1,0.0,1.0,1.0,0.0,1.0,1.6845374082560989
0.9631483547582466,1.4757889597967662,0.0,0,3.0,0.0936587412158103,-0.9091524521111912,0,0,0,1.0,0.0,0.0,0.0,0.0,-0.861099841528844
-0.0893658209690741,-1.3472050497767214,0.0,0,2.0,0.433634782644983,0.4023578328090032,0,1,0,1.0,0.0,0.0,0.0,0.0,-0.3519723915718554
0.9631483547582466,0.0642919550100224,0.0,1,0.0,0.9193148418295148,-0.7643261825289609,0,0,0,1.0,1.0,0.0,1.0,1.0,1.1754099582991104
0.9631483547582466,-0.2180074459473263,0.0,1,2.0,-0.3000890210516492,-0.7417285270729844,0,0,0,0.0,0.0,0.0,0.0,0.0,-0.3519723915718554
0.4368912668945862,-1.0649056488193729,0.0,1,2.0,1.2107228773402336,0.0238242318004889,0,1,1,1.0,0.0,1.0,1.0,1.0,1.6845374082560989
0.9631483547582466,0.62889075692472,0.0,1,2.0,0.2254861858516122,-0.90741417092227,1,0,0,1.0,0.0,0.0,0.0,0.0,-0.861099841528844
0.4368912668945862,0.9111901578820688,2.0,0,3.0,-1.6721351882479514,-0.8035061256424102,0,1,1,2.0,0.0,0.0,0.0,0.0,-1.3702272914858324
0.9631483547582466,0.62889075692472,0.0,0,3.0,-0.7614850772769542,-0.9204284077182728,0,0,0,0.0,0.0,0.0,0.0,0.0,-0.861099841528844
-0.6156229088327345,0.9111901578820688,0.0,1,1.0,0.567196798920729,0.5518728871771397,0,0,0,1.0,0.0,1.0,1.0,1.0,0.6662825083421218
-1.6681370845600552,-0.7826062478620239,2.0,1,0.0,1.2679637414584108,2.420456548904789,1,1,0,1.0,0.0,1.0,0.0,1.0,1.1754099582991104
0.9631483547582466,-0.5003068469046751,0.0,1,2.0,0.5429127959615023,-0.6303641703774886,0,1,1,1.0,0.0,1.0,0.0,0.0,0.1571550583851332
0.9631483547582466,-1.62950445073407,0.0,0,2.0,-0.65047249232049,-0.644384780493393,0,0,0,0.0,0.0,0.0,1.0,0.0,0.1571550583851332
-1.6681370845600552,-0.7826062478620239,1.0,0,2.0,-0.2619284449728645,0.95176904911266,0,1,1,0.0,0.0,1.0,1.0,1.0,1.1754099582991104
-1.1418799966963948,-0.5003068469046751,0.0,1,2.0,1.134401725182664,1.6255817310287224,0,1,1,1.0,0.0,1.0,0.0,0.0,0.6662825083421218
-0.6156229088327345,0.62889075692472,0.0,1,0.0,0.9626791328281336,0.7781010350668808,1,0,0,1.0,0.0,0.0,0.0,0.0,0.1571550583851332
0.9631483547582466,0.9111901578820688,0.0,1,2.0,-1.4952088809735864,-0.930103314861874,1,1,0,0.0,0.0,0.0,0.0,0.0,-1.3702272914858324
0.9631483547582466,1.1934895588394174,0.0,1,2.0,0.6174993764791271,-0.90224507159732,1,0,0,1.0,0.0,0.0,0.0,0.0,-0.3519723915718554
0.9631483547582466,1.1934895588394174,0.0,0,3.0,-1.6669314733281173,-0.9152821805142296,0,0,0,2.0,0.0,0.0,0.0,0.0,-1.3702272914858324
-0.0893658209690741,-1.62950445073407,1.0,0,2.0,0.4214927811653694,0.4396165177662762,0,0,0,1.0,0.0,1.0,1.0,0.0,0.1571550583851332
0.4368912668945862,0.62889075692472,1.0,0,0.0,-1.6651969016881725,-0.7936253694106471,0,0,0,2.0,0.0,0.0,0.0,0.0,-1.3702272914858324
1.489405442621907,-1.62950445073407,0.0,0,2.0,-0.6227193460813738,-0.918598638045724,0,0,0,0.0,0.0,1.0,0.0,0.0,-0.3519723915718554
-1.6681370845600552,0.62889075692472,2.0,1,1.0,-0.281008733012257,0.800584329918323,0,1,0,0.0,0.0,0.0,0.0,1.0,0.1571550583851332
-1.6681370845600552,-0.2180074459473263,1.0,0,0.0,-0.4163053209279479,0.8191564920946925,0,1,0,0.0,1.0,0.0,0.0,1.0,0.1571550583851332
-1.6681370845600552,-0.7826062478620239,1.0,0,2.0,1.2558217399787972,2.2793355629094694,0,1,0,1.0,0.0,1.0,1.0,0.0,1.1754099582991104
-0.0893658209690741,0.0642919550100224,0.0,1,2.0,1.1621548714217806,0.4965909709452618,0,0,0,1.0,0.0,1.0,1.0,0.0,1.1754099582991104
0.9631483547582466,-0.7826062478620239,0.0,1,0.0,-1.1569674111843589,-0.7755792660151356,1,1,1,0.0,0.0,0.0,0.0,0.0,-0.861099841528844
0.4368912668945862,1.4757889597967662,0.0,1,2.0,1.044203999905537,-0.375202789540571,1,1,0,1.0,0.0,1.0,1.0,0.0,1.1754099582991104
-1.1418799966963948,-0.7826062478620239,1.0,0,1.0,1.087568290904156,1.733057827170052,0,1,1,1.0,1.0,1.0,0.0,0.0,1.1754099582991104
-1.6681370845600552,1.1934895588394174,1.0,0,0.0,0.5238325079221101,1.456945583582452,1,0,0,0.0,1.0,1.0,1.0,1.0,1.6845374082560989
-1.6681370845600552,1.1934895588394174,2.0,1,0.0,1.4344826188931072,2.1880986726120093,0,1,0,1.0,0.0,1.0,1.0,1.0,1.6845374082560989
0.4368912668945862,0.62889075692472,0.0,1,2.0,0.9973705656270287,-0.3721607974599587,0,0,0,1.0,1.0,1.0,0.0,0.0,0.6662825083421218
1.489405442621907,-1.62950445073407,0.0,1,2.0,0.4388384975648169,-0.9046009000507264,0,0,0,1.0,0.0,0.0,0.0,0.0,-0.3519723915718554
0.9631483547582466,1.1934895588394174,0.0,1,2.0,0.4579187856042092,-0.904349306720751,0,0,0,1.0,0.0,0.0,0.0,0.0,-0.3519723915718554
0.9631483547582466,0.3465913559673712,0.0,1,2.0,0.4162890662455354,-0.8221011599396865,1,0,0,1.0,0.0,0.0,0.0,0.0,-0.3519723915718554
-1.1418799966963948,-0.5003068469046751,1.0,1,1.0,1.3009206026173612,1.6400826556836707,0,0,0,1.0,1.0,1.0,0.0,1.0,1.6845374082560989
0.4368912668945862,-0.7826062478620239,0.0,1,2.0,0.4249619244452592,-0.1223286207943392,0,1,1,1.0,0.0,0.0,0.0,0.0,-0.3519723915718554
0.4368912668945862,-0.5003068469046751,1.0,0,0.0,-1.6443820420088353,-0.7449534961208515,1,0,0,2.0,0.0,0.0,0.0,0.0,-1.3702272914858324
-1.6681370845600552,-1.3472050497767214,2.0,1,1.0,0.7874873971937129,2.0053275544453,0,1,1,0.0,1.0,1.0,1.0,1.0,2.193664858213088
0.4368912668945862,-1.0649056488193729,0.0,1,1.0,0.2567084753706175,-0.1624691929858765,0,1,1,1.0,0.0,0.0,1.0,0.0,-0.3519723915718554
-0.0893658209690741,0.0642919550100224,0.0,0,1.0,-1.4882705944138073,-0.5804343304378156,0,0,1,0.0,0.0,0.0,0.0,0.0,-1.3702272914858324
0.9631483547582466,1.4757889597967662,0.0,0,3.0,-1.6582586151283931,-0.9232416785898164,0,0,0,2.0,0.0,0.0,0.0,0.0,-1.3702272914858324
0.9631483547582466,1.1934895588394174,0.0,0,2.0,0.938395129868907,-0.8599773921614448,0,0,0,1.0,0.0,0.0,1.0,0.0,0.6662825083421218
1.489405442621907,-1.62950445073407,0.0,1,2.0,-0.4319164656874505,-0.9160827047459696,0,0,0,0.0,0.0,0.0,0.0,0.0,-0.3519723915718554
0.4368912668945862,-0.5003068469046751,0.0,1,2.0,-0.9800411039099938,-0.605982489490777,0,0,0,0.0,0.0,0.0,1.0,0.0,-0.3519723915718554
0.9631483547582466,-1.62950445073407,0.0,0,1.0,-1.6808080464476751,-0.8352755015820372,0,0,0,2.0,0.0,0.0,0.0,0.0,-1.3702272914858324
-1.1418799966963948,0.62889075692472,2.0,0,0.0,0.062436451696805,0.7447077385428669,0,1,1,0.0,1.0,1.0,0.0,0.0,0.6662825083421218
0.9631483547582466,0.0642919550100224,0.0,1,2.0,0.5706659422006184,-0.6625681166143458,1,0,0,1.0,0.0,0.0,1.0,0.0,0.1571550583851332
0.9631483547582466,-0.2180074459473263,0.0,0,2.0,-0.7701579354766781,-0.8508742880405149,1,0,0,0.0,0.0,0.0,0.0,0.0,-0.3519723915718554
0.9631483547582466,1.4757889597967662,0.0,0,3.0,-1.6599931867683384,-0.9219150955772184,0,0,0,2.0,0.0,0.0,0.0,0.0,-1.3702272914858324
0.9631483547582466,-1.62950445073407,0.0,1,3.0,-1.64611661364878,-0.8250287914157644,0,1,1,2.0,0.0,0.0,0.0,0.0,-1.3702272914858324
0.9631483547582466,0.0642919550100224,0.0,1,2.0,0.9262531283892934,-0.8135698588414281,1,1,0,1.0,0.0,0.0,0.0,0.0,0.1571550583851332
-0.6156229088327345,0.62889075692472,0.0,1,0.0,0.9626791328281336,0.7781010350668808,1,0,0,1.0,0.0,0.0,0.0,0.0,0.1571550583851332
0.9631483547582466,-0.5003068469046751,0.0,1,3.0,0.0364178770976336,-0.6697957068209133,0,1,0,0.0,1.0,1.0,0.0,1.0,1.1754099582991104
0.9631483547582466,1.1934895588394174,0.0,0,3.0,0.1040661710554792,-0.90901521938575,0,0,0,1.0,0.0,0.0,0.0,0.0,-0.861099841528844
-1.1418799966963948,0.62889075692472,0.0,0,2.0,0.1370230322144292,0.8095959455556254,0,1,1,0.0,1.0,0.0,0.0,1.0,0.6662825083421218
0.4368912668945862,0.3465913559673712,0.0,0,1.0,-0.4405893238871743,-0.4574280642007287,0,0,0,0.0,0.0,0.0,1.0,1.0,0.1571550583851332
0.9631483547582466,1.1934895588394174,0.0,1,3.0,0.7614688225945415,-0.829626087718043,0,0,0,1.0,0.0,0.0,1.0,1.0,0.6662825083421218
-1.1418799966963948,-0.7826062478620239,2.0,1,1.0,1.4292789039732727,1.983278829891088,0,1,0,1.0,1.0,1.0,0.0,1.0,1.6845374082560989
-0.0893658209690741,-0.5003068469046751,0.0,1,1.0,0.4145544946055903,0.1583123027328191,0,0,0,1.0,0.0,0.0,0.0,1.0,-0.3519723915718554
0.9631483547582466,1.1934895588394174,0.0,1,0.0,-0.1179589988574497,-0.8602976018541407,0,0,1,0.0,1.0,0.0,0.0,1.0,0.6662825083421218
0.4368912668945862,1.4757889597967662,2.0,0,3.0,-1.647851185288725,-0.8076917237683653,0,1,0,2.0,0.0,0.0,0.0,0.0,-1.3702272914858324
-1.6681370845600552,-0.5003068469046751,0.0,1,1.0,0.589746230240011,1.7051538396636845,1,1,0,1.0,1.0,1.0,0.0,0.0,0.1571550583851332
0.9631483547582466,-1.0649056488193729,0.0,1,2.0,0.6365796645185193,-0.6728834431433393,0,1,0,1.0,0.0,0.0,1.0,0.0,0.1571550583851332
-0.0893658209690741,-1.0649056488193729,1.0,0,3.0,-1.6235671823294984,-0.6024830549920276,0,0,0,2.0,0.0,0.0,0.0,0.0,-1.3702272914858324
0.9631483547582466,0.62889075692472,0.0,1,2.0,-1.6270363256093878,-0.9318415960507952,0,1,1,2.0,0.0,0.0,0.0,0.0,-1.3702272914858324
-1.6681370845600552,0.9111901578820688,0.0,1,0.0,1.2350068802994605,2.0541824047023507,1,0,0,1.0,1.0,1.0,0.0,0.0,1.1754099582991104
-1.1418799966963948,-0.7826062478620239,0.0,1,2.0,1.0754262894245428,1.7028894996939057,1,1,0,1.0,0.0,1.0,0.0,0.0,0.6662825083421218
0.9631483547582466,0.0642919550100224,0.0,1,1.0,1.1066485789435485,-0.738869511959627,1,0,0,1.0,0.0,1.0,1.0,0.0,1.1754099582991104
0.9631483547582466,0.0642919550100224,0.0,1,2.0,-0.0364341317800464,-0.7318935150830351,0,0,0,0.0,0.0,0.0,0.0,0.0,0.1571550583851332
0.4368912668945862,0.62889075692472,0.0,1,3.0,-0.4856881865257381,-0.5598722937425494,0,0,0,0.0,0.0,1.0,0.0,1.0,0.1571550583851332
-1.1418799966963948,0.3465913559673712,0.0,0,1.0,0.4197582095254247,0.9991829557525788,0,0,0,1.0,0.0,0.0,1.0,0.0,-0.3519723915718554
-0.0893658209690741,1.1934895588394174,0.0,1,1.0,1.215926592260068,0.2006485985314147,1,0,0,1.0,0.0,1.0,1.0,0.0,1.1754099582991104
-0.0893658209690741,0.62889075692472,0.0,1,2.0,1.1222597237030512,0.1508102470753693,0,0,0,1.0,0.0,1.0,0.0,0.0,0.6662825083421218
0.9631483547582466,-0.2180074459473263,0.0,0,3.0,0.7527959643948178,-0.7741840666398171,0,0,1,1.0,0.0,1.0,0.0,0.0,0.1571550583851332
-0.6156229088327345,1.4757889597967662,0.0,1,0.0,1.021654568586255,0.6403422508448698,0,1,1,1.0,0.0,1.0,1.0,0.0,0.6662825083421218
-1.6681370845600552,0.0642919550100224,1.0,1,0.0,0.711166245036144,1.71094048625312,0,1,0,1.0,0.0,1.0,0.0,0.0,0.1571550583851332
1.489405442621907,-1.62950445073407,0.0,1,3.0,0.0936587412158103,-0.9091524521111912,0,0,0,1.0,0.0,0.0,0.0,0.0,-0.861099841528844
-1.6681370845600552,0.9111901578820688,1.0,1,2.0,1.5108037710506763,2.3827632936502856,0,1,1,1.0,0.0,1.0,1.0,1.0,1.6845374082560989
0.9631483547582466,-1.62950445073407,0.0,1,2.0,1.0615497163049843,-0.457359447838008,0,0,0,1.0,0.0,0.0,0.0,1.0,0.6662825083421218
-1.6681370845600552,1.1934895588394174,1.0,1,2.0,1.000839708906918,1.8605699012257904,0,0,0,1.0,0.0,0.0,1.0,0.0,0.6662825083421218
0.9631483547582466,0.0642919550100224,0.0,0,2.0,0.0711093098965287,-0.7904232724836868,0,1,0,1.0,0.0,0.0,0.0,0.0,-0.861099841528844
0.4368912668945862,-1.3472050497767214,0.0,1,0.0,0.0537635934970812,-0.2031129518373648,0,1,0,0.0,0.0,1.0,0.0,0.0,0.6662825083421218
0.9631483547582466,0.3465913559673712,0.0,1,2.0,0.2254861858516122,-0.8043523941159639,0,0,0,0.0,0.0,0.0,1.0,1.0,1.1754099582991104
0.9631483547582466,0.0642919550100224,0.0,1,3.0,0.0398870203775229,-0.795752476654985,1,0,0,1.0,0.0,0.0,0.0,0.0,-0.861099841528844
1.489405442621907,-1.62950445073407,0.0,1,2.0,-1.3200171453391658,-0.9277932306502812,0,1,0,0.0,0.0,1.0,0.0,0.0,-0.861099841528844
-0.0893658209690741,0.3465913559673712,1.0,1,2.0,-0.1179589988574497,-0.0333560704666582,0,1,1,0.0,0.0,0.0,1.0,1.0,0.6662825083421218
0.4368912668945862,1.1934895588394174,0.0,1,2.0,0.2220170425717224,-0.5112919089363813,1,0,0,1.0,0.0,0.0,1.0,0.0,-0.3519723915718554
-1.6681370845600552,-0.7826062478620239,2.0,1,2.0,1.4778469098917262,2.6046686106886305,0,1,0,1.0,0.0,1.0,1.0,1.0,1.6845374082560989
-0.0893658209690741,1.4757889597967662,0.0,1,3.0,0.7614688225945415,0.04893782055622,0,0,0,1.0,0.0,0.0,1.0,0.0,0.1571550583851332
1.489405442621907,-1.62950445073407,0.0,1,3.0,0.5377090810416684,-0.9032971891590356,0,0,0,1.0,1.0,1.0,0.0,1.0,0.6662825083421218
0.4368912668945862,1.4757889597967662,0.0,1,2.0,0.5741350854805082,-0.45719934299166,0,0,0,1.0,0.0,1.0,1.0,0.0,0.1571550583851332
-0.0893658209690741,0.62889075692472,1.0,0,3.0,-1.6929500479272883,-0.6992321264280406,0,0,0,2.0,0.0,0.0,0.0,0.0,-1.3702272914858324
-1.1418799966963948,1.4757889597967662,2.0,1,3.0,1.1205251520631063,1.3633528648315854,0,0,0,1.0,0.0,1.0,0.0,1.0,1.1754099582991104
0.9631483547582466,1.1934895588394174,0.0,0,2.0,0.0364178770976336,-0.886669157259749,0,0,0,1.0,0.0,0.0,0.0,0.0,-0.861099841528844
0.4368912668945862,-1.3472050497767214,0.0,1,2.0,1.3356120354162564,0.194610358612004,1,0,0,1.0,0.0,1.0,1.0,0.0,1.1754099582991104
-1.6681370845600552,-1.0649056488193729,2.0,0,2.0,1.3061243175371953,2.4461419406831912,0,1,1,1.0,1.0,0.0,1.0,0.0,1.1754099582991104
0.4368912668945862,1.1934895588394174,0.0,0,0.0,0.2983381947292918,-0.4128274284323538,0,1,1,0.0,0.0,1.0,1.0,1.0,1.6845374082560989
0.9631483547582466,1.4757889597967662,0.0,0,2.0,-0.3018235926915938,-0.9143672956779552,0,0,1,0.0,0.0,0.0,1.0,0.0,0.1571550583851332
-0.6156229088327345,1.4757889597967662,0.0,1,2.0,1.0962411491038797,0.7794504902003854,0,1,0,1.0,0.0,0.0,1.0,0.0,0.6662825083421218
0.9631483547582466,1.1934895588394174,0.0,0,2.0,-0.8169913697551866,-0.9042806903580304,0,0,0,0.0,0.0,0.0,0.0,0.0,-0.861099841528844
-1.1418799966963948,1.4757889597967662,0.0,0,1.0,0.2532393320907282,0.7411625598023037,0,0,1,1.0,0.0,0.0,0.0,0.0,-0.861099841528844
1.489405442621907,-1.62950445073407,0.0,0,3.0,-1.6929500479272883,-0.932710736645256,0,0,0,2.0,0.0,0.0,0.0,0.0,-1.3702272914858324
0.4368912668945862,0.62889075692472,2.0,1,3.0,-1.4830668794939732,-0.7527071451082766,0,1,1,2.0,0.0,0.0,0.0,0.0,-1.3702272914858324
0.9631483547582466,0.9111901578820688,0.0,0,3.0,-0.3885521746888317,-0.8895053002521995,0,1,1,0.0,1.0,0.0,0.0,0.0,-0.3519723915718554
-1.1418799966963948,-1.0649056488193729,0.0,1,2.0,-0.6123119162417053,0.4297128894136063,1,1,0,0.0,0.0,1.0,0.0,0.0,0.1571550583851332
1.489405442621907,-1.62950445073407,0.0,1,1.0,-0.6279230610012082,-0.9186672544084448,0,0,0,0.0,0.0,0.0,0.0,0.0,-0.861099841528844
0.9631483547582466,1.1934895588394174,0.0,0,3.0,-1.6443820420088353,-0.932070317259864,0,0,0,2.0,0.0,0.0,0.0,0.0,-1.3702272914858324
-0.0893658209690741,0.62889075692472,1.0,0,1.0,1.1326671535427195,0.3533200055846977,0,0,1,1.0,0.0,1.0,1.0,1.0,1.1754099582991104
0.9631483547582466,-0.5003068469046751,0.0,1,1.0,1.0893028625441006,-0.5211726651681443,0,0,0,1.0,0.0,1.0,0.0,0.0,0.6662825083421218
0.9631483547582466,0.9111901578820688,0.0,1,2.0,1.1985808758606205,-0.8945829110935222,0,1,1,1.0,1.0,0.0,1.0,0.0,1.1754099582991104
-0.0893658209690741,1.4757889597967662,0.0,0,0.0,-0.65047249232049,-0.3754543828705464,0,0,0,0.0,0.0,0.0,0.0,1.0,-0.3519723915718554
-0.6156229088327345,0.62889075692472,0.0,1,1.0,0.2306899007714462,0.4416521365269868,0,1,1,0.0,1.0,1.0,1.0,0.0,1.1754099582991104
0.9631483547582466,-0.5003068469046751,0.0,1,2.0,0.2046713261722748,-0.619271191737662,0,0,0,1.0,0.0,0.0,1.0,0.0,-0.3519723915718554
0.9631483547582466,0.0642919550100224,0.0,1,2.0,0.9089074119898458,-0.6206435189920735,0,0,0,1.0,0.0,0.0,0.0,0.0,0.1571550583851332
0.9631483547582466,0.62889075692472,0.0,0,1.0,-0.5030339029251857,-0.8551285025291906,0,0,0,0.0,0.0,0.0,0.0,0.0,-0.3519723915718554
0.4368912668945862,-0.7826062478620239,0.0,1,2.0,0.7736108240741552,-0.1287785588900735,0,1,1,1.0,0.0,0.0,0.0,0.0,0.1571550583851332
0.4368912668945862,0.62889075692472,0.0,1,3.0,-0.4856881865257381,-0.5598722937425494,0,0,0,0.0,0.0,1.0,0.0,1.0,0.1571550583851332
-1.6681370845600552,-1.3472050497767214,2.0,1,1.0,1.38071089805482,2.681404576331142,0,1,1,1.0,1.0,1.0,0.0,1.0,1.6845374082560989
-0.6156229088327345,-0.7826062478620239,1.0,0,1.0,0.2081404694521646,0.5043217478117802,0,0,0,0.0,1.0,1.0,1.0,1.0,1.6845374082560989
-1.1418799966963948,-0.5003068469046751,0.0,1,0.0,-0.4631387552064563,0.4209528671062795,0,1,0,0.0,0.0,0.0,1.0,1.0,0.6662825083421218
0.4368912668945862,-0.2180074459473263,0.0,1,2.0,1.1118522938633826,-0.0577834955951835,0,0,0,1.0,0.0,1.0,0.0,0.0,0.6662825083421218
-1.6681370845600552,-0.2180074459473263,2.0,1,0.0,0.7649379658744314,1.7914503518452631,0,1,0,1.0,0.0,0.0,1.0,0.0,0.1571550583851332
0.9631483547582466,-1.0649056488193729,2.0,0,3.0,-1.6738697598878964,-0.8381802609372082,0,1,1,2.0,0.0,0.0,0.0,0.0,-1.3702272914858324
-1.6681370845600552,-1.3472050497767214,2.0,0,3.0,-1.4743940212942492,-0.1193781171973545,0,1,0,2.0,0.0,0.0,0.0,0.0,-1.3702272914858324
0.4368912668945862,0.9111901578820688,0.0,1,2.0,0.5255670795620548,-0.3658480920896657,1,1,0,1.0,0.0,0.0,1.0,1.0,0.1571550583851332
0.4368912668945862,0.3465913559673712,0.0,1,1.0,0.4388384975648169,-0.2956992972683295,1,0,0,1.0,0.0,1.0,0.0,0.0,-0.3519723915718554
0.4368912668945862,-0.2180074459473263,0.0,1,2.0,0.9210494134694596,-0.2501609045427735,1,0,0,1.0,0.0,0.0,0.0,1.0,0.6662825083421218
-0.0893658209690741,-0.5003068469046751,0.0,1,2.0,0.789221968833658,0.4261219664312295,0,0,0,1.0,1.0,0.0,0.0,0.0,0.1571550583851332
0.4368912668945862,1.4757889597967662,0.0,0,2.0,0.9470679880686308,-0.5158434609968461,0,0,1,1.0,0.0,0.0,0.0,0.0,0.1571550583851332
-1.1418799966963948,0.62889075692472,0.0,1,2.0,1.2592908832586869,1.605751602202476,1,1,0,1.0,1.0,0.0,1.0,0.0,1.1754099582991104
-0.0893658209690741,1.1934895588394174,1.0,0,3.0,0.4492459274044854,0.0669153075890109,0,1,0,0.0,1.0,0.0,0.0,1.0,1.1754099582991104
0.9631483547582466,-0.7826062478620239,0.0,1,2.0,0.5724005138405635,-0.6869497975010574,0,0,0,1.0,0.0,1.0,0.0,0.0,0.1571550583851332
-1.6681370845600552,0.3465913559673712,1.0,1,1.0,1.2124574489801785,2.2500135039068763,1,0,0,1.0,0.0,0.0,1.0,1.0,1.1754099582991104
-1.6681370845600552,1.1934895588394174,0.0,1,2.0,1.4171369024936598,2.2019591778815664,0,1,0,1.0,0.0,1.0,1.0,1.0,1.6845374082560989
0.9631483547582466,0.9111901578820688,0.0,1,3.0,-1.2801219976204363,-0.8979679849877373,0,1,1,0.0,0.0,0.0,0.0,1.0,-0.861099841528844
0.4368912668945862,0.3465913559673712,0.0,0,0.0,0.5689313705606737,-0.2379471919785108,0,0,0,1.0,0.0,0.0,0.0,0.0,-0.3519723915718554
-1.6681370845600552,-1.0649056488193729,2.0,0,2.0,0.7805491106339343,2.10880102942793,0,1,1,0.0,1.0,1.0,1.0,1.0,2.193664858213088
0.4368912668945862,-1.3472050497767214,0.0,1,3.0,0.5689313705606737,-0.0925948636154227,0,0,0,1.0,0.0,1.0,0.0,0.0,0.1571550583851332
0.9631483547582466,-1.62950445073407,0.0,0,3.0,-0.1006132824580021,-0.6381406914858205,0,1,1,0.0,1.0,1.0,1.0,1.0,1.1754099582991104
0.9631483547582466,0.3465913559673712,0.0,0,0.0,0.9921668507071943,-0.7161346237782094,0,0,0,1.0,0.0,0.0,1.0,0.0,0.6662825083421218
-1.6681370845600552,0.9111901578820688,2.0,0,3.0,-1.4691903063744152,-0.1569570118473236,0,1,0,2.0,0.0,0.0,0.0,0.0,-1.3702272914858324
-1.6681370845600552,0.0642919550100224,2.0,0,1.0,-1.1170722634656294,0.2230632770201364,0,1,1,0.0,1.0,0.0,0.0,1.0,-0.3519723915718554
0.9631483547582466,0.0642919550100224,0.0,0,0.0,-1.6790734748077305,-0.874524061058207,0,1,0,2.0,0.0,0.0,0.0,0.0,-1.3702272914858324
-1.1418799966963948,-1.3472050497767214,1.0,1,2.0,1.264494598178521,1.9584854508280531,1,1,0,1.0,0.0,1.0,1.0,0.0,1.1754099582991104
0.4368912668945862,1.4757889597967662,0.0,1,3.0,0.5515856541612262,-0.4703965567549176,1,0,0,1.0,0.0,1.0,1.0,1.0,0.6662825083421218
-0.0893658209690741,-0.2180074459473263,0.0,1,2.0,1.0736917177845977,0.4718662082449473,0,1,1,1.0,0.0,1.0,0.0,0.0,0.6662825083421218
-0.6156229088327345,-0.2180074459473263,2.0,1,1.0,-0.4804844716059039,0.1450693447277476,0,1,1,0.0,1.0,1.0,1.0,1.0,1.1754099582991104
0.9631483547582466,0.9111901578820688,0.0,0,2.0,-0.9644299591504908,-0.9231044458643752,0,1,1,0.0,0.0,0.0,0.0,1.0,-0.3519723915718554
0.9631483547582466,-1.0649056488193729,0.0,1,2.0,0.9349259865890172,-0.5052994132587842,0,0,0,1.0,0.0,1.0,1.0,0.0,0.6662825083421218
-1.1418799966963948,-1.0649056488193729,2.0,1,1.0,0.3920050632863087,1.1583729172643165,1,0,0,1.0,0.0,1.0,0.0,0.0,-0.3519723915718554
0.9631483547582466,1.4757889597967662,0.0,0,3.0,-1.654789471848504,-0.9322075499853052,0,0,0,2.0,0.0,0.0,0.0,0.0,-1.3702272914858324
0.9631483547582466,1.4757889597967662,0.0,0,2.0,-0.3018235926915938,-0.9143672956779552,0,0,1,0.0,0.0,0.0,1.0,0.0,0.1571550583851332
0.9631483547582466,0.0642919550100224,0.0,1,3.0,-1.1257451216653531,-0.8925701644537187,0,0,0,0.0,1.0,1.0,0.0,0.0,-0.3519723915718554
0.9631483547582466,0.9111901578820688,0.0,1,2.0,0.6036228033595689,-0.8203171345089515,0,0,0,1.0,0.0,0.0,0.0,0.0,-0.3519723915718554
-0.6156229088327345,-1.62950445073407,1.0,0,0.0,-1.64611661364878,-0.5293380123318928,0,1,0,2.0,0.0,0.0,0.0,0.0,-1.3702272914858324
0.9631483547582466,-0.5003068469046751,0.0,0,2.0,0.2463010455309491,-0.6519097082717495,0,1,0,1.0,1.0,0.0,0.0,0.0,-0.3519723915718554
-0.0893658209690741,1.1934895588394174,0.0,0,3.0,-0.6556762072403243,-0.350729620170232,0,0,0,0.0,0.0,0.0,0.0,0.0,-0.861099841528844
0.9631483547582466,-1.3472050497767214,0.0,1,2.0,0.3018073380091811,-0.5329518074351766,0,0,1,1.0,0.0,0.0,0.0,0.0,-0.861099841528844
0.4368912668945862,-0.2180074459473263,0.0,1,2.0,0.5463819392413921,-0.2709516624471082,0,1,1,1.0,0.0,0.0,0.0,0.0,-0.3519723915718554
0.4368912668945862,-0.2180074459473263,1.0,1,3.0,-1.6721351882479514,-0.7511975851284239,0,0,0,2.0,0.0,0.0,0.0,0.0,-1.3702272914858324
-0.0893658209690741,0.62889075692472,0.0,1,0.0,1.1638894430617253,0.4073668272876052,1,0,0,1.0,0.0,1.0,1.0,0.0,1.1754099582991104
-1.6681370845600552,0.3465913559673712,1.0,0,0.0,-1.4726594496543044,-0.164184602053891,0,0,0,2.0,0.0,0.0,0.0,0.0,-1.3702272914858324
-1.6681370845600552,-1.3472050497767214,2.0,1,0.0,-1.4449063034151883,-0.0320294874540604,0,1,1,2.0,0.0,0.0,0.0,0.0,-1.3702272914858324
-1.6681370845600552,-1.0649056488193729,2.0,0,0.0,-1.5073508824531996,-0.1497751658825699,0,1,0,2.0,0.0,0.0,0.0,0.0,-1.3702272914858324
0.9631483547582466,-0.2180074459473263,0.0,1,2.0,0.0641710233367496,-0.7929620779043483,0,0,0,1.0,0.0,0.0,0.0,0.0,-0.861099841528844
0.9631483547582466,-1.3472050497767214,0.0,0,3.0,-1.4709248780143598,-0.8430062784485555,0,0,1,0.0,0.0,0.0,0.0,0.0,-1.3702272914858324
0.9631483547582466,-1.62950445073407,0.0,1,3.0,-1.6877463330074542,-0.8589710188415429,0,1,1,2.0,0.0,0.0,0.0,0.0,-1.3702272914858324
0.4368912668945862,-1.62950445073407,0.0,0,2.0,-0.4718116134061801,-0.3482365589913844,0,1,1,0.0,1.0,0.0,0.0,1.0,0.1571550583851332
-1.6681370845600552,-1.3472050497767214,1.0,1,2.0,1.443155477092831,2.569216823282999,0,1,0,1.0,0.0,1.0,1.0,1.0,1.6845374082560989
0.4368912668945862,-1.0649056488193729,0.0,1,0.0,-1.1534982679044694,-0.589926260614162,1,0,0,0.0,0.0,0.0,0.0,0.0,-0.861099841528844
-1.6681370845600552,0.9111901578820688,1.0,0,0.0,1.0095125671066418,2.000318559966698,1,1,0,1.0,1.0,1.0,1.0,0.0,1.1754099582991104
0.9631483547582466,0.0642919550100224,0.0,1,2.0,1.1205251520631063,-0.7492305827304341,0,1,0,1.0,0.0,1.0,0.0,0.0,0.6662825083421218
0.9631483547582466,0.9111901578820688,1.0,0,1.0,-1.519492883932813,-0.9080088460658484,0,1,1,2.0,0.0,0.0,0.0,0.0,-1.3702272914858324
0.4368912668945862,1.1934895588394174,0.0,0,3.0,-1.6599931867683384,-0.8113970073552765,0,1,1,2.0,0.0,0.0,0.0,0.0,-1.3702272914858324
0.9631483547582466,-0.2180074459473263,0.0,0,1.0,-1.6669314733281173,-0.8920212335519541,0,0,0,2.0,0.0,0.0,0.0,0.0,-1.3702272914858324
0.9631483547582466,1.4757889597967662,0.0,1,3.0,0.5810733720402873,-0.902725386136364,0,0,0,1.0,0.0,0.0,0.0,0.0,-0.3519723915718554
0.9631483547582466,-0.2180074459473263,0.0,1,2.0,0.062436451696805,-0.7964843845240045,0,0,0,1.0,0.0,0.0,0.0,0.0,-0.861099841528844
-1.6681370845600552,-1.0649056488193729,2.0,1,1.0,0.5342399377617786,1.7549464468779163,0,1,0,0.0,0.0,1.0,1.0,1.0,1.6845374082560989
0.9631483547582466,1.1934895588394174,1.0,1,1.0,-1.6426474703688907,-0.915190692030602,0,0,1,2.0,0.0,0.0,0.0,0.0,-1.3702272914858324
-1.1418799966963948,-1.62950445073407,1.0,1,0.0,-0.6313922042810975,0.4132220902397612,0,1,1,0.0,1.0,0.0,0.0,0.0,-0.3519723915718554
-1.6681370845600552,0.0642919550100224,2.0,1,0.0,-0.2601938733329198,0.8671422017572822,0,1,1,0.0,1.0,0.0,1.0,1.0,0.6662825083421218
-1.1418799966963948,-0.5003068469046751,1.0,1,1.0,0.1110044576152579,0.9524094684980524,1,1,0,0.0,0.0,1.0,1.0,0.0,0.6662825083421218
0.9631483547582466,0.62889075692472,0.0,0,2.0,-0.4700770417662352,-0.9165858914059204,0,0,0,0.0,0.0,0.0,1.0,0.0,-0.3519723915718554
-0.0893658209690741,-0.2180074459473263,0.0,1,1.0,0.4579187856042092,0.2567081668741259,1,0,0,1.0,0.0,0.0,1.0,0.0,-0.3519723915718554
0.9631483547582466,-0.5003068469046751,0.0,1,2.0,0.4249619244452592,-0.7653325558488627,0,1,1,1.0,0.0,1.0,0.0,0.0,-0.3519723915718554
0.9631483547582466,0.62889075692472,0.0,0,3.0,-1.677338903167786,-0.9325048875570944,0,0,0,2.0,0.0,0.0,0.0,0.0,-1.3702272914858324
0.4368912668945862,1.1934895588394174,0.0,1,1.0,0.2254861858516122,-0.5312363983671622,0,1,1,1.0,0.0,0.0,0.0,0.0,-0.861099841528844
0.4368912668945862,1.1934895588394174,0.0,1,2.0,0.7840182539138236,-0.3919909262862053,1,0,0,1.0,0.0,0.0,0.0,0.0,0.1571550583851332
-1.6681370845600552,-0.2180074459473263,2.0,0,3.0,1.7588475155627763,2.7135399062052787,0,1,0,1.0,1.0,1.0,1.0,1.0,2.193664858213088
0.9631483547582466,1.4757889597967662,0.0,1,2.0,-0.4839536148857932,-0.9167688683731752,0,0,0,0.0,1.0,0.0,0.0,1.0,0.1571550583851332
0.9631483547582466,0.9111901578820688,0.0,0,3.0,-0.6470033490406004,-0.8460940147709813,0,0,0,0.0,0.0,1.0,0.0,0.0,-0.3519723915718554
-0.0893658209690741,-0.5003068469046751,0.0,0,0.0,1.3338774637763111,0.6690925068247914,1,1,0,1.0,0.0,1.0,1.0,0.0,1.1754099582991104
1.489405442621907,-1.62950445073407,0.0,1,2.0,-0.7944419384359047,-0.9208629780155032,0,1,0,0.0,0.0,0.0,0.0,0.0,-0.861099841528844
0.9631483547582466,0.9111901578820688,0.0,0,1.0,-1.0182016799887783,-0.8700411253604627,0,1,1,0.0,1.0,0.0,0.0,0.0,-0.3519723915718554
-0.0893658209690741,-1.62950445073407,0.0,0,2.0,0.766672537514376,0.600933586522352,1,1,0,1.0,0.0,0.0,1.0,1.0,0.6662825083421218
-1.1418799966963948,0.62889075692472,0.0,0,1.0,0.7684071091543206,1.138657149042604,1,1,0,1.0,0.0,1.0,0.0,0.0,0.1571550583851332
0.9631483547582466,1.4757889597967662,0.0,1,3.0,-1.6530549002085593,-0.9321846778643982,0,0,0,2.0,0.0,0.0,0.0,0.0,-1.3702272914858324
1.489405442621907,-1.62950445073407,0.0,0,3.0,-1.6929500479272883,-0.932710736645256,0,0,0,2.0,0.0,0.0,0.0,0.0,-1.3702272914858324
-1.6681370845600552,0.0642919550100224,0.0,1,0.0,0.8308516881923318,1.7761489029585746,0,1,0,1.0,0.0,1.0,0.0,0.0,0.1571550583851332
-0.0893658209690741,-1.0649056488193729,0.0,1,1.0,0.6261722346788509,0.2609852534837085,1,1,0,1.0,0.0,0.0,0.0,0.0,-0.3519723915718554
-1.6681370845600552,-1.3472050497767214,2.0,1,1.0,0.6990242435565305,1.9979169872714777,1,1,1,0.0,1.0,1.0,1.0,1.0,2.193664858213088
-1.1418799966963948,1.1934895588394174,0.0,1,0.0,-0.7840345085962364,0.0397661000725695,0,1,0,0.0,1.0,0.0,1.0,0.0,0.1571550583851332
-0.6156229088327345,-0.5003068469046751,0.0,0,2.0,-0.4076324627282241,0.2018379488185715,0,1,1,0.0,0.0,0.0,0.0,0.0,-0.3519723915718554
-0.6156229088327345,1.4757889597967662,1.0,0,3.0,-1.6599931867683384,-0.6312104388510423,0,0,0,2.0,0.0,0.0,0.0,0.0,-1.3702272914858324
-1.1418799966963948,-0.2180074459473263,1.0,1,3.0,-1.6200980390496087,-0.3748368356060612,0,0,1,2.0,0.0,0.0,0.0,0.0,-1.3702272914858324
-0.0893658209690741,0.0642919550100224,0.0,0,2.0,0.6834130987970275,0.3047396207785295,0,0,0,1.0,1.0,0.0,1.0,1.0,0.6662825083421218
-1.1418799966963948,0.62889075692472,1.0,1,3.0,1.1239942953429958,1.4376186414161565,0,0,0,1.0,0.0,1.0,1.0,0.0,1.1754099582991104
-1.6681370845600552,0.62889075692472,2.0,0,0.0,0.2861961932496787,1.313537385496447,0,1,0,0.0,1.0,0.0,1.0,1.0,1.1754099582991104
-1.1418799966963948,0.0642919550100224,2.0,0,1.0,0.7250428181557018,1.2567001650429026,1,1,0,1.0,0.0,0.0,1.0,1.0,0.6662825083421218
0.9631483547582466,-0.2180074459473263,0.0,0,3.0,-0.3954904612486107,-0.8339031743276256,0,1,1,0.0,0.0,1.0,0.0,1.0,0.1571550583851332
-1.1418799966963948,-1.62950445073407,1.0,1,0.0,1.05981514466504,1.8696272611049063,0,1,1,1.0,0.0,1.0,0.0,1.0,1.1754099582991104
0.9631483547582466,1.4757889597967662,0.0,0,3.0,-1.6825426180876202,-0.9135210272044014,0,0,0,2.0,0.0,0.0,0.0,0.0,-1.3702272914858324
-1.6681370845600552,-0.2180074459473263,2.0,1,0.0,-1.5177583122928682,-0.2558103184067677,0,0,0,2.0,0.0,0.0,0.0,0.0,-1.3702272914858324
-1.1418799966963948,1.1934895588394174,1.0,0,0.0,-0.2688667315326436,0.4661024337764188,0,0,1,0.0,1.0,0.0,1.0,1.0,1.1754099582991104
-0.6156229088327345,-0.5003068469046751,1.0,1,2.0,1.2037845907804543,0.9859171256266006,0,1,1,1.0,0.0,0.0,1.0,1.0,1.1754099582991104
-0.6156229088327345,0.3465913559673712,0.0,1,1.0,0.6244376630389062,0.7646979722154614,0,1,0,1.0,0.0,0.0,1.0,1.0,0.1571550583851332
-0.6156229088327345,-0.5003068469046751,2.0,0,1.0,0.2064058978122195,0.6005905047087491,0,1,1,0.0,1.0,1.0,0.0,1.0,1.1754099582991104
0.9631483547582466,0.3465913559673712,0.0,0,1.0,0.423227352805314,-0.8419312887659332,0,0,0,1.0,0.0,0.0,1.0,1.0,0.1571550583851332
1.489405442621907,-1.62950445073407,1.0,0,3.0,-1.4587828765347464,-0.92962300032283,0,0,0,0.0,0.0,0.0,0.0,0.0,-1.3702272914858324
0.9631483547582466,-1.0649056488193729,0.0,0,3.0,-0.7961765100758494,-0.7442902046145525,0,0,0,0.0,0.0,0.0,0.0,0.0,-0.861099841528844
-1.6681370845600552,-0.2180074459473263,2.0,1,3.0,-0.3989596045285003,0.8647406290620621,0,1,1,0.0,1.0,1.0,1.0,1.0,1.1754099582991104
0.4368912668945862,0.0642919550100224,0.0,1,2.0,1.1604202997818356,-0.2306052411674091,0,0,0,1.0,0.0,0.0,1.0,1.0,1.1754099582991104
0.9631483547582466,-0.2180074459473263,0.0,0,1.0,-0.4874227581656828,-0.8226043465996373,0,0,0,0.0,1.0,0.0,0.0,1.0,0.1571550583851332
0.9631483547582466,-1.62950445073407,0.0,0,1.0,-0.4405893238871743,-0.6997581852088984,0,1,1,0.0,0.0,0.0,1.0,1.0,0.1571550583851332
-1.6681370845600552,-1.3472050497767214,2.0,0,1.0,-0.785769080236181,0.4948298176354337,0,1,1,0.0,1.0,1.0,1.0,1.0,0.6662825083421218
0.9631483547582466,1.4757889597967662,0.0,1,2.0,-0.6365959192009321,-0.918781615012979,1,1,0,0.0,1.0,0.0,0.0,0.0,-0.3519723915718554
0.9631483547582466,0.9111901578820688,0.0,1,3.0,-1.632240040529222,-0.931910212413516,1,1,0,2.0,0.0,0.0,0.0,0.0,-1.3702272914858324
-1.6681370845600552,-1.0649056488193729,1.0,1,0.0,1.5697792068087986,2.69670602521783,0,1,0,1.0,0.0,1.0,1.0,1.0,1.6845374082560989
0.9631483547582466,-0.2180074459473263,0.0,1,2.0,0.978290277587636,-0.7340434944482798,0,0,0,1.0,0.0,0.0,0.0,1.0,0.6662825083421218
0.9631483547582466,0.62889075692472,0.0,1,2.0,-1.6270363256093878,-0.9318415960507952,0,1,1,2.0,0.0,0.0,0.0,0.0,-1.3702272914858324
-0.0893658209690741,0.62889075692472,0.0,1,2.0,1.3269391772165329,0.5006393363457757,1,0,0,1.0,0.0,1.0,1.0,0.0,1.1754099582991104
0.9631483547582466,0.62889075692472,0.0,1,0.0,0.0554981651370258,-0.9096556387711422,1,0,0,1.0,0.0,0.0,0.0,0.0,-0.861099841528844
0.9631483547582466,1.4757889597967662,0.0,0,2.0,0.2445664738910044,-0.8720309998793594,0,0,0,1.0,0.0,1.0,0.0,0.0,-0.3519723915718554
0.4368912668945862,1.4757889597967662,1.0,0,3.0,0.9574754179082992,-0.4313309742460026,0,0,0,1.0,0.0,0.0,1.0,0.0,0.6662825083421218
-0.6156229088327345,0.9111901578820688,0.0,0,0.0,1.071957146144653,0.6484161095249911,0,0,0,1.0,0.0,0.0,0.0,1.0,0.6662825083421218
-0.6156229088327345,0.9111901578820688,1.0,1,1.0,1.2766365996581346,0.9500078958028322,0,1,0,1.0,1.0,0.0,1.0,1.0,1.6845374082560989
-1.1418799966963948,0.9111901578820688,0.0,1,0.0,1.2471488817790737,1.3539524231388664,0,1,1,1.0,0.0,1.0,1.0,0.0,1.1754099582991104
0.9631483547582466,0.62889075692472,0.0,1,1.0,0.2480356171708937,-0.8242282671840243,1,0,0,1.0,0.0,0.0,0.0,0.0,-0.861099841528844
-1.1418799966963948,0.9111901578820688,0.0,1,1.0,0.5515856541612262,1.039918203087694,0,0,0,1.0,0.0,0.0,1.0,0.0,0.1571550583851332
-0.6156229088327345,1.1934895588394174,2.0,1,0.0,-1.6669314733281173,-0.5504261078080168,0,1,1,2.0,0.0,0.0,0.0,0.0,-1.3702272914858324
0.4368912668945862,0.0642919550100224,0.0,1,3.0,0.2272207574915568,-0.4173561083719118,1,0,0,1.0,0.0,0.0,0.0,0.0,-0.861099841528844
-1.1418799966963948,-0.7826062478620239,1.0,1,2.0,1.1135868655033274,1.5787396274114756,1,0,0,1.0,0.0,0.0,1.0,0.0,0.6662825083421218
0.4368912668945862,0.0642919550100224,1.0,0,3.0,-1.6651969016881725,-0.7778207338640076,0,1,1,2.0,0.0,0.0,0.0,0.0,-1.3702272914858324
0.9631483547582466,0.62889075692472,0.0,1,2.0,0.9123765552697356,-0.8648262817936988,0,1,0,1.0,0.0,0.0,0.0,1.0,0.6662825083421218
-1.6681370845600552,-1.3472050497767214,2.0,0,0.0,1.59232863812808,2.647553837388991,1,0,0,1.0,1.0,1.0,1.0,1.0,2.193664858213088
0.4368912668945862,1.1934895588394174,0.0,1,2.0,0.3833322050865849,-0.4374149584072271,1,0,0,1.0,0.0,1.0,0.0,0.0,-0.3519723915718554
-1.6681370845600552,0.3465913559673712,2.0,1,0.0,0.23936275897117,1.2634931849522395,0,1,1,0.0,1.0,0.0,0.0,1.0,1.1754099582991104
-0.0893658209690741,-0.7826062478620239,0.0,0,3.0,-0.1006132824580021,0.0454841302992842,0,0,0,0.0,0.0,0.0,0.0,1.0,0.1571550583851332
-1.6681370845600552,-1.0649056488193729,2.0,1,0.0,1.6721189335655386,2.860150201218244,0,1,0,1.0,1.0,1.0,1.0,1.0,2.193664858213088
-1.6681370845600552,-1.3472050497767214,2.0,0,0.0,0.6504562376380776,1.9060396775886264,0,0,0,0.0,1.0,1.0,1.0,1.0,2.193664858213088
-0.6156229088327345,-0.2180074459473263,0.0,1,1.0,0.9245185567493488,0.7238483642758115,1,1,1,1.0,0.0,0.0,0.0,0.0,0.1571550583851332
-0.6156229088327345,-0.7826062478620239,1.0,0,3.0,0.0936587412158103,0.5365714382904512,0,1,0,0.0,1.0,1.0,0.0,1.0,1.1754099582991104
-0.6156229088327345,1.1934895588394174,1.0,0,0.0,-0.4527313253667877,0.0611286609995756,0,0,1,0.0,0.0,0.0,1.0,1.0,0.6662825083421218
-0.6156229088327345,-0.7826062478620239,0.0,1,1.0,-0.7875036518761256,0.0032393229843159,0,0,0,0.0,0.0,0.0,0.0,0.0,-0.861099841528844
0.4368912668945862,-0.7826062478620239,0.0,0,3.0,-0.4440584671670639,-0.3682039205430721,0,0,0,0.0,1.0,0.0,0.0,1.0,0.1571550583851332
-0.0893658209690741,-1.0649056488193729,0.0,1,1.0,0.4301656393650931,0.1944045095238424,1,1,0,1.0,0.0,0.0,0.0,0.0,-0.3519723915718554
0.9631483547582466,0.9111901578820688,0.0,1,3.0,-1.6582586151283931,-0.9322532942271188,0,0,0,2.0,0.0,0.0,0.0,0.0,-1.3702272914858324
-1.6681370845600552,-1.3472050497767214,2.0,0,2.0,1.6391620724065887,2.8780590718883143,0,1,0,1.0,1.0,1.0,1.0,1.0,2.193664858213088
-1.6681370845600552,-0.5003068469046751,2.0,1,2.0,1.0910374341840452,2.1949831810049742,0,1,1,1.0,0.0,0.0,0.0,1.0,0.6662825083421218
-0.6156229088327345,0.9111901578820688,2.0,0,3.0,-1.675604331527841,-0.5713998426796063,0,1,1,2.0,0.0,0.0,0.0,0.0,-1.3702272914858324
0.9631483547582466,0.9111901578820688,0.0,1,2.0,0.5880116586000659,-0.9026338976527366,0,0,0,1.0,0.0,0.0,1.0,0.0,0.1571550583851332
-0.0893658209690741,-1.0649056488193729,0.0,1,2.0,0.5932153735199004,0.2671378540076536,1,1,0,1.0,0.0,0.0,0.0,0.0,-0.3519723915718554
-1.6681370845600552,-1.3472050497767214,2.0,0,0.0,-1.5073508824531996,-0.1596330499934261,0,1,1,2.0,0.0,0.0,0.0,0.0,-1.3702272914858324
1.489405442621907,-1.62950445073407,0.0,0,3.0,-1.4743940212942492,-0.9298288494109916,0,0,1,2.0,0.0,0.0,0.0,0.0,-1.3702272914858324
0.9631483547582466,-1.0649056488193729,0.0,1,2.0,0.6018882317196241,-0.5501973865989482,0,1,0,1.0,0.0,0.0,0.0,0.0,-0.3519723915718554
-0.6156229088327345,-0.2180074459473263,0.0,0,2.0,0.2064058978122195,0.4868703195598468,1,0,0,1.0,0.0,0.0,1.0,0.0,-0.3519723915718554
-1.6681370845600552,-1.0649056488193729,1.0,1,2.0,-0.0589835630993279,1.205123532397936,0,1,1,0.0,1.0,0.0,0.0,0.0,0.1571550583851332
-1.6681370845600552,-0.5003068469046751,2.0,0,0.0,-1.6651969016881725,-0.3208357581449674,0,1,1,2.0,0.0,0.0,0.0,0.0,-1.3702272914858324
0.9631483547582466,0.0642919550100224,0.0,1,2.0,0.794425683753492,-0.7330828653701917,0,0,0,1.0,0.0,1.0,0.0,0.0,0.1571550583851332
0.9631483547582466,0.3465913559673712,0.0,1,2.0,0.4301656393650931,-0.8270644101764748,0,1,1,1.0,0.0,0.0,0.0,0.0,-0.3519723915718554
0.9631483547582466,-1.0649056488193729,0.0,1,2.0,0.7822836822738789,-0.669978683788168,0,0,0,1.0,0.0,0.0,1.0,0.0,0.1571550583851332
0.4368912668945862,-1.3472050497767214,2.0,1,1.0,-1.6235671823294984,-0.7170037643726699,0,1,1,2.0,0.0,0.0,0.0,0.0,-1.3702272914858324
0.4368912668945862,0.0642919550100224,0.0,1,0.0,0.0867204546560317,-0.3860899190922358,0,1,0,1.0,0.0,0.0,0.0,0.0,-0.861099841528844
-0.0893658209690741,0.62889075692472,0.0,1,2.0,-1.2731837110606574,-0.5177647191530222,0,0,0,0.0,0.0,0.0,0.0,1.0,-0.861099841528844
0.9631483547582466,0.3465913559673712,0.0,1,2.0,-0.8534173741940266,-0.884885131829014,0,0,0,0.0,0.0,0.0,0.0,0.0,-0.861099841528844
-1.6681370845600552,-1.0649056488193729,2.0,1,2.0,1.7605820872027216,2.93656595716806,0,0,0,1.0,1.0,1.0,1.0,1.0,2.193664858213088
0.9631483547582466,1.1934895588394174,0.0,1,3.0,0.0884550262959763,-0.9092210684739118,0,0,1,1.0,0.0,0.0,0.0,0.0,-0.861099841528844
0.9631483547582466,-0.5003068469046751,0.0,1,1.0,1.4570320502123892,-0.6352130600097426,0,0,0,1.0,0.0,1.0,1.0,1.0,1.6845374082560989
-1.6681370845600552,-1.3472050497767214,2.0,1,1.0,1.601001496327804,2.93226599843757,0,1,1,1.0,1.0,1.0,1.0,1.0,2.193664858213088
0.4368912668945862,1.4757889597967662,0.0,0,2.0,-0.414570749288003,-0.6055250470726399,0,1,1,0.0,0.0,0.0,0.0,0.0,-0.3519723915718554
0.4368912668945862,0.0642919550100224,0.0,1,1.0,0.2220170425717224,-0.4024663576615467,1,1,0,1.0,0.0,1.0,0.0,0.0,-0.3519723915718554
-0.0893658209690741,-0.5003068469046751,1.0,1,2.0,-0.999121391949386,-0.3426557614901108,0,0,0,0.0,0.0,1.0,0.0,0.0,-0.3519723915718554
-0.6156229088327345,-1.62950445073407,0.0,0,0.0,-0.9453496711110986,0.0058010005258841,0,1,0,0.0,1.0,0.0,0.0,0.0,-0.3519723915718554
0.9631483547582466,1.1934895588394174,0.0,0,1.0,0.4249619244452592,-0.9047838770179812,0,0,0,1.0,0.0,0.0,0.0,0.0,-0.3519723915718554
0.4368912668945862,-0.2180074459473263,0.0,1,2.0,1.342550321976035,-0.0565484010662131,0,0,0,1.0,1.0,0.0,1.0,1.0,1.6845374082560989
-1.6681370845600552,-1.3472050497767214,2.0,1,0.0,0.589746230240011,1.833077611895746,0,1,0,0.0,1.0,0.0,1.0,1.0,1.6845374082560989
0.9631483547582466,1.1934895588394174,0.0,1,3.0,-1.5090854540931444,-0.9247283664487622,0,1,1,0.0,0.0,0.0,0.0,0.0,-1.3702272914858324
-1.6681370845600552,1.1934895588394174,2.0,0,1.0,0.4128199229656456,1.361340118191782,0,1,0,0.0,0.0,0.0,1.0,1.0,1.1754099582991104
0.4368912668945862,-0.7826062478620239,0.0,0,1.0,-1.6565240434884487,-0.7436040409873468,0,0,1,2.0,0.0,0.0,0.0,0.0,-1.3702272914858324
-1.6681370845600552,-1.3472050497767214,2.0,1,1.0,-1.668666044968062,-0.2695793351926967,0,0,0,2.0,0.0,0.0,0.0,0.0,-1.3702272914858324
0.4368912668945862,-0.7826062478620239,0.0,1,1.0,-1.4934743093336416,-0.7157457977227927,0,0,0,2.0,0.0,0.0,0.0,0.0,-1.3702272914858324
-1.1418799966963948,-0.2180074459473263,2.0,0,0.0,-1.6721351882479514,-0.460264207193179,0,0,0,2.0,0.0,0.0,0.0,0.0,-1.3702272914858324
-1.6681370845600552,-0.2180074459473263,1.0,1,1.0,0.31221476784885,1.356285379471366,0,0,0,0.0,1.0,1.0,1.0,0.0,1.1754099582991104
-1.6681370845600552,0.62889075692472,1.0,1,0.0,0.1058007426954239,1.1422938162667944,1,1,0,1.0,0.0,0.0,0.0,0.0,-0.861099841528844
-1.6681370845600552,-1.3472050497767214,2.0,1,0.0,-0.0797984227786653,1.1474629155917446,0,0,0,0.0,1.0,1.0,1.0,1.0,1.6845374082560989
-1.6681370845600552,-0.7826062478620239,2.0,0,1.0,-1.4830668794939732,-0.1225573420034078,0,1,1,2.0,0.0,0.0,0.0,0.0,-1.3702272914858324
0.9631483547582466,0.9111901578820688,0.0,1,2.0,0.0554981651370258,-0.9096556387711422,0,0,0,1.0,0.0,0.0,0.0,0.0,-0.861099841528844
0.9631483547582466,-1.0649056488193729,0.0,0,3.0,-0.7961765100758494,-0.7442902046145525,0,0,0,0.0,0.0,0.0,0.0,0.0,-0.861099841528844
0.9631483547582466,-0.7826062478620239,0.0,1,3.0,-1.6669314733281173,-0.8531386280102939,0,0,0,2.0,0.0,0.0,0.0,0.0,-1.3702272914858324
0.9631483547582466,-1.0649056488193729,0.0,1,2.0,-0.5845587700025894,-0.7515864111838406,0,1,1,0.0,0.0,0.0,1.0,0.0,-0.3519723915718554
0.4368912668945862,-1.3472050497767214,1.0,0,2.0,0.3642519170471927,-0.1032303998371121,0,1,1,0.0,1.0,1.0,0.0,0.0,1.1754099582991104
-0.0893658209690741,1.4757889597967662,0.0,0,3.0,0.1058007426954239,-0.1329870291369355,0,0,0,1.0,0.0,0.0,0.0,0.0,-0.861099841528844
-1.6681370845600552,0.9111901578820688,1.0,1,1.0,-0.0607181347392725,1.0678679348358755,0,1,0,0.0,1.0,0.0,0.0,0.0,0.1571550583851332
0.9631483547582466,0.0642919550100224,0.0,0,2.0,0.0711093098965287,-0.7904232724836868,0,1,0,1.0,0.0,0.0,0.0,0.0,-0.861099841528844
0.9631483547582466,0.62889075692472,0.0,0,3.0,-0.4527313253667877,-0.8937823868617821,1,0,0,0.0,1.0,1.0,0.0,0.0,0.1571550583851332
-1.1418799966963948,-1.62950445073407,2.0,1,3.0,-1.519492883932813,-0.2316802308500316,0,1,1,2.0,0.0,0.0,0.0,0.0,-1.3702272914858324
-1.1418799966963948,-1.62950445073407,1.0,1,2.0,1.337346607056201,1.869924598676696,0,0,0,1.0,1.0,1.0,1.0,0.0,1.6845374082560989
-1.6681370845600552,-1.3472050497767214,2.0,1,1.0,1.465704908412113,2.663747298991047,0,1,0,1.0,1.0,0.0,1.0,1.0,1.6845374082560989
-1.6681370845600552,0.0642919550100224,1.0,0,2.0,0.7579996793146523,1.697811888852583,0,1,0,1.0,1.0,1.0,1.0,0.0,0.6662825083421218
-1.6681370845600552,-1.3472050497767214,2.0,0,1.0,0.4544496423243199,1.688846017457094,0,1,1,0.0,1.0,1.0,1.0,1.0,1.6845374082560989
-0.6156229088327345,0.62889075692472,0.0,1,2.0,1.287044029497803,0.9003982655558551,0,1,0,1.0,0.0,0.0,1.0,1.0,1.1754099582991104
0.4368912668945862,0.62889075692472,0.0,1,2.0,0.4596533572441543,-0.505825472039642,0,0,0,1.0,0.0,1.0,1.0,0.0,0.1571550583851332
-1.1418799966963948,-0.7826062478620239,0.0,1,2.0,0.4024124931259771,1.0576898410323237,1,0,0,1.0,0.0,1.0,0.0,0.0,-0.3519723915718554
-0.0893658209690741,-0.7826062478620239,0.0,1,0.0,-0.2445827285734169,-0.0249162578520274,0,1,0,0.0,1.0,0.0,0.0,1.0,0.1571550583851332
-1.6681370845600552,-0.7826062478620239,1.0,1,0.0,0.7753453957140998,1.9797565232714325,0,0,0,1.0,0.0,1.0,1.0,1.0,0.6662825083421218
-1.6681370845600552,0.0642919550100224,1.0,1,0.0,0.1543687486138768,1.3418759433000451,0,0,0,0.0,1.0,0.0,1.0,1.0,1.1754099582991104
0.9631483547582466,-1.0649056488193729,0.0,1,2.0,0.5862770869601213,-0.6912497562315468,1,0,0,1.0,0.0,0.0,0.0,0.0,-0.3519723915718554
0.9631483547582466,-0.2180074459473263,0.0,1,3.0,-0.2601938733329198,-0.8169549327356431,0,0,0,0.0,1.0,1.0,0.0,1.0,0.6662825083421218
0.9631483547582466,0.9111901578820688,0.0,1,2.0,0.4110853513257009,-0.8661986090481103,0,0,0,1.0,0.0,0.0,0.0,0.0,-0.3519723915718554
0.4368912668945862,-0.2180074459473263,0.0,0,3.0,1.0025742805468627,-0.105837821620494,0,1,1,1.0,0.0,1.0,0.0,1.0,0.6662825083421218
-0.0893658209690741,0.62889075692472,0.0,1,0.0,0.2428319022510597,0.0047946272059823,0,0,1,1.0,1.0,0.0,0.0,0.0,-0.3519723915718554
-1.1418799966963948,1.4757889597967662,1.0,1,0.0,-0.813522226475297,0.0596419731406298,0,1,0,0.0,1.0,0.0,0.0,1.0,0.1571550583851332
0.4368912668945862,1.1934895588394174,0.0,1,2.0,0.7840182539138236,-0.3919909262862053,1,0,0,1.0,0.0,0.0,0.0,0.0,0.1571550583851332
-0.6156229088327345,-1.3472050497767214,1.0,0,3.0,0.711166245036144,0.8484785510972855,1,1,0,1.0,0.0,1.0,0.0,0.0,0.1571550583851332
0.9631483547582466,0.3465913559673712,0.0,1,2.0,-0.6470033490406004,-0.9001179643529821,0,0,0,0.0,0.0,0.0,1.0,0.0,0.1571550583851332
-0.0893658209690741,1.1934895588394174,2.0,1,3.0,-1.675604331527841,-0.6847540738939989,0,0,0,2.0,0.0,0.0,0.0,0.0,-1.3702272914858324
0.9631483547582466,1.1934895588394174,0.0,0,3.0,-1.6790734748077305,-0.9325277596780012,0,0,0,2.0,0.0,0.0,0.0,0.0,-1.3702272914858324
0.9631483547582466,1.1934895588394174,0.0,1,2.0,-0.8256642279549103,-0.9212746761918266,0,0,0,0.0,0.0,0.0,0.0,0.0,-0.861099841528844
-1.6681370845600552,-0.5003068469046751,1.0,0,1.0,0.6730056689573591,1.8286175483189089,1,1,0,1.0,1.0,1.0,0.0,0.0,0.6662825083421218
0.9631483547582466,0.0642919550100224,0.0,1,0.0,0.3694556319670267,-0.702228374266839,0,0,0,1.0,0.0,1.0,0.0,0.0,-0.3519723915718554
0.4368912668945862,-0.5003068469046751,0.0,1,1.0,-1.193393415623199,-0.6669824359493696,0,0,0,0.0,0.0,1.0,1.0,0.0,-0.3519723915718554
0.9631483547582466,-1.0649056488193729,0.0,0,2.0,-1.481332307854028,-0.7945859984887352,0,0,1,0.0,0.0,0.0,0.0,0.0,-1.3702272914858324
-1.6681370845600552,-1.3472050497767214,2.0,0,3.0,0.2306899007714462,1.5427617812249863,0,1,1,0.0,1.0,1.0,0.0,1.0,1.1754099582991104
-1.1418799966963948,-1.62950445073407,1.0,1,0.0,1.2280685937396811,2.0403218994327945,0,1,0,1.0,0.0,0.0,1.0,1.0,1.1754099582991104
-0.0893658209690741,-0.7826062478620239,0.0,0,3.0,-1.6495857569286696,-0.6334976509417282,0,0,0,2.0,0.0,0.0,0.0,0.0,-1.3702272914858324
0.9631483547582466,1.4757889597967662,0.0,0,2.0,-0.7909727951560152,-0.9208172337736894,1,0,0,0.0,0.0,0.0,0.0,0.0,-0.861099841528844
0.4368912668945862,0.62889075692472,0.0,1,2.0,-0.4666078984863457,-0.6181047135714123,0,1,0,0.0,1.0,0.0,0.0,1.0,0.6662825083421218
-1.6681370845600552,0.3465913559673712,2.0,0,0.0,-1.6721351882479514,-0.367906582971283,0,0,0,2.0,0.0,0.0,0.0,0.0,-1.3702272914858324
-0.6156229088327345,0.0642919550100224,0.0,1,1.0,0.2168133276518884,0.5358166583005247,1,1,0,1.0,1.0,0.0,0.0,0.0,-0.3519723915718554
-0.6156229088327345,-1.0649056488193729,0.0,1,1.0,0.7423885345551493,0.896029690462645,0,0,0,1.0,0.0,1.0,0.0,0.0,0.1571550583851332
-0.0893658209690741,-1.0649056488193729,0.0,1,2.0,1.2835748862179135,0.591693249675981,1,1,0,1.0,0.0,0.0,1.0,1.0,1.1754099582991104
0.4368912668945862,0.3465913559673712,0.0,1,1.0,1.2384760235793495,-0.1151467748295856,1,0,0,1.0,0.0,1.0,0.0,1.0,1.1754099582991104
0.9631483547582466,-1.0649056488193729,0.0,0,3.0,-1.6495857569286696,-0.8429834063276486,0,0,0,2.0,0.0,0.0,0.0,0.0,-1.3702272914858324
0.9631483547582466,0.0642919550100224,0.0,0,3.0,-0.7597505056370096,-0.8400329027306638,0,0,1,0.0,0.0,0.0,0.0,0.0,-0.861099841528844
-1.6681370845600552,1.1934895588394174,1.0,0,1.0,0.7822836822738789,1.723382920026451,0,0,0,1.0,0.0,1.0,0.0,0.0,0.1571550583851332
0.9631483547582466,0.3465913559673712,0.0,0,2.0,0.2653813335703413,-0.7522268305692326,0,0,0,1.0,0.0,0.0,0.0,0.0,-0.861099841528844
1.489405442621907,-1.62950445073407,0.0,1,3.0,-0.5967007714822025,-0.9182555562321212,0,0,0,0.0,1.0,0.0,0.0,0.0,-0.3519723915718554
0.4368912668945862,1.1934895588394174,0.0,0,3.0,0.2497701888108384,-0.4146800702258094,0,1,1,1.0,1.0,0.0,0.0,0.0,-0.3519723915718554
-0.6156229088327345,0.0642919550100224,0.0,0,2.0,0.4353693542849276,0.6133531481747764,0,1,0,1.0,0.0,1.0,0.0,0.0,-0.3519723915718554
0.4368912668945862,0.3465913559673712,0.0,1,1.0,0.973086562667802,-0.1429821459732328,0,1,0,1.0,0.0,0.0,1.0,0.0,0.6662825083421218
0.4368912668945862,1.1934895588394174,0.0,0,2.0,0.9644137044680784,-0.2776531938728179,0,0,0,1.0,0.0,1.0,0.0,1.0,0.6662825083421218
0.9631483547582466,0.9111901578820688,0.0,0,2.0,0.3781284901667505,-0.9054014242824664,0,1,0,1.0,0.0,0.0,0.0,0.0,-0.3519723915718554
-1.1418799966963948,-1.3472050497767214,1.0,1,0.0,-0.0711255645789415,0.8555231643365981,0,1,1,0.0,1.0,1.0,1.0,1.0,1.1754099582991104
0.4368912668945862,-1.0649056488193729,0.0,0,2.0,0.5030176482427733,-0.2130394523109416,0,1,0,1.0,1.0,0.0,0.0,0.0,-0.3519723915718554
-1.1418799966963948,0.3465913559673712,1.0,1,0.0,1.3252046055765874,1.6978805052153034,0,1,0,1.0,1.0,1.0,1.0,0.0,1.6845374082560989
0.9631483547582466,0.3465913559673712,0.0,1,2.0,-1.136152551505022,-0.8958180056224926,0,1,0,0.0,0.0,0.0,0.0,0.0,-0.861099841528844
-0.0893658209690741,0.9111901578820688,0.0,0,1.0,-1.2887948558201603,-0.5731609959894346,1,1,0,0.0,1.0,0.0,0.0,0.0,-0.861099841528844
-1.6681370845600552,-1.3472050497767214,2.0,0,0.0,-1.4969434526135312,-0.1282982443510295,0,0,0,2.0,0.0,0.0,0.0,0.0,-1.3702272914858324
1.489405442621907,-1.62950445073407,0.0,1,3.0,-1.6530549002085593,-0.9321846778643982,0,0,0,2.0,0.0,0.0,0.0,0.0,-1.3702272914858324
0.9631483547582466,1.1934895588394174,0.0,1,2.0,0.3833322050865849,-0.905332807919746,0,0,0,1.0,0.0,0.0,0.0,0.0,-0.3519723915718554
-1.6681370845600552,-0.2180074459473263,2.0,1,0.0,1.295716887697527,2.339855194829018,0,1,1,1.0,1.0,1.0,1.0,0.0,1.6845374082560989
-0.0893658209690741,-0.5003068469046751,0.0,1,2.0,0.5932153735199004,0.2589953789648118,0,1,0,1.0,0.0,0.0,0.0,0.0,-0.3519723915718554
0.9631483547582466,-1.0649056488193729,0.0,1,2.0,0.2376281873312253,-0.6182190741759466,0,0,0,1.0,0.0,0.0,0.0,0.0,-0.861099841528844
-0.6156229088327345,0.3465913559673712,0.0,1,2.0,-0.9921831053896072,-0.1924316713738617,1,1,0,0.0,0.0,1.0,0.0,0.0,-0.3519723915718554
-1.6681370845600552,0.0642919550100224,0.0,1,2.0,1.1326671535427195,1.9017168467372296,0,1,1,1.0,1.0,1.0,1.0,0.0,1.1754099582991104
-1.1418799966963948,0.62889075692472,2.0,0,1.0,-1.6651969016881725,-0.4336639305785023,0,1,0,2.0,0.0,0.0,0.0,0.0,-1.3702272914858324
-0.6156229088327345,0.0642919550100224,0.0,0,0.0,-1.1760476992237512,-0.2528369426888761,0,1,0,0.0,1.0,0.0,0.0,1.0,-0.3519723915718554
-1.6681370845600552,0.0642919550100224,2.0,1,3.0,0.6018882317196241,1.672469578887783,0,0,0,0.0,1.0,0.0,1.0,1.0,1.6845374082560989
0.9631483547582466,-0.5003068469046751,0.0,1,2.0,0.4405730692047616,-0.751357689974772,0,0,0,1.0,0.0,0.0,0.0,0.0,-0.3519723915718554
0.4368912668945862,-0.5003068469046751,0.0,1,1.0,-1.193393415623199,-0.6669824359493696,0,0,0,0.0,0.0,1.0,1.0,0.0,-0.3519723915718554
-0.0893658209690741,0.9111901578820688,0.0,1,3.0,-1.1153376918256848,-0.5016627460345936,0,0,0,0.0,0.0,0.0,1.0,1.0,-0.3519723915718554
0.9631483547582466,0.0642919550100224,0.0,1,2.0,-0.65047249232049,-0.8641172460455863,0,0,0,0.0,0.0,0.0,1.0,0.0,-0.3519723915718554
-1.1418799966963948,-1.62950445073407,2.0,0,0.0,0.4509804990444305,1.3148868406299516,0,1,0,0.0,0.0,1.0,1.0,0.0,1.1754099582991104
-1.6681370845600552,-1.3472050497767214,2.0,0,1.0,-1.4379680168554092,-0.0656743773080498,0,1,0,2.0,0.0,0.0,0.0,0.0,-1.3702272914858324
0.9631483547582466,0.0642919550100224,0.0,1,3.0,0.0815167397361972,-0.7896227482519468,1,0,0,1.0,0.0,0.0,0.0,0.0,-0.861099841528844
0.9631483547582466,-0.5003068469046751,0.0,1,2.0,0.6070919466394586,-0.7579677329168543,0,1,0,1.0,0.0,1.0,0.0,1.0,0.1571550583851332
-1.1418799966963948,0.62889075692472,1.0,1,1.0,0.9696174193879123,1.35319764314894,1,1,0,1.0,0.0,0.0,0.0,0.0,0.1571550583851332
0.9631483547582466,0.62889075692472,0.0,1,2.0,-0.8239296563149656,-0.8990658467912666,1,0,0,0.0,0.0,0.0,0.0,0.0,-0.861099841528844
0.9631483547582466,0.9111901578820688,0.0,1,0.0,0.6678019540375251,-0.8573928424989697,0,0,0,1.0,0.0,1.0,0.0,0.0,0.1571550583851332
-1.1418799966963948,-0.7826062478620239,2.0,0,3.0,-1.6357091838091116,-0.3989440510418904,0,1,0,2.0,0.0,0.0,0.0,0.0,-1.3702272914858324
0.9631483547582466,-0.7826062478620239,0.0,0,3.0,-0.9453496711110986,-0.7909722033854515,0,1,0,0.0,0.0,0.0,0.0,1.0,-0.3519723915718554
0.4368912668945862,0.9111901578820688,0.0,1,2.0,0.5758696571204528,-0.522018933641698,0,1,1,1.0,0.0,1.0,1.0,0.0,0.1571550583851332
-1.1418799966963948,-0.7826062478620239,1.0,1,0.0,1.2506180250589631,1.6380927811647743,0,0,0,1.0,1.0,0.0,1.0,0.0,1.1754099582991104
0.9631483547582466,0.62889075692472,0.0,0,2.0,-0.7822999369562914,-0.9005067904083986,0,0,0,0.0,0.0,0.0,0.0,0.0,-0.861099841528844
-0.0893658209690741,0.3465913559673712,0.0,1,2.0,1.3113280324570296,0.4215017980080441,0,0,0,1.0,0.0,1.0,1.0,0.0,1.1754099582991104
0.9631483547582466,0.0642919550100224,0.0,1,2.0,0.888092552310509,-0.7757622429823904,0,0,0,1.0,0.0,1.0,0.0,1.0,0.6662825083421218
0.9631483547582466,-0.7826062478620239,0.0,1,2.0,0.3868013483664743,-0.7426891561510724,0,0,0,1.0,1.0,0.0,0.0,0.0,-0.3519723915718554
0.9631483547582466,0.0642919550100224,0.0,0,0.0,-1.4865360227738629,-0.8545566995065191,0,0,0,0.0,0.0,0.0,0.0,0.0,-1.3702272914858324
0.9631483547582466,1.1934895588394174,0.0,1,1.0,0.1977330396124957,-0.8350925246147823,0,0,0,1.0,0.0,0.0,1.0,0.0,-0.3519723915718554
0.4368912668945862,1.1934895588394174,0.0,1,2.0,1.0962411491038797,-0.4579541229815863,0,1,0,1.0,0.0,0.0,1.0,0.0,0.6662825083421218
0.4368912668945862,-1.62950445073407,0.0,1,1.0,-0.6626144938001034,-0.4590291126642087,0,0,0,0.0,1.0,0.0,0.0,0.0,-0.3519723915718554
-0.6156229088327345,1.1934895588394174,2.0,0,3.0,1.1326671535427195,0.840450436658978,0,0,1,1.0,0.0,0.0,0.0,1.0,0.6662825083421218
-1.1418799966963948,-0.2180074459473263,0.0,1,0.0,0.3104801962089049,1.0144615325183604,1,1,0,1.0,0.0,0.0,0.0,1.0,-0.3519723915718554
-1.1418799966963948,-1.3472050497767214,2.0,1,3.0,-0.2272370121739693,0.7813717483565614,0,1,0,0.0,1.0,1.0,0.0,1.0,0.6662825083421218
0.9631483547582466,-1.3472050497767214,0.0,1,1.0,1.1864388743810068,-0.452510558205754,0,1,1,1.0,0.0,1.0,1.0,0.0,1.1754099582991104
-1.6681370845600552,-0.7826062478620239,2.0,1,2.0,0.4093507796857563,1.4799778093356588,0,1,1,0.0,1.0,0.0,1.0,0.0,1.1754099582991104
0.4368912668945862,0.0642919550100224,0.0,0,1.0,0.7736108240741552,-0.2762579944974994,0,1,0,1.0,1.0,1.0,1.0,0.0,0.6662825083421218
0.9631483547582466,-0.2180074459473263,0.0,0,3.0,-1.6599931867683384,-0.8660385042017624,0,0,0,2.0,0.0,0.0,0.0,0.0,-1.3702272914858324
-1.1418799966963948,1.1934895588394174,0.0,1,0.0,-0.7840345085962364,0.0397661000725695,0,1,0,0.0,1.0,0.0,1.0,0.0,0.1571550583851332
0.9631483547582466,0.3465913559673712,0.0,1,2.0,0.6122956615592926,-0.8557003055518622,1,0,0,1.0,0.0,0.0,0.0,0.0,-0.3519723915718554
-1.6681370845600552,1.4757889597967662,1.0,1,1.0,-1.5316348854124262,-0.2796201962708077,0,1,0,2.0,0.0,0.0,0.0,0.0,-1.3702272914858324
1.489405442621907,-1.62950445073407,0.0,1,3.0,-1.6790734748077305,-0.9325277596780012,0,0,0,2.0,0.0,0.0,0.0,0.0,-1.3702272914858324
-1.1418799966963948,-1.0649056488193729,0.0,1,1.0,0.7233082465157571,1.5052515029377378,1,1,1,1.0,0.0,0.0,1.0,0.0,0.1571550583851332
0.9631483547582466,0.0642919550100224,0.0,1,1.0,0.2497701888108384,-0.8176182242419421,0,0,0,1.0,0.0,0.0,0.0,0.0,-0.861099841528844
0.9631483547582466,-1.3472050497767214,0.0,1,2.0,0.2306899007714462,-0.6565070045740282,1,0,0,1.0,0.0,0.0,0.0,0.0,-0.861099841528844
-0.6156229088327345,0.3465913559673712,0.0,1,2.0,0.5880116586000659,0.5695072923963279,0,1,1,1.0,0.0,0.0,1.0,1.0,0.1571550583851332
-1.1418799966963948,0.62889075692472,0.0,1,2.0,0.1092698859753132,0.6343726272881796,1,1,0,1.0,0.0,0.0,0.0,0.0,-0.861099841528844
-1.1418799966963948,0.0642919550100224,2.0,0,1.0,-1.6825426180876202,-0.4460377479891129,0,1,1,2.0,0.0,0.0,0.0,0.0,-1.3702272914858324
0.9631483547582466,1.1934895588394174,0.0,1,2.0,0.9557408462683544,-0.8977850080204824,0,0,0,1.0,0.0,0.0,0.0,0.0,0.1571550583851332
0.9631483547582466,0.9111901578820688,0.0,1,2.0,1.287044029497803,-0.8067539668111842,1,0,0,1.0,0.0,1.0,1.0,0.0,1.1754099582991104
-0.0893658209690741,-0.5003068469046751,1.0,0,0.0,0.6053573749995135,0.2160644080226377,0,0,0,0.0,1.0,1.0,1.0,1.0,2.193664858213088
-1.1418799966963948,-1.62950445073407,0.0,1,2.0,1.3477540368958694,1.9188938095382804,0,1,0,1.0,1.0,1.0,1.0,1.0,1.6845374082560989
-0.6156229088327345,-0.7826062478620239,1.0,1,1.0,0.9626791328281336,1.1921550398437468,0,0,0,1.0,1.0,1.0,1.0,0.0,1.1754099582991104
-0.0893658209690741,-1.0649056488193729,1.0,0,3.0,-0.2324407270938036,-0.016865271292813,0,0,0,0.0,1.0,1.0,1.0,0.0,0.6662825083421218
-1.6681370845600552,-1.3472050497767214,2.0,1,1.0,-0.0919404242582784,1.107368087642021,0,1,1,0.0,1.0,1.0,1.0,1.0,1.6845374082560989
-0.6156229088327345,-1.62950445073407,1.0,1,2.0,-0.4353856089673401,0.2634325704207423,0,1,0,0.0,1.0,0.0,0.0,0.0,-0.3519723915718554
-1.1418799966963948,1.1934895588394174,1.0,1,3.0,0.9453334164286862,1.345787075975118,0,1,1,1.0,1.0,0.0,0.0,1.0,0.6662825083421218
0.9631483547582466,-0.5003068469046751,0.0,1,2.0,0.3763939185268058,-0.7529358663173452,0,1,0,1.0,0.0,1.0,0.0,0.0,-0.3519723915718554
0.4368912668945862,0.62889075692472,0.0,1,0.0,1.34428489361598,-0.1765584194645017,0,0,0,1.0,1.0,1.0,1.0,1.0,1.6845374082560989
-0.6156229088327345,1.1934895588394174,1.0,0,3.0,1.0823645759843217,0.8324909385833911,1,1,0,1.0,1.0,1.0,0.0,0.0,1.1754099582991104
0.9631483547582466,1.1934895588394174,0.0,0,3.0,-0.5776204834428103,-0.9180039629021456,0,0,0,0.0,0.0,0.0,0.0,1.0,-0.3519723915718554
0.4368912668945862,1.4757889597967662,0.0,1,3.0,0.8534011195116139,-0.5141509240497386,1,1,0,1.0,0.0,1.0,1.0,1.0,1.1754099582991104
-1.6681370845600552,-0.5003068469046751,2.0,1,1.0,-0.8308679428747445,0.4126274150961828,0,1,1,0.0,1.0,0.0,1.0,0.0,0.1571550583851332
1.489405442621907,-1.62950445073407,0.0,0,3.0,-1.647851185288725,-0.9321160615016776,0,0,0,2.0,0.0,0.0,0.0,0.0,-1.3702272914858324
-1.6681370845600552,-1.3472050497767214,2.0,0,0.0,0.9019691254300672,2.0680886542137213,0,1,1,1.0,1.0,1.0,1.0,1.0,1.1754099582991104
0.9631483547582466,-1.0649056488193729,0.0,1,2.0,0.9002345537901221,-0.6506974858636861,0,0,0,1.0,0.0,0.0,0.0,0.0,0.1571550583851332
-0.6156229088327345,-1.0649056488193729,0.0,1,0.0,1.48651976809145,1.2029964251535978,1,1,1,1.0,0.0,1.0,1.0,1.0,1.6845374082560989
0.9631483547582466,1.4757889597967662,0.0,0,0.0,0.0641710233367496,-0.909541278166608,0,0,1,1.0,0.0,0.0,0.0,0.0,-0.861099841528844
0.9631483547582466,1.4757889597967662,0.0,0,3.0,-1.6443820420088353,-0.932070317259864,0,0,0,2.0,0.0,0.0,0.0,0.0,-1.3702272914858324
-1.1418799966963948,-0.7826062478620239,2.0,0,1.0,-1.4830668794939732,-0.2507555796863518,0,1,1,2.0,0.0,0.0,0.0,0.0,-1.3702272914858324
-1.1418799966963948,-0.5003068469046751,0.0,1,2.0,1.2471488817790737,1.5678524978598107,1,1,0,1.0,0.0,1.0,1.0,0.0,1.1754099582991104
0.4368912668945862,-1.3472050497767214,0.0,1,2.0,0.9089074119898458,0.1211222341382664,0,0,0,1.0,0.0,0.0,0.0,0.0,0.1571550583851332
1.489405442621907,-1.62950445073407,0.0,0,2.0,-1.7016229061270125,-0.9328250972497902,0,0,0,2.0,0.0,0.0,0.0,0.0,-1.3702272914858324
0.4368912668945862,0.9111901578820688,0.0,1,2.0,-0.6522070639604347,-0.6305928915865572,0,0,0,0.0,0.0,0.0,0.0,0.0,-0.861099841528844
-0.0893658209690741,-0.2180074459473263,1.0,1,2.0,0.3937396349262534,0.2566624226323122,0,1,0,1.0,0.0,0.0,0.0,1.0,-0.3519723915718554
0.4368912668945862,-1.62950445073407,0.0,0,2.0,-0.4423238955271192,-0.3897494584373332,0,1,1,0.0,0.0,1.0,0.0,1.0,0.1571550583851332
-0.6156229088327345,0.62889075692472,1.0,1,2.0,0.7510613927548732,0.64791292286504,0,1,1,1.0,0.0,1.0,1.0,1.0,0.6662825083421218
0.9631483547582466,0.9111901578820688,0.0,1,2.0,0.0815167397361972,-0.9093125569575392,0,0,0,1.0,0.0,0.0,0.0,0.0,-0.861099841528844
0.9631483547582466,0.62889075692472,0.0,1,2.0,0.390270491646364,-0.9052413194361184,0,0,0,1.0,0.0,1.0,0.0,0.0,-0.3519723915718554
1.489405442621907,-1.62950445073407,0.0,0,2.0,-1.661727758408283,-0.9322990384689324,0,1,1,2.0,0.0,0.0,0.0,0.0,-1.3702272914858324
0.4368912668945862,1.1934895588394174,1.0,0,3.0,-1.668666044968062,-0.8021109262670918,0,0,0,2.0,0.0,0.0,0.0,0.0,-1.3702272914858324
0.4368912668945862,1.1934895588394174,1.0,1,2.0,-0.281008733012257,-0.6085212949114384,0,0,0,0.0,0.0,0.0,0.0,1.0,0.1571550583851332
0.4368912668945862,-1.0649056488193729,1.0,1,0.0,-0.1040824257378915,-0.2508013239281656,0,0,0,0.0,0.0,0.0,0.0,0.0,0.1571550583851332
-1.6681370845600552,-1.3472050497767214,2.0,1,1.0,-0.4891573298056277,0.8665703987346107,0,1,1,0.0,1.0,0.0,1.0,0.0,0.6662825083421218
-0.0893658209690741,1.4757889597967662,0.0,1,2.0,0.9748211343077468,0.029450773543576,0,0,0,1.0,0.0,0.0,0.0,1.0,0.6662825083421218
0.9631483547582466,-1.62950445073407,0.0,1,2.0,1.134401725182664,-0.4564674351226405,0,0,0,1.0,0.0,0.0,1.0,0.0,0.6662825083421218
0.9631483547582466,1.1934895588394174,0.0,1,2.0,0.4145544946055903,-0.8717107901866633,0,0,0,1.0,0.0,0.0,1.0,1.0,0.1571550583851332
-0.0893658209690741,1.4757889597967662,0.0,1,1.0,-1.6530549002085593,-0.7154942043928172,0,1,1,2.0,0.0,0.0,0.0,0.0,-1.3702272914858324
0.4368912668945862,1.1934895588394174,0.0,1,2.0,1.1413400117424433,-0.3430674596664343,1,0,0,1.0,1.0,0.0,0.0,0.0,0.6662825083421218
0.9631483547582466,0.62889075692472,0.0,1,2.0,0.2081404694521646,-0.8129751836978498,0,0,0,1.0,0.0,0.0,1.0,0.0,-0.3519723915718554
-1.6681370845600552,0.62889075692472,2.0,1,0.0,0.3989433498460878,1.3786543137182738,0,1,1,0.0,0.0,1.0,0.0,1.0,1.1754099582991104
-1.1418799966963948,0.0642919550100224,0.0,0,2.0,1.4986617695710631,1.8099996419007256,0,0,0,1.0,0.0,1.0,1.0,1.0,1.6845374082560989
0.4368912668945862,1.4757889597967662,0.0,1,0.0,0.7337156763554256,-0.4065375951829676,1,1,0,1.0,0.0,1.0,0.0,1.0,0.6662825083421218
0.9631483547582466,0.9111901578820688,0.0,1,3.0,0.6088265182794033,-0.9023594322018542,0,0,0,1.0,0.0,0.0,0.0,0.0,-0.3519723915718554
0.9631483547582466,0.0642919550100224,0.0,0,2.0,0.2445664738910044,-0.8002354123527293,1,1,0,1.0,0.0,0.0,0.0,0.0,-0.861099841528844
-1.6681370845600552,-1.3472050497767214,2.0,1,1.0,0.794425683753492,2.037325651593996,0,1,1,1.0,0.0,0.0,1.0,0.0,0.1571550583851332
0.4368912668945862,0.0642919550100224,0.0,1,2.0,-1.661727758408283,-0.8096815982872622,0,1,1,2.0,0.0,0.0,0.0,0.0,-1.3702272914858324
0.9631483547582466,0.62889075692472,0.0,1,0.0,0.9123765552697356,-0.8527955461966911,0,0,1,1.0,0.0,0.0,0.0,0.0,0.1571550583851332
0.9631483547582466,-0.5003068469046751,0.0,1,0.0,0.2497701888108384,-0.6885051017227237,0,0,0,1.0,0.0,0.0,0.0,0.0,-0.861099841528844
0.9631483547582466,0.0642919550100224,0.0,0,3.0,-0.9678991024303804,-0.8392323784989237,0,0,0,0.0,1.0,0.0,1.0,1.0,0.1571550583851332
0.9631483547582466,0.62889075692472,0.0,1,2.0,0.9453334164286862,-0.8513774747004658,0,0,0,1.0,0.0,0.0,0.0,0.0,0.1571550583851332
0.9631483547582466,0.3465913559673712,0.0,1,3.0,0.7076971017562542,-0.8162230248666237,1,1,1,1.0,1.0,0.0,0.0,1.0,0.6662825083421218
0.9631483547582466,1.4757889597967662,0.0,1,2.0,0.0641710233367496,-0.909541278166608,1,0,0,1.0,0.0,0.0,0.0,0.0,-0.861099841528844
0.9631483547582466,0.3465913559673712,0.0,1,1.0,-0.8083185115554627,-0.9046009000507264,0,1,0,0.0,0.0,0.0,0.0,0.0,-0.861099841528844
-1.6681370845600552,0.3465913559673712,1.0,1,2.0,1.1187905804231617,1.9924276782538315,0,0,1,1.0,0.0,0.0,1.0,0.0,0.6662825083421218
1.489405442621907,-1.62950445073407,0.0,0,3.0,-1.6599931867683384,-0.9322761663480256,0,0,0,2.0,0.0,0.0,0.0,0.0,-1.3702272914858324
0.9631483547582466,0.62889075692472,0.0,1,3.0,0.6573945241978562,-0.8699267647559283,1,1,0,1.0,0.0,0.0,0.0,0.0,-0.3519723915718554
0.4368912668945862,0.3465913559673712,0.0,1,2.0,0.0659055949766943,-0.3826133567143932,0,0,0,1.0,0.0,0.0,0.0,0.0,-0.861099841528844
-0.6156229088327345,-0.2180074459473263,0.0,1,2.0,0.3451716290078,0.5982346762553425,0,0,0,1.0,0.0,1.0,0.0,0.0,-0.3519723915718554
-0.0893658209690741,0.0642919550100224,0.0,1,0.0,0.5533202258011708,0.281821755629857,0,1,0,1.0,0.0,1.0,0.0,0.0,0.1571550583851332
-0.0893658209690741,-0.7826062478620239,0.0,1,2.0,1.0754262894245428,0.3903042250910886,1,1,1,1.0,0.0,0.0,1.0,1.0,1.1754099582991104
0.4368912668945862,-0.5003068469046751,0.0,1,1.0,0.6209685197590163,-0.151216109499702,1,0,0,1.0,0.0,0.0,0.0,0.0,-0.3519723915718554
0.9631483547582466,-0.7826062478620239,0.0,1,2.0,0.4631225005240436,-0.6734095019241969,1,0,0,1.0,0.0,0.0,1.0,0.0,-0.3519723915718554
-0.0893658209690741,0.62889075692472,1.0,1,1.0,0.1075353143353685,0.0100780871354666,0,0,0,0.0,0.0,0.0,0.0,0.0,0.1571550583851332
-1.1418799966963948,1.1934895588394174,1.0,1,0.0,-1.6669314733281173,-0.4854006680698169,0,0,0,2.0,0.0,0.0,0.0,0.0,-1.3702272914858324
-0.6156229088327345,-0.2180074459473263,1.0,1,3.0,0.3347641991681316,0.6463804907642805,0,0,1,0.0,0.0,1.0,0.0,0.0,0.6662825083421218
-0.0893658209690741,0.0642919550100224,0.0,0,2.0,0.7475922494749838,0.3428903184511702,1,1,0,1.0,1.0,0.0,0.0,0.0,0.1571550583851332
-0.6156229088327345,0.9111901578820688,0.0,1,3.0,-0.6157810595215949,0.0001973309037036,0,1,0,0.0,0.0,1.0,0.0,0.0,-0.3519723915718554
-1.6681370845600552,-1.3472050497767214,1.0,1,1.0,1.224599450459792,2.426654893670547,0,1,1,1.0,0.0,1.0,1.0,0.0,1.1754099582991104
0.9631483547582466,0.0642919550100224,0.0,1,2.0,-0.65047249232049,-0.8641172460455863,0,0,0,0.0,0.0,0.0,1.0,0.0,-0.3519723915718554
-0.6156229088327345,-1.3472050497767214,0.0,1,2.0,0.6036228033595689,0.9092040321049958,0,1,0,1.0,0.0,0.0,1.0,0.0,0.1571550583851332
-1.6681370845600552,-0.2180074459473263,0.0,0,3.0,-0.4666078984863457,0.7454853906537,0,0,0,0.0,1.0,0.0,0.0,0.0,-0.3519723915718554
0.4368912668945862,0.0642919550100224,1.0,1,1.0,0.6868822420769173,-0.1519251452478146,0,0,0,1.0,0.0,0.0,0.0,1.0,0.1571550583851332
-0.0893658209690741,0.0642919550100224,1.0,1,2.0,-0.1353047152568973,-0.0673897863760642,0,1,0,0.0,1.0,0.0,0.0,1.0,0.6662825083421218
-0.6156229088327345,-1.3472050497767214,0.0,1,2.0,0.6036228033595689,0.9092040321049958,0,1,0,1.0,0.0,0.0,1.0,0.0,0.1571550583851332
-0.6156229088327345,-1.62950445073407,1.0,0,2.0,0.1352884605744846,0.6468150610615109,0,1,0,0.0,1.0,1.0,1.0,0.0,1.1754099582991104
-0.0893658209690741,1.1934895588394174,0.0,1,2.0,0.7788145389939891,0.0825369661683956,0,0,0,1.0,0.0,0.0,0.0,0.0,0.1571550583851332
-0.6156229088327345,-0.7826062478620239,2.0,0,2.0,1.4136677592137703,1.3014837777785322,0,0,0,1.0,0.0,1.0,1.0,1.0,1.6845374082560989
-0.6156229088327345,-0.7826062478620239,1.0,1,2.0,1.1517474415821118,1.196820952508746,0,0,0,1.0,0.0,0.0,1.0,0.0,0.6662825083421218
1.489405442621907,-1.62950445073407,0.0,0,2.0,-1.6808080464476751,-0.932550631798908,0,0,0,2.0,0.0,0.0,0.0,0.0,-1.3702272914858324
-1.1418799966963948,-0.2180074459473263,1.0,1,0.0,0.0294795905378545,0.8004928414346956,0,1,1,0.0,1.0,0.0,1.0,0.0,0.6662825083421218
-0.6156229088327345,0.62889075692472,1.0,1,2.0,1.0858337192642114,0.7760654163061702,0,1,0,1.0,1.0,0.0,1.0,1.0,1.1754099582991104
0.9631483547582466,-0.2180074459473263,0.0,0,3.0,-1.6599931867683384,-0.8660385042017624,0,0,0,2.0,0.0,0.0,0.0,0.0,-1.3702272914858324
-0.0893658209690741,1.4757889597967662,1.0,1,0.0,-1.6599931867683384,-0.710027767496078,0,1,1,2.0,0.0,0.0,0.0,0.0,-1.3702272914858324
0.9631483547582466,0.3465913559673712,0.0,1,3.0,-0.5984353431221473,-0.8722368489675211,0,0,0,0.0,0.0,0.0,0.0,0.0,-0.861099841528844
0.4368912668945862,1.1934895588394174,0.0,1,2.0,1.1031794356636588,-0.2247499782152533,0,0,0,1.0,1.0,0.0,0.0,0.0,0.6662825083421218
-1.6681370845600552,-1.3472050497767214,2.0,1,2.0,-0.6487379206805451,0.6966305403966494,0,1,0,0.0,1.0,1.0,1.0,0.0,0.6662825083421218
-1.6681370845600552,-1.0649056488193729,0.0,1,1.0,1.215926592260068,2.2086149650654616,0,0,0,1.0,1.0,1.0,1.0,0.0,1.1754099582991104
-0.6156229088327345,0.9111901578820688,2.0,0,3.0,-1.6565240434884487,-0.5732753565939689,0,0,0,2.0,0.0,0.0,0.0,0.0,-1.3702272914858324
-0.0893658209690741,0.3465913559673712,0.0,0,2.0,1.066753431224819,0.3680953956905286,1,0,0,1.0,0.0,0.0,0.0,1.0,0.6662825083421218
0.9631483547582466,0.9111901578820688,0.0,1,2.0,0.4475113557645407,-0.9044865394461922,0,0,0,1.0,0.0,0.0,0.0,0.0,-0.3519723915718554
0.4368912668945862,-1.0649056488193729,0.0,1,2.0,1.021654568586255,0.0281013184100714,0,0,0,1.0,0.0,0.0,0.0,0.0,0.1571550583851332
-0.0893658209690741,0.62889075692472,0.0,1,1.0,0.2809924783298442,0.0719014299467062,0,0,0,1.0,0.0,0.0,0.0,0.0,-0.861099841528844
0.9631483547582466,0.62889075692472,0.0,0,0.0,-1.6391783270890012,-0.8986541486149431,0,0,0,2.0,0.0,0.0,0.0,0.0,-1.3702272914858324
0.9631483547582466,0.0642919550100224,0.0,0,2.0,0.5498510825212815,-0.8283452489472589,0,0,0,1.0,0.0,1.0,0.0,0.0,0.1571550583851332
0.9631483547582466,-1.3472050497767214,0.0,1,2.0,0.5793388004003421,-0.4760688427398186,0,0,0,1.0,0.0,1.0,0.0,0.0,0.1571550583851332
-1.1418799966963948,0.9111901578820688,1.0,0,0.0,-0.8204605130350762,0.0997368010903534,0,1,1,0.0,1.0,0.0,1.0,0.0,0.1571550583851332
-1.6681370845600552,-0.7826062478620239,2.0,0,0.0,0.1751836082932142,1.4672380379905383,0,1,0,0.0,0.0,1.0,1.0,1.0,1.1754099582991104
0.9631483547582466,-0.2180074459473263,0.0,0,1.0,-0.5967007714822025,-0.8722368489675211,0,0,0,0.0,0.0,1.0,0.0,0.0,-0.3519723915718554
-0.0893658209690741,-0.7826062478620239,0.0,0,2.0,-1.4986780242534758,-0.5845513122010502,0,1,0,2.0,0.0,0.0,0.0,0.0,-1.3702272914858324
0.9631483547582466,1.1934895588394174,0.0,1,2.0,-1.3009368572997737,-0.905470040645187,1,0,0,0.0,0.0,0.0,1.0,0.0,-0.861099841528844
-1.6681370845600552,1.4757889597967662,1.0,1,2.0,1.321735462296698,2.0537478344051205,0,1,1,1.0,1.0,1.0,0.0,0.0,1.1754099582991104
-0.6156229088327345,-0.5003068469046751,0.0,1,1.0,-0.6123119162417053,0.0747833171809705,0,1,0,0.0,0.0,0.0,1.0,0.0,-0.3519723915718554
0.4368912668945862,1.4757889597967662,0.0,1,2.0,-0.4475276104469535,-0.5883252121506819,0,0,0,0.0,0.0,0.0,1.0,1.0,0.6662825083421218
0.9631483547582466,-1.62950445073407,0.0,1,2.0,-1.326955431898945,-0.8081491661865025,1,0,0,0.0,0.0,0.0,0.0,1.0,-0.861099841528844
-1.6681370845600552,-1.3472050497767214,2.0,0,0.0,0.0607018800568603,1.303793861990125,0,0,0,0.0,1.0,1.0,1.0,1.0,1.1754099582991104
-0.0893658209690741,-1.0649056488193729,0.0,1,1.0,0.0728438815364734,0.1637787396295582,0,0,0,1.0,0.0,0.0,0.0,0.0,-0.861099841528844
-0.6156229088327345,-0.7826062478620239,2.0,0,3.0,-1.6825426180876202,-0.4987122424376089,0,1,1,2.0,0.0,0.0,0.0,0.0,-1.3702272914858324
-0.0893658209690741,-1.3472050497767214,0.0,0,2.0,0.3607827737673029,0.2315717059974881,0,1,1,1.0,0.0,0.0,0.0,0.0,-0.3519723915718554
0.9631483547582466,-0.5003068469046751,0.0,1,1.0,0.2532393320907282,-0.6514980100954262,0,0,0,1.0,0.0,0.0,0.0,0.0,-0.861099841528844
0.9631483547582466,0.0642919550100224,0.0,0,3.0,-1.6495857569286696,-0.9059960994260448,0,0,0,2.0,0.0,0.0,0.0,0.0,-1.3702272914858324
-0.6156229088327345,0.62889075692472,0.0,0,0.0,-0.9609608158706012,-0.2787053114345334,0,1,1,0.0,1.0,1.0,1.0,0.0,0.1571550583851332
-1.6681370845600552,0.0642919550100224,2.0,0,1.0,-1.4934743093336416,-0.2170878177114556,0,1,0,2.0,0.0,0.0,0.0,0.0,-1.3702272914858324
-1.1418799966963948,0.0642919550100224,2.0,1,0.0,0.9834939925074706,1.3413041402773735,0,1,1,1.0,0.0,0.0,1.0,1.0,0.6662825083421218
0.9631483547582466,0.62889075692472,0.0,1,2.0,0.9123765552697356,-0.8648262817936988,0,1,0,1.0,0.0,0.0,0.0,1.0,0.6662825083421218
-0.0893658209690741,0.9111901578820688,0.0,0,0.0,0.3000727663692364,0.0033536835888502,0,1,0,1.0,0.0,0.0,0.0,1.0,-0.3519723915718554
0.4368912668945862,-0.7826062478620239,0.0,1,2.0,-0.9019853801124798,-0.5571505113546333,1,0,0,0.0,1.0,0.0,0.0,0.0,-0.3519723915718554
0.9631483547582466,-1.62950445073407,0.0,1,2.0,0.0763130248163627,-0.6396959957074869,0,1,0,1.0,0.0,0.0,0.0,0.0,-0.861099841528844
-0.6156229088327345,-1.62950445073407,1.0,1,1.0,-1.11360312018574,-0.1262854977112258,0,1,1,0.0,1.0,0.0,0.0,1.0,-0.3519723915718554
1.489405442621907,-1.62950445073407,1.0,0,1.0,-1.6669314733281173,-0.9323676548316532,0,1,1,2.0,0.0,0.0,0.0,0.0,-1.3702272914858324
0.9631483547582466,0.9111901578820688,0.0,1,2.0,0.0849858830160865,-0.8778405185897016,1,0,0,1.0,0.0,0.0,0.0,0.0,-0.861099841528844
-1.6681370845600552,-1.3472050497767214,2.0,0,1.0,1.533353202369958,2.7025155439281727,0,1,0,1.0,1.0,1.0,1.0,1.0,2.193664858213088
0.9631483547582466,0.0642919550100224,0.0,1,0.0,-1.4570483048948015,-0.879693160383157,0,1,1,2.0,0.0,0.0,0.0,0.0,-1.3702272914858324
0.9631483547582466,0.62889075692472,0.0,1,2.0,0.2254861858516122,-0.8364419797482869,0,0,0,1.0,0.0,0.0,0.0,0.0,-0.861099841528844
0.9631483547582466,0.9111901578820688,0.0,1,2.0,-0.4336510373273954,-0.9161055768668764,0,0,0,0.0,0.0,0.0,0.0,0.0,-0.3519723915718554
-0.0893658209690741,-1.0649056488193729,0.0,0,1.0,0.63311052123863,0.3145517606475719,0,1,1,1.0,0.0,0.0,0.0,0.0,-0.3519723915718554
0.9631483547582466,-0.7826062478620239,0.0,1,2.0,0.234159044051336,-0.7030746427403929,0,0,0,0.0,0.0,0.0,0.0,1.0,0.6662825083421218
0.9631483547582466,0.3465913559673712,2.0,1,3.0,-0.1561195749362344,-0.7818919713854285,0,0,0,0.0,1.0,1.0,1.0,1.0,1.6845374082560989
0.9631483547582466,1.4757889597967662,0.0,0,2.0,0.0867204546560317,-0.9092439405948188,0,0,0,1.0,0.0,0.0,0.0,0.0,-0.861099841528844
0.4368912668945862,0.62889075692472,1.0,0,3.0,-1.677338903167786,-0.8129751836978498,0,0,0,2.0,0.0,0.0,0.0,0.0,-1.3702272914858324
0.9631483547582466,-0.2180074459473263,0.0,1,2.0,0.3850667767265296,-0.702228374266839,0,0,0,1.0,0.0,0.0,0.0,0.0,-0.3519723915718554
-1.6681370845600552,1.4757889597967662,1.0,1,0.0,0.0988624561356448,1.008834990775273,0,1,1,0.0,1.0,0.0,1.0,1.0,1.1754099582991104
0.9631483547582466,0.62889075692472,0.0,0,2.0,0.2584430470105622,-0.7867866052594964,0,0,0,1.0,0.0,0.0,0.0,0.0,-0.861099841528844
0.9631483547582466,-0.7826062478620239,0.0,1,2.0,0.2289553291315015,-0.6624537560098115,0,1,0,1.0,1.0,0.0,0.0,0.0,-0.3519723915718554
-1.6681370845600552,-0.5003068469046751,2.0,0,3.0,0.789221968833658,1.950548824873373,0,0,0,0.0,1.0,1.0,1.0,1.0,2.193664858213088
-0.6156229088327345,1.4757889597967662,0.0,1,2.0,1.0840991476242667,0.7124809201851026,0,0,0,1.0,0.0,1.0,0.0,0.0,0.6662825083421218
-1.1418799966963948,-0.5003068469046751,0.0,1,2.0,0.9210494134694596,1.4027615291541036,0,0,0,1.0,0.0,1.0,0.0,1.0,0.6662825083421218
0.4368912668945862,0.3465913559673712,0.0,1,2.0,1.1135868655033274,-0.239388135595643,0,1,0,1.0,0.0,1.0,0.0,0.0,0.6662825083421218
0.9631483547582466,1.4757889597967662,0.0,1,1.0,-0.61404648788165,-0.8914723026501894,0,0,0,0.0,0.0,0.0,0.0,1.0,-0.3519723915718554
0.4368912668945862,-1.3472050497767214,0.0,1,2.0,0.6452525227182431,-0.1140717851469632,0,1,0,1.0,0.0,0.0,0.0,0.0,-0.3519723915718554
-1.6681370845600552,1.4757889597967662,2.0,1,1.0,-1.689480904647399,-0.4274427136918366,0,0,0,2.0,0.0,0.0,0.0,0.0,-1.3702272914858324
0.4368912668945862,1.1934895588394174,0.0,0,2.0,1.1742968729013938,-0.177793513993472,0,1,0,1.0,1.0,0.0,1.0,0.0,1.1754099582991104
0.9631483547582466,0.62889075692472,0.0,1,3.0,-0.9626953875105462,-0.8816372906602401,0,0,0,0.0,0.0,0.0,1.0,0.0,-0.3519723915718554
0.9631483547582466,0.62889075692472,0.0,1,1.0,0.2150787560119433,-0.8371510154963996,0,1,0,1.0,0.0,0.0,0.0,0.0,-0.861099841528844
0.9631483547582466,-0.7826062478620239,0.0,0,0.0,-1.661727758408283,-0.8785038100960004,0,0,0,2.0,0.0,0.0,0.0,0.0,-1.3702272914858324
-1.1418799966963948,0.62889075692472,2.0,0,3.0,-1.5021471675333653,-0.3563790340342261,0,0,0,2.0,0.0,0.0,0.0,0.0,-1.3702272914858324
-1.6681370845600552,-0.7826062478620239,2.0,0,0.0,-1.4830668794939732,-0.0536207695901352,0,1,0,2.0,0.0,0.0,0.0,0.0,-1.3702272914858324
-1.1418799966963948,0.62889075692472,1.0,1,0.0,1.5229457725302895,1.7161782019407903,0,1,0,1.0,0.0,1.0,1.0,1.0,1.6845374082560989
-0.6156229088327345,-1.62950445073407,1.0,1,3.0,0.4908756467631596,0.902022186140242,0,1,1,1.0,0.0,0.0,0.0,0.0,-0.3519723915718554
-0.6156229088327345,0.3465913559673712,0.0,1,2.0,-0.4197744642078375,0.0234582778659791,1,0,0,0.0,1.0,1.0,0.0,0.0,0.6662825083421218
-1.1418799966963948,-1.0649056488193729,0.0,1,2.0,-0.7840345085962364,0.2713234521336086,1,1,0,0.0,0.0,1.0,1.0,0.0,0.1571550583851332
-1.6681370845600552,-1.3472050497767214,2.0,1,1.0,-0.0971441391781128,1.2333706017179067,0,1,1,0.0,1.0,1.0,1.0,1.0,1.6845374082560989
-1.6681370845600552,0.0642919550100224,1.0,1,0.0,-1.632240040529222,-0.3342388209963867,0,1,0,2.0,0.0,0.0,0.0,0.0,-1.3702272914858324
0.9631483547582466,0.0642919550100224,0.0,1,3.0,-0.4076324627282241,-0.8645289442219096,0,1,1,0.0,0.0,1.0,1.0,0.0,0.1571550583851332
-1.1418799966963948,-0.2180074459473263,0.0,1,0.0,0.6140302331992372,1.3013008008112774,0,1,0,1.0,0.0,0.0,0.0,0.0,-0.3519723915718554
0.4368912668945862,0.0642919550100224,0.0,1,3.0,0.2775233350499549,-0.3121900964421748,0,0,1,0.0,1.0,1.0,0.0,1.0,1.1754099582991104
-1.1418799966963948,-0.2180074459473263,2.0,0,3.0,-1.6599931867683384,-0.442789906820339,0,1,1,2.0,0.0,0.0,0.0,0.0,-1.3702272914858324
0.9631483547582466,1.4757889597967662,0.0,1,3.0,-0.7701579354766781,-0.920542768322807,0,0,0,0.0,0.0,0.0,0.0,0.0,-0.861099841528844
0.9631483547582466,0.0642919550100224,0.0,0,2.0,-0.2255024405340247,-0.7406764095112688,0,0,0,0.0,1.0,1.0,1.0,0.0,0.6662825083421218
-1.1418799966963948,1.1934895588394174,1.0,1,2.0,-0.4076324627282241,0.3846548112270943,0,1,1,0.0,0.0,0.0,1.0,1.0,0.6662825083421218
-1.6681370845600552,-0.2180074459473263,1.0,0,1.0,1.4917234830112844,2.458287036884734,1,0,0,1.0,0.0,1.0,1.0,1.0,1.6845374082560989
0.9631483547582466,0.0642919550100224,0.0,1,2.0,0.9262531283892934,-0.8135698588414281,1,1,0,1.0,0.0,0.0,0.0,0.0,0.1571550583851332
0.4368912668945862,0.3465913559673712,2.0,0,3.0,-1.6582586151283931,-0.7719654709118519,0,1,0,2.0,0.0,0.0,0.0,0.0,-1.3702272914858324
-1.1418799966963948,1.1934895588394174,0.0,1,2.0,1.0702225745047085,1.132458804276845,0,1,0,1.0,1.0,1.0,1.0,0.0,1.1754099582991104
-0.0893658209690741,0.9111901578820688,1.0,1,2.0,-0.586293341642534,-0.3093539534497243,1,1,1,0.0,0.0,0.0,0.0,0.0,-0.861099841528844
-0.0893658209690741,0.62889075692472,0.0,1,2.0,0.7493268211149284,0.0631642797602861,1,0,0,1.0,0.0,1.0,0.0,0.0,0.1571550583851332
-0.0893658209690741,1.4757889597967662,0.0,1,2.0,1.0615497163049843,0.2087910735742565,1,1,0,1.0,0.0,1.0,1.0,0.0,1.1754099582991104
0.4368912668945862,0.9111901578820688,0.0,1,2.0,1.0476731431854265,-0.4564674351226405,1,1,0,1.0,0.0,1.0,1.0,0.0,0.6662825083421218
0.9631483547582466,-1.62950445073407,0.0,1,1.0,0.5793388004003421,-0.5455086018130422,1,0,0,1.0,0.0,0.0,1.0,0.0,0.1571550583851332
-0.6156229088327345,0.3465913559673712,2.0,0,2.0,-1.5593880316515425,-0.4774869142360438,0,1,1,2.0,0.0,0.0,0.0,0.0,-1.3702272914858324
0.9631483547582466,0.9111901578820688,0.0,1,2.0,-1.3182825736992212,-0.8873553208869548,1,1,0,0.0,0.0,0.0,1.0,0.0,-0.861099841528844
0.9631483547582466,1.1934895588394174,0.0,1,2.0,-0.7701579354766781,-0.920542768322807,0,1,1,0.0,0.0,0.0,0.0,0.0,-0.861099841528844
0.9631483547582466,-1.62950445073407,0.0,1,2.0,0.931456843309128,-0.5343698789314019,0,0,0,1.0,0.0,0.0,0.0,0.0,0.1571550583851332
-0.0893658209690741,-0.7826062478620239,2.0,0,3.0,0.5845425153201766,0.3574369873479323,0,1,1,0.0,1.0,1.0,1.0,1.0,2.193664858213088
0.9631483547582466,0.62889075692472,0.0,1,3.0,-0.6244539177213186,-0.8819346282320293,0,0,0,0.0,0.0,1.0,0.0,0.0,-0.3519723915718554
0.9631483547582466,1.4757889597967662,0.0,0,0.0,-1.3165480020592764,-0.9277474864084676,0,0,0,0.0,0.0,1.0,0.0,0.0,-0.861099841528844
-0.6156229088327345,0.62889075692472,1.0,1,1.0,-0.4024287478083899,0.1399459896446113,0,0,0,0.0,0.0,1.0,0.0,0.0,-0.3519723915718554
-1.6681370845600552,0.9111901578820688,2.0,1,1.0,0.6417833794383537,1.5479766247917504,0,0,0,0.0,1.0,1.0,1.0,1.0,2.193664858213088
0.9631483547582466,0.62889075692472,0.0,0,3.0,-1.481332307854028,-0.9299203378946193,0,0,0,0.0,0.0,0.0,0.0,0.0,-1.3702272914858324
0.4368912668945862,1.1934895588394174,1.0,0,3.0,-1.6738697598878964,-0.7892796664383439,0,1,1,2.0,0.0,0.0,0.0,0.0,-1.3702272914858324
0.4368912668945862,1.4757889597967662,0.0,1,3.0,-1.276652854340547,-0.7494593039395027,0,0,0,0.0,0.0,1.0,0.0,0.0,-0.861099841528844
0.9631483547582466,0.62889075692472,0.0,1,2.0,-0.7736270787565677,-0.9205885125646208,0,0,0,0.0,0.0,0.0,0.0,0.0,-0.861099841528844
-1.1418799966963948,-1.62950445073407,2.0,1,0.0,1.150012869942167,1.7900551524699446,0,1,0,1.0,0.0,1.0,0.0,0.0,0.6662825083421218
-1.1418799966963948,0.9111901578820688,1.0,1,3.0,0.2601776186505073,0.8267729083566764,0,1,0,0.0,1.0,1.0,0.0,0.0,1.1754099582991104
-0.6156229088327345,1.4757889597967662,0.0,1,2.0,1.1222597237030512,0.6722259873890309,0,0,0,1.0,0.0,0.0,1.0,0.0,0.6662825083421218
-1.6681370845600552,-0.2180074459473263,2.0,1,2.0,1.0979757207438243,2.108778157307023,0,1,1,1.0,1.0,0.0,0.0,1.0,1.1754099582991104
-0.6156229088327345,-0.5003068469046751,1.0,0,0.0,0.3781284901667505,0.7042012124168198,0,1,0,0.0,1.0,1.0,1.0,0.0,1.6845374082560989
0.9631483547582466,-0.5003068469046751,0.0,1,0.0,0.4162890662455354,-0.7841105671133939,1,1,0,1.0,0.0,0.0,1.0,0.0,-0.3519723915718554
-1.1418799966963948,1.4757889597967662,2.0,0,1.0,-1.6825426180876202,-0.4730497227801132,0,0,0,2.0,0.0,0.0,0.0,0.0,-1.3702272914858324
0.9631483547582466,1.1934895588394174,0.0,1,2.0,0.7805491106339343,-0.8645060721010028,0,0,0,1.0,0.0,0.0,0.0,0.0,0.1571550583851332
0.9631483547582466,0.9111901578820688,0.0,0,3.0,-0.7927073667959601,-0.9208401058945962,0,0,0,0.0,0.0,0.0,0.0,0.0,-0.861099841528844
0.9631483547582466,0.9111901578820688,0.0,1,2.0,0.2445664738910044,-0.9071625775922946,0,0,0,1.0,0.0,0.0,0.0,0.0,-0.861099841528844
0.4368912668945862,-1.0649056488193729,0.0,1,1.0,0.9297222716691832,-0.0654914003407949,0,1,0,1.0,0.0,0.0,1.0,0.0,0.6662825083421218
0.4368912668945862,-0.7826062478620239,0.0,1,0.0,1.3165317473768636,0.0830630249492534,0,1,1,1.0,0.0,1.0,1.0,0.0,1.1754099582991104
-0.0893658209690741,0.3465913559673712,0.0,0,2.0,0.5914808018799558,0.0510877999214646,1,1,0,1.0,0.0,1.0,0.0,0.0,0.1571550583851332
0.9631483547582466,0.62889075692472,0.0,0,3.0,0.0520290218571365,-0.909701383012956,0,0,0,1.0,0.0,0.0,0.0,0.0,-0.861099841528844
0.4368912668945862,1.4757889597967662,0.0,1,2.0,1.108383150583493,-0.4881681946995469,0,1,0,1.0,0.0,1.0,0.0,1.0,1.1754099582991104
0.9631483547582466,0.0642919550100224,0.0,0,2.0,0.3451716290078,-0.8045811153250325,0,0,0,1.0,0.0,0.0,0.0,0.0,-0.3519723915718554
0.9631483547582466,-0.2180074459473263,0.0,1,2.0,0.978290277587636,-0.7340434944482798,0,0,0,1.0,0.0,0.0,0.0,1.0,0.6662825083421218
-0.6156229088327345,-0.5003068469046751,1.0,1,2.0,1.2037845907804543,0.9859171256266006,0,1,1,1.0,0.0,0.0,1.0,1.0,1.1754099582991104
-0.6156229088327345,1.1934895588394174,2.0,1,0.0,-0.6279230610012082,-0.0397602643205787,0,0,0,0.0,0.0,0.0,0.0,1.0,-0.3519723915718554
-1.6681370845600552,0.3465913559673712,2.0,0,0.0,-1.6842771897275648,-0.3738533344070663,0,0,0,2.0,0.0,0.0,0.0,0.0,-1.3702272914858324
-0.0893658209690741,-1.3472050497767214,0.0,0,2.0,0.6036228033595689,0.2758521320731667,1,1,0,1.0,0.0,0.0,0.0,0.0,-0.3519723915718554
0.9631483547582466,0.3465913559673712,2.0,1,1.0,-1.647851185288725,-0.8922270826401157,0,1,1,2.0,0.0,0.0,0.0,0.0,-1.3702272914858324
-1.6681370845600552,1.1934895588394174,2.0,1,3.0,-1.640912898728946,-0.3473674183969237,0,0,0,2.0,0.0,0.0,0.0,0.0,-1.3702272914858324
-1.6681370845600552,1.1934895588394174,2.0,0,1.0,-1.500412595893421,-0.2212047994746901,0,1,1,2.0,0.0,0.0,0.0,0.0,-1.3702272914858324
-1.6681370845600552,0.62889075692472,2.0,0,1.0,-1.4969434526135312,-0.1568883954846031,0,1,1,2.0,0.0,0.0,0.0,0.0,-1.3702272914858324
-1.6681370845600552,-1.3472050497767214,2.0,1,0.0,1.0511422864653162,2.267922374576947,0,1,0,1.0,1.0,0.0,1.0,1.0,1.1754099582991104
-1.1418799966963948,-1.3472050497767214,2.0,1,1.0,-0.6400650624808213,0.3885888160230742,1,1,0,0.0,0.0,1.0,0.0,0.0,0.1571550583851332
-1.6681370845600552,-1.3472050497767214,2.0,1,1.0,1.7154832245641576,2.917650713178087,1,0,0,1.0,1.0,1.0,1.0,1.0,2.193664858213088
0.9631483547582466,1.1934895588394174,0.0,1,2.0,-1.5420423152520948,-0.9307208621263592,0,1,0,0.0,0.0,0.0,0.0,0.0,-1.3702272914858324
0.9631483547582466,0.9111901578820688,0.0,1,3.0,0.0953933128557554,-0.9091295799902844,0,1,1,1.0,0.0,0.0,0.0,0.0,-0.861099841528844
0.4368912668945862,1.4757889597967662,1.0,0,3.0,0.9574754179082992,-0.4313309742460026,0,0,0,1.0,0.0,0.0,1.0,0.0,0.6662825083421218
0.9631483547582466,0.0642919550100224,1.0,1,3.0,0.0728438815364734,-0.7825323907708206,0,0,0,0.0,0.0,0.0,1.0,0.0,0.6662825083421218
0.9631483547582466,1.4757889597967662,0.0,1,2.0,0.1075353143353685,-0.9089694751439364,1,0,1,1.0,0.0,0.0,0.0,0.0,-0.861099841528844
-1.6681370845600552,-1.3472050497767214,2.0,1,2.0,0.223751614211667,1.4543610339199768,0,1,1,0.0,1.0,1.0,1.0,1.0,1.6845374082560989
-1.6681370845600552,-0.7826062478620239,2.0,0,0.0,-0.2914161628519254,0.954559447863297,0,1,1,0.0,1.0,0.0,1.0,1.0,1.1754099582991104
-1.6681370845600552,-1.3472050497767214,2.0,0,0.0,-1.6634623300482276,-0.3363201839989109,0,1,1,2.0,0.0,0.0,0.0,0.0,-1.3702272914858324
-1.6681370845600552,1.1934895588394174,2.0,1,0.0,0.1387576038543743,1.1075281924883689,0,0,0,0.0,1.0,0.0,1.0,1.0,1.1754099582991104
0.4368912668945862,-1.62950445073407,1.0,1,0.0,-0.8378062294345237,-0.5281029178029226,0,0,0,0.0,0.0,1.0,1.0,0.0,0.1571550583851332
-0.6156229088327345,-1.62950445073407,1.0,1,2.0,0.8932962672303435,1.1262604595110863,0,1,1,1.0,0.0,1.0,1.0,0.0,0.6662825083421218
-0.0893658209690741,-0.5003068469046751,1.0,1,2.0,1.2332723086595156,0.4612764162650716,0,0,0,1.0,0.0,1.0,1.0,0.0,1.1754099582991104
0.9631483547582466,0.62889075692472,0.0,0,3.0,-0.5897624849224236,-0.9181640677484936,0,0,0,0.0,0.0,0.0,1.0,0.0,-0.3519723915718554
0.9631483547582466,0.62889075692472,0.0,1,2.0,0.7857528255537682,-0.9000264758693547,0,0,0,1.0,0.0,0.0,0.0,0.0,0.1571550583851332
-1.1418799966963948,0.0642919550100224,1.0,1,0.0,0.2723196201301204,1.0092009447097827,0,1,1,0.0,1.0,1.0,0.0,1.0,1.1754099582991104
-1.6681370845600552,0.0642919550100224,1.0,1,2.0,1.3737726114950408,2.202896934838747,0,1,0,1.0,0.0,1.0,1.0,0.0,1.1754099582991104
0.9631483547582466,0.0642919550100224,0.0,1,1.0,0.6070919466394586,-0.7466231609470522,0,0,0,1.0,0.0,0.0,0.0,1.0,0.1571550583851332
0.4368912668945862,1.1934895588394174,0.0,1,2.0,-1.4952088809735864,-0.7931679269925099,0,0,1,2.0,0.0,0.0,0.0,0.0,-1.3702272914858324
-0.0893658209690741,-1.3472050497767214,0.0,1,2.0,0.95400627462841,0.6477985622605057,0,1,0,1.0,0.0,0.0,0.0,0.0,0.1571550583851332
-0.0893658209690741,0.62889075692472,0.0,1,2.0,0.7493268211149284,0.0631642797602861,1,0,0,1.0,0.0,1.0,0.0,0.0,0.1571550583851332
-0.0893658209690741,1.1934895588394174,0.0,1,2.0,0.5567893690810606,0.0897188121331492,0,0,0,1.0,0.0,0.0,0.0,0.0,-0.3519723915718554
0.9631483547582466,0.62889075692472,0.0,0,3.0,-1.1396216947849114,-0.925414530075968,0,0,0,0.0,0.0,0.0,0.0,0.0,-0.861099841528844
-1.1418799966963948,-0.7826062478620239,1.0,0,1.0,-0.6105773446017607,0.3753229858970961,0,1,0,0.0,0.0,0.0,1.0,0.0,-0.3519723915718554
0.9631483547582466,0.9111901578820688,0.0,0,3.0,0.4405730692047616,-0.8701783580859038,0,0,0,1.0,0.0,0.0,1.0,0.0,-0.3519723915718554
0.9631483547582466,-1.0649056488193729,0.0,1,2.0,0.6018882317196241,-0.5501973865989482,0,1,0,1.0,0.0,0.0,0.0,0.0,-0.3519723915718554
-0.0893658209690741,-1.3472050497767214,1.0,0,1.0,-0.478749899965959,-0.029833763847002,1,1,0,0.0,0.0,0.0,1.0,1.0,0.1571550583851332
-1.6681370845600552,-1.3472050497767214,2.0,1,0.0,-0.1665270047759028,1.2019214354709755,1,1,0,0.0,1.0,1.0,1.0,1.0,1.6845374082560989
0.9631483547582466,-0.2180074459473263,0.0,1,2.0,0.931456843309128,-0.593997498135583,0,1,1,1.0,0.0,0.0,1.0,0.0,0.6662825083421218
-1.6681370845600552,-1.0649056488193729,1.0,0,2.0,-1.632240040529222,-0.2371009235049571,0,1,0,2.0,0.0,0.0,0.0,0.0,-1.3702272914858324
-1.6681370845600552,-0.2180074459473263,2.0,0,1.0,1.4691740516920024,2.3884355796351864,0,0,0,1.0,1.0,1.0,0.0,1.0,1.6845374082560989
-1.6681370845600552,0.0642919550100224,0.0,1,1.0,1.0962411491038797,2.1792929060628685,1,1,1,1.0,0.0,0.0,1.0,0.0,0.6662825083421218
-1.6681370845600552,-1.0649056488193729,1.0,0,0.0,1.3130626040969744,2.435780869912384,1,0,0,1.0,0.0,1.0,0.0,1.0,1.1754099582991104
0.9631483547582466,-1.0649056488193729,0.0,0,1.0,1.0546114297452056,-0.5189998136819927,0,0,0,1.0,0.0,0.0,1.0,0.0,0.6662825083421218
0.9631483547582466,1.1934895588394174,0.0,1,1.0,0.1855910381328826,-0.8815000579347989,0,0,0,1.0,0.0,0.0,0.0,0.0,-0.861099841528844
1.489405442621907,-1.62950445073407,0.0,0,3.0,-1.6235671823294984,-0.9317958518089816,0,0,0,2.0,0.0,0.0,0.0,0.0,-1.3702272914858324
0.9631483547582466,0.9111901578820688,0.0,0,3.0,-1.661727758408283,-0.9322990384689324,0,0,0,2.0,0.0,0.0,0.0,0.0,-1.3702272914858324
-0.6156229088327345,-0.5003068469046751,0.0,1,2.0,0.0745784531764181,0.4594466465925229,1,0,0,0.0,1.0,0.0,0.0,1.0,0.6662825083421218
0.4368912668945862,0.9111901578820688,0.0,1,2.0,1.1517474415821118,-0.2534316178324544,0,1,0,1.0,0.0,0.0,1.0,0.0,0.6662825083421218
0.4368912668945862,-0.2180074459473263,0.0,0,3.0,0.9453334164286862,-0.127223254668407,0,1,1,1.0,0.0,0.0,1.0,0.0,0.6662825083421218
0.9631483547582466,0.9111901578820688,0.0,1,2.0,0.7475922494749838,-0.8314558573905917,0,0,0,1.0,0.0,0.0,0.0,0.0,0.1571550583851332
0.9631483547582466,0.3465913559673712,0.0,0,1.0,0.2428319022510597,-0.8741352350027903,0,0,0,1.0,0.0,0.0,0.0,0.0,-0.861099841528844
0.9631483547582466,1.1934895588394174,0.0,1,2.0,1.1638894430617253,-0.8950403535116593,0,0,0,1.0,0.0,0.0,1.0,0.0,0.6662825083421218
-1.6681370845600552,1.1934895588394174,2.0,0,2.0,-1.6842771897275648,-0.3633092866690044,0,1,1,2.0,0.0,0.0,0.0,0.0,-1.3702272914858324
0.4368912668945862,-1.0649056488193729,1.0,0,0.0,-0.9453496711110986,-0.5080669398885141,0,0,1,0.0,1.0,1.0,0.0,1.0,0.1571550583851332
-1.1418799966963948,0.3465913559673712,0.0,1,0.0,1.2558217399787972,1.6411805174872005,0,1,1,1.0,1.0,1.0,0.0,0.0,1.1754099582991104
-0.0893658209690741,-1.0649056488193729,0.0,0,2.0,-0.6487379206805451,-0.163040996008548,0,0,0,0.0,0.0,0.0,1.0,0.0,0.1571550583851332
-1.6681370845600552,-1.3472050497767214,2.0,0,1.0,1.6356929291266988,2.9033556376113,0,0,0,1.0,1.0,1.0,1.0,1.0,2.193664858213088
0.9631483547582466,0.0642919550100224,0.0,0,0.0,0.0017264442987385,-0.7812058077582228,0,1,0,0.0,0.0,0.0,1.0,1.0,0.6662825083421218
-1.1418799966963948,-0.2180074459473263,2.0,1,1.0,-0.2289715838139142,0.5895203981898294,0,1,1,0.0,1.0,1.0,1.0,0.0,0.6662825083421218
-0.0893658209690741,0.0642919550100224,1.0,1,2.0,-0.6192502028014845,-0.2445801070414999,0,0,0,0.0,0.0,0.0,1.0,0.0,0.1571550583851332
-1.6681370845600552,-1.3472050497767214,2.0,1,0.0,1.4049949010140466,2.406207217579816,1,1,0,1.0,0.0,1.0,1.0,1.0,1.6845374082560989
-0.6156229088327345,-1.0649056488193729,1.0,0,2.0,-1.4223568720959066,-0.3692560381047877,0,1,0,2.0,0.0,0.0,0.0,0.0,-1.3702272914858324
0.9631483547582466,1.1934895588394174,0.0,1,2.0,0.0832513113761418,-0.9092896848366324,0,0,0,1.0,0.0,0.0,0.0,0.0,-0.861099841528844
0.9631483547582466,0.9111901578820688,0.0,1,3.0,0.2324244724113908,-0.9073226824386428,0,0,0,1.0,0.0,0.0,1.0,0.0,-0.3519723915718554
0.9631483547582466,0.62889075692472,0.0,1,2.0,0.9158456985496248,-0.747286452453351,1,0,0,1.0,0.0,0.0,0.0,0.0,0.1571550583851332
0.4368912668945862,-0.2180074459473263,1.0,0,0.0,1.065018859584874,-0.1615314360286953,0,1,1,1.0,0.0,0.0,1.0,1.0,1.1754099582991104
0.4368912668945862,0.3465913559673712,1.0,0,0.0,-1.6599931867683384,-0.7832185543980263,0,1,1,2.0,0.0,0.0,0.0,0.0,-1.3702272914858324
-0.0893658209690741,-1.0649056488193729,1.0,0,0.0,-1.6599931867683384,-0.5998527610877388,0,1,1,2.0,0.0,0.0,0.0,0.0,-1.3702272914858324
-0.6156229088327345,1.4757889597967662,0.0,0,2.0,-1.675604331527841,-0.6133244403018787,0,1,1,2.0,0.0,0.0,0.0,0.0,-1.3702272914858324
0.4368912668945862,-0.2180074459473263,0.0,1,2.0,1.1118522938633826,-0.0577834955951835,0,0,0,1.0,0.0,1.0,0.0,0.0,0.6662825083421218
0.9631483547582466,0.9111901578820688,0.0,1,2.0,-0.7632196489168992,-0.8500737638087749,0,0,0,0.0,0.0,0.0,0.0,0.0,-0.861099841528844
0.4368912668945862,-1.62950445073407,1.0,1,0.0,-0.2185641539742455,-0.2045081512126832,0,1,1,0.0,1.0,1.0,1.0,0.0,0.6662825083421218
-1.1418799966963948,-0.5003068469046751,1.0,1,2.0,0.789221968833658,1.437161198998019,1,1,0,1.0,0.0,1.0,1.0,0.0,0.6662825083421218
0.9631483547582466,0.9111901578820688,0.0,1,0.0,0.0797821680962525,-0.8884074384486703,1,0,0,1.0,0.0,0.0,0.0,0.0,-0.861099841528844
0.9631483547582466,-0.7826062478620239,0.0,0,3.0,-1.7016229061270125,-0.8667932841916887,0,0,0,2.0,0.0,0.0,0.0,0.0,-1.3702272914858324
-1.6681370845600552,1.4757889597967662,1.0,1,2.0,1.2627600265385763,2.083916161881267,0,1,0,1.0,1.0,0.0,1.0,1.0,1.6845374082560989
0.4368912668945862,1.4757889597967662,0.0,1,2.0,-1.278387425980492,-0.7826010071335412,0,0,0,0.0,0.0,1.0,0.0,0.0,-0.861099841528844
-0.0893658209690741,0.0642919550100224,0.0,1,0.0,0.2532393320907282,-0.0588813573987128,1,1,0,1.0,1.0,0.0,0.0,0.0,-0.3519723915718554
0.9631483547582466,0.62889075692472,0.0,1,2.0,-1.1378871231449663,-0.9099987205847452,0,1,0,0.0,0.0,0.0,0.0,0.0,-0.861099841528844
-0.0893658209690741,0.0642919550100224,0.0,1,2.0,1.115321437143272,0.4519903351768869,0,1,1,1.0,0.0,0.0,1.0,0.0,0.6662825083421218
0.9631483547582466,0.62889075692472,0.0,0,2.0,0.2931344798094573,-0.9065221582069026,0,0,0,1.0,0.0,0.0,1.0,0.0,-0.3519723915718554
0.9631483547582466,-1.62950445073407,0.0,1,2.0,-0.2775395897323674,-0.5808231564932322,1,0,0,0.0,0.0,1.0,0.0,0.0,0.1571550583851332
-1.1418799966963948,1.4757889597967662,0.0,1,2.0,0.981759420867526,1.2168798025440613,1,0,0,1.0,0.0,0.0,0.0,0.0,0.1571550583851332
0.9631483547582466,-1.3472050497767214,0.0,1,0.0,0.4180236378854801,-0.4641524677473451,0,0,0,1.0,0.0,0.0,0.0,0.0,-0.3519723915718554
0.9631483547582466,1.4757889597967662,0.0,1,3.0,-1.64611661364878,-0.9220294561817528,0,0,0,2.0,0.0,0.0,0.0,0.0,-1.3702272914858324
-0.0893658209690741,-0.7826062478620239,0.0,1,0.0,1.299186030977416,0.7458742167091166,0,0,1,1.0,1.0,1.0,1.0,0.0,1.6845374082560989
-1.1418799966963948,1.4757889597967662,1.0,0,0.0,-1.6704006166080068,-0.4890144631731007,0,0,0,2.0,0.0,0.0,0.0,0.0,-1.3702272914858324
0.9631483547582466,-1.0649056488193729,0.0,1,2.0,1.1066485789435485,-0.6334747788208214,0,0,0,1.0,0.0,1.0,0.0,0.0,0.6662825083421218
-0.0893658209690741,0.62889075692472,1.0,1,3.0,-1.668666044968062,-0.679699335173583,0,0,0,2.0,0.0,0.0,0.0,0.0,-1.3702272914858324
0.9631483547582466,0.62889075692472,0.0,1,2.0,0.2358936156912806,-0.8657869108717868,1,0,0,1.0,0.0,1.0,0.0,0.0,-0.3519723915718554
1.489405442621907,-1.62950445073407,0.0,1,2.0,-1.4986780242534758,-0.9301490591036876,0,0,1,0.0,0.0,0.0,0.0,0.0,-1.3702272914858324
-0.0893658209690741,1.1934895588394174,0.0,1,2.0,0.5498510825212815,0.0057323841631634,0,1,1,1.0,0.0,0.0,0.0,0.0,-0.3519723915718554
0.4368912668945862,-1.62950445073407,0.0,1,2.0,0.0416215920174676,-0.2668346806838736,1,1,0,1.0,0.0,0.0,0.0,0.0,-0.861099841528844
0.4368912668945862,0.9111901578820688,1.0,1,0.0,-1.6860117613675096,-0.7766085114559442,0,0,1,2.0,0.0,0.0,0.0,0.0,-1.3702272914858324
0.4368912668945862,-1.62950445073407,0.0,1,0.0,-0.2723358748125332,-0.3759804416514041,1,0,0,0.0,0.0,0.0,1.0,0.0,0.1571550583851332
0.4368912668945862,0.9111901578820688,0.0,1,2.0,0.5689313705606737,-0.342930226940993,0,1,0,1.0,0.0,0.0,1.0,0.0,0.1571550583851332
0.4368912668945862,1.1934895588394174,0.0,1,2.0,0.2445664738910044,-0.4671944598279574,1,0,0,1.0,0.0,0.0,0.0,0.0,-0.861099841528844
0.4368912668945862,0.62889075692472,0.0,1,0.0,-0.1127552839376152,-0.4864985298733462,0,0,0,0.0,1.0,0.0,0.0,0.0,0.1571550583851332
-1.6681370845600552,-0.7826062478620239,2.0,1,3.0,-0.9661645307904356,0.3392765233478864,0,0,0,0.0,0.0,0.0,0.0,1.0,-0.3519723915718554
-0.6156229088327345,0.9111901578820688,0.0,1,1.0,1.463970336772168,1.1029080240651836,0,1,1,1.0,1.0,1.0,0.0,1.0,1.6845374082560989
0.4368912668945862,0.0642919550100224,0.0,1,2.0,1.1604202997818356,-0.2306052411674091,0,0,0,1.0,0.0,0.0,1.0,1.0,1.1754099582991104
0.9631483547582466,0.9111901578820688,0.0,0,3.0,-0.0815329944186099,-0.8329425452495376,0,0,0,0.0,0.0,0.0,0.0,1.0,0.1571550583851332
-0.6156229088327345,-1.3472050497767214,0.0,1,2.0,0.6712710973174144,0.8616528927396361,0,0,0,1.0,0.0,0.0,1.0,1.0,0.1571550583851332
-1.1418799966963948,0.3465913559673712,2.0,0,0.0,0.0711093098965287,0.8297005398327543,0,1,1,0.0,1.0,0.0,1.0,1.0,1.1754099582991104
0.9631483547582466,-0.2180074459473263,0.0,1,2.0,-0.7788307936764018,-0.7530959711636932,0,1,1,0.0,0.0,0.0,0.0,0.0,-0.861099841528844
-1.6681370845600552,0.9111901578820688,2.0,1,0.0,-1.5090854540931444,-0.2330296859835361,1,1,1,2.0,0.0,0.0,0.0,0.0,-1.3702272914858324
-1.6681370845600552,1.1934895588394174,1.0,0,1.0,0.4197582095254247,1.3641533890633255,0,1,0,0.0,1.0,1.0,1.0,1.0,1.6845374082560989
-0.6156229088327345,0.0642919550100224,2.0,1,1.0,-1.4639865914545809,-0.3979148056010818,0,0,0,2.0,0.0,0.0,0.0,0.0,-1.3702272914858324
0.9631483547582466,0.3465913559673712,0.0,0,2.0,-0.4752807566860695,-0.8004412614408911,0,0,0,0.0,1.0,0.0,0.0,1.0,0.1571550583851332
-0.6156229088327345,-0.2180074459473263,1.0,1,2.0,0.1058007426954239,0.5454458212023122,0,1,0,0.0,0.0,1.0,1.0,1.0,1.1754099582991104
-1.6681370845600552,0.0642919550100224,1.0,1,1.0,1.115321437143272,1.9194884846818592,0,0,0,1.0,0.0,0.0,1.0,0.0,0.6662825083421218
0.4368912668945862,-1.62950445073407,0.0,1,2.0,0.0416215920174676,-0.2668346806838736,1,1,0,1.0,0.0,0.0,0.0,0.0,-0.861099841528844
-0.6156229088327345,1.4757889597967662,0.0,1,2.0,0.9921668507071943,0.6303700061294792,1,1,0,1.0,0.0,1.0,0.0,0.0,0.6662825083421218
-0.0893658209690741,1.4757889597967662,1.0,0,1.0,-1.668666044968062,-0.7322594690175448,0,0,0,2.0,0.0,0.0,0.0,0.0,-1.3702272914858324
-0.6156229088327345,-1.0649056488193729,1.0,1,1.0,0.9470679880686308,1.1458618671282643,0,1,0,1.0,0.0,0.0,0.0,0.0,0.1571550583851332
-0.0893658209690741,0.62889075692472,0.0,1,1.0,1.158685728141891,0.3449716814536942,1,1,0,1.0,0.0,0.0,0.0,1.0,0.6662825083421218
-0.0893658209690741,-1.62950445073407,0.0,1,2.0,0.7788145389939891,0.6226849735047748,0,1,0,1.0,0.0,0.0,1.0,1.0,0.6662825083421218
-1.6681370845600552,-0.7826062478620239,2.0,0,1.0,-1.6599931867683384,-0.3192118375605804,0,1,1,2.0,0.0,0.0,0.0,0.0,-1.3702272914858324
-0.6156229088327345,0.3465913559673712,0.0,1,0.0,1.0129817103865313,0.7542682850819337,0,1,0,1.0,0.0,0.0,0.0,0.0,0.1571550583851332
-1.6681370845600552,1.1934895588394174,2.0,0,1.0,1.1031794356636588,1.9543455969439116,0,1,0,1.0,1.0,0.0,1.0,0.0,1.1754099582991104
0.9631483547582466,-0.7826062478620239,0.0,0,2.0,1.1604202997818356,-0.5844140794756091,1,0,0,1.0,0.0,0.0,1.0,0.0,0.6662825083421218
-1.6681370845600552,-0.2180074459473263,2.0,0,0.0,-1.6599931867683384,-0.3070209971172246,0,0,0,2.0,0.0,0.0,0.0,0.0,-1.3702272914858324
0.9631483547582466,0.62889075692472,0.0,1,2.0,0.9748211343077468,-0.8614869521412974,0,0,0,1.0,0.0,0.0,0.0,0.0,0.1571550583851332
-0.0893658209690741,1.4757889597967662,1.0,0,3.0,0.2220170425717224,-0.0888667079076047,0,0,0,0.0,1.0,1.0,1.0,1.0,1.6845374082560989
-1.1418799966963948,0.9111901578820688,1.0,0,2.0,0.810036828512995,1.2260515230277118,0,0,0,1.0,1.0,0.0,1.0,0.0,0.6662825083421218
-1.6681370845600552,1.1934895588394174,0.0,1,2.0,-0.5932316282023131,0.4434132898368149,0,0,0,0.0,0.0,1.0,0.0,0.0,0.1571550583851332
-0.0893658209690741,-1.3472050497767214,1.0,1,2.0,1.243679738499184,0.5960389526482842,0,1,0,1.0,1.0,0.0,1.0,1.0,1.6845374082560989
-1.1418799966963948,-0.2180074459473263,1.0,1,3.0,-0.5516019088436389,0.3782277452522671,0,1,1,0.0,1.0,1.0,0.0,1.0,0.6662825083421218
0.9631483547582466,-1.0649056488193729,1.0,0,1.0,-0.1040824257378915,-0.622496160785529,0,0,0,0.0,0.0,0.0,1.0,1.0,0.6662825083421218
0.4368912668945862,-1.3472050497767214,1.0,0,0.0,-0.4614041835665114,-0.3731900429007674,0,0,0,0.0,0.0,0.0,0.0,1.0,-0.3519723915718554
0.9631483547582466,0.3465913559673712,0.0,0,3.0,-0.7770962220364572,-0.8109853091789531,0,1,1,0.0,0.0,0.0,0.0,0.0,-0.861099841528844
-1.6681370845600552,0.3465913559673712,1.0,1,2.0,1.330408320496422,2.2514087032821952,1,1,0,1.0,0.0,1.0,1.0,0.0,1.1754099582991104
-1.1418799966963948,-1.3472050497767214,0.0,1,1.0,0.3868013483664743,1.191789085909237,0,1,1,0.0,1.0,1.0,0.0,1.0,1.6845374082560989
0.9631483547582466,1.1934895588394174,0.0,1,2.0,0.4266964960852039,-0.8746384216627413,0,0,0,1.0,0.0,0.0,0.0,0.0,-0.3519723915718554
-0.0893658209690741,0.0642919550100224,0.0,1,2.0,0.4700607870838227,0.0292677965763213,1,0,0,1.0,0.0,1.0,0.0,0.0,-0.3519723915718554
-0.6156229088327345,-0.2180074459473263,0.0,0,1.0,0.0329487338177438,0.412101356315325,0,0,0,1.0,0.0,0.0,0.0,0.0,-0.861099841528844
0.4368912668945862,-1.0649056488193729,0.0,0,3.0,-0.9661645307904356,-0.5388070703873324,1,1,1,0.0,1.0,0.0,0.0,0.0,-0.3519723915718554
0.9631483547582466,0.9111901578820688,0.0,1,2.0,0.0554981651370258,-0.9096556387711422,0,0,0,1.0,0.0,0.0,0.0,0.0,-0.861099841528844
-1.6681370845600552,0.9111901578820688,1.0,1,0.0,1.266229169818466,2.133297070919176,0,1,1,1.0,1.0,0.0,0.0,1.0,1.1754099582991104
0.9631483547582466,-1.62950445073407,1.0,0,2.0,-1.6738697598878964,-0.829465982871695,0,0,0,2.0,0.0,0.0,0.0,0.0,-1.3702272914858324
-1.1418799966963948,-0.7826062478620239,0.0,1,2.0,1.071957146144653,1.6283492576584524,1,0,0,1.0,1.0,0.0,0.0,0.0,0.6662825083421218
0.9631483547582466,1.1934895588394174,0.0,0,3.0,-1.5021471675333653,-0.9019477340255307,0,0,0,2.0,0.0,0.0,0.0,0.0,-1.3702272914858324
0.4368912668945862,0.0642919550100224,0.0,1,3.0,0.2272207574915568,-0.4173561083719118,1,0,0,1.0,0.0,0.0,0.0,0.0,-0.861099841528844
0.9631483547582466,-0.2180074459473263,0.0,1,1.0,0.0711093098965287,-0.6840450381458862,1,0,0,1.0,0.0,0.0,0.0,0.0,-0.861099841528844
-1.6681370845600552,0.62889075692472,2.0,0,1.0,0.9245185567493488,1.839230212419691,0,1,1,1.0,1.0,1.0,1.0,1.0,1.1754099582991104
0.9631483547582466,1.4757889597967662,0.0,1,2.0,0.0485598785772467,-0.8710932429221782,1,1,0,1.0,0.0,0.0,0.0,0.0,-0.861099841528844
-1.1418799966963948,0.0642919550100224,1.0,0,1.0,-1.691215476287344,-0.4848746092889593,0,1,1,2.0,0.0,0.0,0.0,0.0,-1.3702272914858324
-0.0893658209690741,0.3465913559673712,0.0,1,2.0,-0.2723358748125332,-0.2021523227592767,0,1,1,0.0,0.0,1.0,0.0,1.0,0.1571550583851332
0.9631483547582466,0.9111901578820688,0.0,0,2.0,-0.7944419384359047,-0.8833069554864408,1,0,0,0.0,0.0,0.0,0.0,0.0,-0.861099841528844
0.9631483547582466,0.0642919550100224,0.0,0,3.0,-0.3139655941712072,-0.7284169527051925,0,1,1,0.0,1.0,1.0,1.0,0.0,1.1754099582991104
-0.0893658209690741,0.3465913559673712,0.0,1,0.0,-0.437120180607285,-0.2412865216309123,0,0,0,0.0,1.0,1.0,0.0,0.0,0.1571550583851332
-0.0893658209690741,1.1934895588394174,0.0,1,0.0,1.2853094578578583,0.2325780793173898,0,1,0,1.0,0.0,0.0,1.0,1.0,1.1754099582991104
-0.0893658209690741,1.1934895588394174,0.0,1,2.0,0.2844616216097335,-0.1579862572881322,1,0,0,1.0,0.0,0.0,0.0,0.0,-0.861099841528844
-1.1418799966963948,1.4757889597967662,1.0,1,2.0,1.2506180250589631,1.4515706351693405,0,1,0,1.0,1.0,0.0,1.0,0.0,1.1754099582991104
-0.6156229088327345,0.9111901578820688,2.0,1,3.0,-1.4952088809735864,-0.4727066409665103,0,1,1,2.0,0.0,0.0,0.0,0.0,-1.3702272914858324
0.4368912668945862,-1.0649056488193729,1.0,1,1.0,-1.661727758408283,-0.737748778035191,0,1,1,2.0,0.0,0.0,0.0,0.0,-1.3702272914858324
0.9631483547582466,0.3465913559673712,0.0,1,2.0,0.4475113557645407,-0.7323509575011723,1,1,0,1.0,0.0,0.0,1.0,0.0,-0.3519723915718554
-1.1418799966963948,-1.62950445073407,1.0,1,2.0,0.4128199229656456,1.3067901098289236,0,1,0,0.0,0.0,1.0,1.0,0.0,1.1754099582991104
-1.1418799966963948,-1.0649056488193729,0.0,0,2.0,0.8828888373906745,1.5225656984642302,0,1,0,1.0,0.0,0.0,1.0,1.0,0.6662825083421218
0.9631483547582466,-0.5003068469046751,0.0,1,3.0,-0.437120180607285,-0.7121777468613227,0,1,1,0.0,0.0,1.0,0.0,0.0,-0.3519723915718554
0.9631483547582466,-1.3472050497767214,0.0,0,2.0,0.5914808018799558,-0.6356933745487866,0,0,0,1.0,1.0,0.0,0.0,0.0,0.1571550583851332
-1.1418799966963948,-1.3472050497767214,2.0,1,2.0,0.7510613927548732,1.4515248909275265,0,0,0,1.0,0.0,0.0,1.0,0.0,0.1571550583851332
-0.0893658209690741,0.3465913559673712,0.0,1,2.0,1.3113280324570296,0.4215017980080441,0,0,0,1.0,0.0,1.0,1.0,0.0,1.1754099582991104
0.4368912668945862,1.1934895588394174,0.0,1,2.0,-0.8100530831954077,-0.7216010606749487,0,0,1,0.0,0.0,0.0,0.0,0.0,-0.861099841528844
-0.0893658209690741,1.1934895588394174,1.0,0,3.0,-0.0607181347392725,-0.0839949461544438,0,1,1,0.0,1.0,1.0,1.0,1.0,1.1754099582991104
-1.6681370845600552,-0.7826062478620239,0.0,1,1.0,1.0285928551460342,2.109258471846067,0,1,1,1.0,1.0,1.0,0.0,0.0,0.6662825083421218
0.4368912668945862,-0.5003068469046751,0.0,1,2.0,0.6088265182794033,-0.2774244726637493,0,1,1,1.0,0.0,0.0,0.0,0.0,-0.3519723915718554
-0.0893658209690741,0.3465913559673712,0.0,0,3.0,0.3469062006477452,0.1342050872969897,1,1,0,1.0,0.0,0.0,0.0,0.0,-0.861099841528844
-1.1418799966963948,0.9111901578820688,2.0,0,1.0,-0.1387738585367869,0.5840997055349038,0,0,0,0.0,1.0,1.0,1.0,1.0,1.6845374082560989
-1.1418799966963948,-1.0649056488193729,1.0,0,3.0,-1.6495857569286696,-0.3618683430518722,0,1,0,2.0,0.0,0.0,0.0,0.0,-1.3702272914858324
1.489405442621907,-1.62950445073407,0.0,0,2.0,-1.6877463330074542,-0.9326421202825352,0,1,1,2.0,0.0,0.0,0.0,0.0,-1.3702272914858324
0.9631483547582466,-0.2180074459473263,0.0,1,2.0,1.0528768581052608,-0.6850056672239744,1,0,0,1.0,0.0,1.0,0.0,0.0,0.6662825083421218
-1.6681370845600552,-1.0649056488193729,2.0,0,0.0,-1.4969434526135312,-0.1011719089554948,0,1,0,2.0,0.0,0.0,0.0,0.0,-1.3702272914858324
-0.6156229088327345,-1.3472050497767214,0.0,1,1.0,0.8030985419532158,1.0579185622413922,1,1,0,1.0,0.0,0.0,1.0,0.0,0.1571550583851332
-1.1418799966963948,0.9111901578820688,2.0,0,3.0,-1.555918888371653,-0.3673119078277047,0,1,1,2.0,0.0,0.0,0.0,0.0,-1.3702272914858324
-1.6681370845600552,-1.0649056488193729,0.0,1,1.0,1.1014448640237142,2.2383029780025643,1,0,0,1.0,0.0,1.0,0.0,0.0,0.6662825083421218
0.4368912668945862,-1.0649056488193729,0.0,1,1.0,0.9279877000292386,0.0212625542589207,0,0,0,1.0,0.0,0.0,0.0,0.0,0.1571550583851332
0.4368912668945862,-0.2180074459473263,0.0,0,0.0,-1.6530549002085593,-0.7916583670126572,0,0,0,2.0,0.0,0.0,0.0,0.0,-1.3702272914858324
-2.194394172423716,1.4757889597967662,2.0,0,1.0,-0.0902058526183337,1.235863662896754,0,1,0,0.0,1.0,0.0,1.0,1.0,0.6662825083421218
-1.6681370845600552,0.0642919550100224,0.0,1,2.0,1.1326671535427195,1.9017168467372296,0,1,1,1.0,1.0,1.0,1.0,0.0,1.1754099582991104
0.4368912668945862,1.1934895588394174,1.0,0,3.0,-1.6738697598878964,-0.8176639684837559,0,0,1,2.0,0.0,0.0,0.0,0.0,-1.3702272914858324
0.9631483547582466,-0.2180074459473263,0.0,1,2.0,0.0641710233367496,-0.7929620779043483,0,0,0,1.0,0.0,0.0,0.0,0.0,-0.861099841528844
0.9631483547582466,0.62889075692472,0.0,1,2.0,0.4180236378854801,-0.9048753655016086,0,0,0,1.0,0.0,0.0,0.0,0.0,-0.3519723915718554
-1.1418799966963948,-1.0649056488193729,1.0,0,3.0,-0.0832675660585546,0.7974279772331766,0,1,1,0.0,1.0,1.0,0.0,1.0,0.6662825083421218
-0.0893658209690741,1.4757889597967662,1.0,0,1.0,-0.4631387552064563,-0.3180224872734238,0,0,0,0.0,1.0,0.0,0.0,1.0,0.6662825083421218
-1.6681370845600552,1.1934895588394174,2.0,1,1.0,0.5810733720402873,1.5185859494264369,0,1,0,1.0,1.0,0.0,0.0,1.0,0.1571550583851332
0.9631483547582466,1.4757889597967662,0.0,1,3.0,-0.785769080236181,-0.9075056594058974,0,0,0,0.0,0.0,0.0,0.0,0.0,-0.861099841528844
0.4368912668945862,-1.3472050497767214,0.0,1,2.0,0.3920050632863087,-0.1442401126231101,0,1,0,0.0,1.0,0.0,0.0,1.0,1.1754099582991104
-1.6681370845600552,-0.7826062478620239,2.0,0,1.0,0.3260913409684078,1.5736620165701527,0,1,0,0.0,1.0,0.0,1.0,1.0,1.1754099582991104
0.9631483547582466,0.9111901578820688,0.0,0,3.0,-1.6825426180876202,-0.8987227649776637,0,0,0,2.0,0.0,0.0,0.0,0.0,-1.3702272914858324
0.4368912668945862,-0.2180074459473263,0.0,1,1.0,0.2064058978122195,-0.2898211621952668,0,0,0,1.0,0.0,1.0,0.0,0.0,-0.3519723915718554
0.4368912668945862,0.3465913559673712,0.0,1,1.0,-0.3052927359714834,-0.4789507299740828,1,1,0,0.0,1.0,0.0,0.0,0.0,0.1571550583851332
0.9631483547582466,-0.2180074459473263,0.0,1,2.0,0.9557408462683544,-0.7602549450075401,1,0,0,1.0,0.0,0.0,0.0,0.0,0.1571550583851332
-1.1418799966963948,1.4757889597967662,2.0,1,0.0,0.7562651076747076,1.0276130020398042,0,0,0,1.0,0.0,0.0,1.0,1.0,0.6662825083421218
-0.0893658209690741,1.4757889597967662,0.0,1,1.0,0.2601776186505073,-0.1419071562906105,0,1,0,1.0,0.0,0.0,0.0,0.0,-0.861099841528844
0.9631483547582466,0.9111901578820688,0.0,1,3.0,0.0780475964563079,-0.909358301199353,0,0,0,1.0,0.0,0.0,0.0,0.0,-0.861099841528844
0.9631483547582466,-0.7826062478620239,0.0,1,2.0,1.134401725182664,-0.5666195694100729,1,0,0,1.0,0.0,0.0,1.0,0.0,0.6662825083421218
-0.0893658209690741,0.9111901578820688,0.0,0,1.0,-1.2887948558201603,-0.5731609959894346,1,1,0,0.0,1.0,0.0,0.0,0.0,-0.861099841528844
-0.6156229088327345,0.0642919550100224,2.0,1,2.0,-0.2740704464524778,0.2243669879118275,0,0,0,0.0,0.0,1.0,0.0,0.0,0.1571550583851332
-0.6156229088327345,0.9111901578820688,1.0,1,1.0,1.3200008906567535,1.0416564842766154,0,0,0,1.0,0.0,0.0,1.0,1.0,1.1754099582991104
0.9631483547582466,0.62889075692472,0.0,1,3.0,-0.6712873519998271,-0.919239057431116,0,0,0,0.0,1.0,0.0,0.0,0.0,-0.3519723915718554
0.9631483547582466,0.9111901578820688,0.0,1,2.0,0.0572327367769705,-0.9096327666502354,1,1,0,1.0,0.0,0.0,0.0,0.0,-0.861099841528844
-1.1418799966963948,1.4757889597967662,0.0,0,0.0,1.4171369024936598,1.543333584247658,1,1,0,1.0,1.0,1.0,1.0,0.0,1.6845374082560989
0.9631483547582466,-0.5003068469046751,0.0,1,3.0,0.0763130248163627,-0.6892370095917433,0,0,0,1.0,0.0,0.0,0.0,0.0,-0.861099841528844
0.4368912668945862,-0.7826062478620239,0.0,1,3.0,-0.3070273076114283,-0.3680438156967241,0,0,0,0.0,1.0,0.0,0.0,1.0,0.1571550583851332
0.9631483547582466,0.62889075692472,0.0,1,2.0,1.1465437266622778,-0.7905147609673143,0,0,0,1.0,0.0,0.0,1.0,0.0,0.6662825083421218
-1.1418799966963948,1.1934895588394174,0.0,1,2.0,0.6990242435565305,1.056363258019726,1,1,0,1.0,0.0,1.0,0.0,0.0,0.1571550583851332
0.4368912668945862,0.0642919550100224,0.0,1,3.0,0.2809924783298442,-0.424149128281249,0,0,0,1.0,0.0,0.0,0.0,0.0,-0.861099841528844
-0.6156229088327345,0.3465913559673712,1.0,1,0.0,0.0884550262959763,0.2468045385214559,0,0,0,1.0,0.0,0.0,0.0,0.0,-0.861099841528844
0.9631483547582466,0.9111901578820688,0.0,0,2.0,-1.297467714019884,-0.8872867045242342,0,0,0,0.0,0.0,0.0,0.0,1.0,-0.861099841528844
0.4368912668945862,0.9111901578820688,1.0,1,3.0,0.2567084753706175,-0.4888314862058458,0,1,0,0.0,0.0,0.0,1.0,0.0,0.6662825083421218
-1.1418799966963948,-0.5003068469046751,0.0,1,2.0,1.2193957355399574,1.7692415224447031,0,1,0,1.0,1.0,1.0,1.0,1.0,1.6845374082560989
0.9631483547582466,0.62889075692472,0.0,1,3.0,-0.9626953875105462,-0.8816372906602401,0,0,0,0.0,0.0,0.0,1.0,0.0,-0.3519723915718554
0.9631483547582466,0.62889075692472,0.0,1,2.0,0.4180236378854801,-0.9048753655016086,0,0,0,1.0,0.0,0.0,0.0,0.0,-0.3519723915718554
-0.6156229088327345,-1.0649056488193729,0.0,1,2.0,1.3338774637763111,1.2767361429573112,0,0,0,1.0,0.0,1.0,1.0,0.0,1.1754099582991104
0.9631483547582466,-1.3472050497767214,0.0,0,3.0,-1.64611661364878,-0.8246399653603478,0,0,0,2.0,0.0,0.0,0.0,0.0,-1.3702272914858324
-1.1418799966963948,1.1934895588394174,2.0,0,0.0,-1.169109412663972,-0.1262854977112258,0,1,1,0.0,1.0,0.0,0.0,1.0,-0.3519723915718554
0.4368912668945862,-0.2180074459473263,2.0,0,3.0,-1.6721351882479514,-0.7552916947707516,0,0,0,2.0,0.0,0.0,0.0,0.0,-1.3702272914858324
0.9631483547582466,0.62889075692472,0.0,1,3.0,-1.0771771157469,-0.8917238959801649,0,0,0,0.0,0.0,1.0,0.0,1.0,-0.3519723915718554
0.9631483547582466,1.1934895588394174,0.0,0,2.0,-1.4795977362140835,-0.9298974657737124,1,0,0,0.0,0.0,0.0,0.0,0.0,-1.3702272914858324
0.4368912668945862,0.0642919550100224,0.0,0,2.0,0.8308516881923318,-0.221227671595597,0,1,1,1.0,1.0,0.0,0.0,1.0,0.6662825083421218
0.9631483547582466,0.9111901578820688,0.0,0,3.0,-1.6599931867683384,-0.8996147776930311,1,0,0,2.0,0.0,0.0,0.0,0.0,-1.3702272914858324
-0.6156229088327345,-1.0649056488193729,2.0,1,1.0,0.6036228033595689,0.937382485062246,0,1,1,0.0,1.0,1.0,0.0,1.0,1.6845374082560989
-1.1418799966963948,-1.3472050497767214,1.0,1,1.0,0.2410973306111146,1.0970756332339346,1,1,1,0.0,1.0,1.0,1.0,1.0,1.6845374082560989
-0.0893658209690741,-0.7826062478620239,0.0,1,2.0,0.98696313578736,0.5179077876304542,1,0,0,1.0,0.0,1.0,0.0,1.0,0.6662825083421218
0.9631483547582466,0.9111901578820688,0.0,1,2.0,0.6279068063187955,-0.86576403875088,0,0,0,1.0,0.0,0.0,0.0,0.0,-0.3519723915718554
0.4368912668945862,0.62889075692472,1.0,0,3.0,-1.6565240434884487,-0.7796733756574632,0,0,0,2.0,0.0,0.0,0.0,0.0,-1.3702272914858324
0.9631483547582466,0.0642919550100224,0.0,1,2.0,-0.4943610447254619,-0.7564810450579084,0,0,0,0.0,1.0,0.0,0.0,0.0,-0.3519723915718554
-1.6681370845600552,1.1934895588394174,1.0,0,0.0,0.0312141621777992,0.9392579989766086,0,0,0,0.0,1.0,1.0,1.0,1.0,1.1754099582991104
0.9631483547582466,-0.5003068469046751,0.0,0,3.0,-1.6842771897275648,-0.8837872700254849,0,1,0,2.0,0.0,0.0,0.0,0.0,-1.3702272914858324
0.9631483547582466,0.9111901578820688,0.0,1,1.0,-0.7597505056370096,-0.9027940024990846,0,0,0,0.0,0.0,0.0,0.0,0.0,-0.861099841528844
0.9631483547582466,1.1934895588394174,0.0,0,3.0,-0.921065668151872,-0.8923871874864637,0,0,0,0.0,1.0,0.0,1.0,1.0,0.1571550583851332
-0.6156229088327345,-0.5003068469046751,0.0,1,2.0,1.094506577463935,0.9514717115408712,0,1,0,1.0,0.0,1.0,1.0,1.0,1.1754099582991104
0.9631483547582466,0.9111901578820688,0.0,0,3.0,-1.6374437554490564,-0.9080317181867552,0,0,0,2.0,0.0,0.0,0.0,0.0,-1.3702272914858324
0.9631483547582466,0.9111901578820688,0.0,0,3.0,0.7371848196353153,-0.9006668952547466,0,1,1,1.0,0.0,0.0,0.0,0.0,0.1571550583851332
-0.0893658209690741,-1.62950445073407,0.0,0,2.0,-1.0841154023066792,-0.3399111069812877,1,0,0,0.0,0.0,1.0,1.0,0.0,-0.3519723915718554
0.9631483547582466,0.3465913559673712,0.0,1,2.0,0.2983381947292918,-0.8671363660052915,0,0,0,1.0,0.0,0.0,0.0,0.0,-0.861099841528844
-0.0893658209690741,-1.0649056488193729,0.0,1,0.0,0.4405730692047616,0.2737478969497358,1,1,0,1.0,0.0,1.0,0.0,0.0,-0.3519723915718554
-0.0893658209690741,-1.62950445073407,1.0,1,2.0,0.5984190884397349,0.4448771055748538,0,0,1,1.0,0.0,0.0,1.0,0.0,0.1571550583851332
-1.1418799966963948,1.4757889597967662,0.0,0,0.0,0.9765557059476916,1.071070031762836,0,0,0,1.0,0.0,0.0,0.0,0.0,0.1571550583851332
0.4368912668945862,1.1934895588394174,0.0,0,2.0,-0.7476085041573963,-0.6360135842414827,0,1,0,0.0,0.0,0.0,0.0,0.0,-0.3519723915718554
0.4368912668945862,-1.0649056488193729,0.0,1,2.0,-1.5073508824531996,-0.7205946873550468,0,1,0,0.0,0.0,0.0,0.0,0.0,-1.3702272914858324
0.9631483547582466,0.62889075692472,0.0,1,3.0,0.2480356171708937,-0.9071168333504808,0,0,0,1.0,0.0,0.0,0.0,0.0,-0.861099841528844
-0.0893658209690741,1.4757889597967662,0.0,1,2.0,0.766672537514376,-0.0293991935497717,0,0,0,1.0,0.0,0.0,0.0,1.0,0.1571550583851332
0.4368912668945862,0.0642919550100224,0.0,0,2.0,-0.3625336000896603,-0.4881910668204538,0,1,1,0.0,0.0,0.0,1.0,0.0,0.1571550583851332
0.9631483547582466,0.62889075692472,0.0,1,2.0,-0.6712873519998271,-0.8495019607861034,0,1,0,0.0,0.0,1.0,0.0,0.0,0.1571550583851332
0.9631483547582466,-1.3472050497767214,0.0,0,3.0,-1.4709248780143598,-0.8430062784485555,0,0,1,0.0,0.0,0.0,0.0,0.0,-1.3702272914858324
-0.6156229088327345,-1.0649056488193729,1.0,1,2.0,1.3755071831349854,1.1325502927604725,1,1,0,1.0,0.0,0.0,1.0,1.0,1.1754099582991104
0.9631483547582466,-0.2180074459473263,0.0,1,2.0,-0.0416378466998803,-0.6765887267302503,0,0,0,0.0,1.0,0.0,1.0,0.0,0.6662825083421218
-0.0893658209690741,-0.7826062478620239,0.0,1,2.0,0.7753453957140998,0.3189660799825957,0,0,0,1.0,0.0,0.0,0.0,0.0,0.1571550583851332
0.9631483547582466,1.1934895588394174,0.0,0,3.0,-0.8308679428747445,-0.921343292554547,0,0,0,0.0,0.0,0.0,0.0,0.0,-0.861099841528844
0.4368912668945862,-1.0649056488193729,0.0,1,2.0,1.2679637414584108,0.057995180435336,1,1,0,1.0,0.0,1.0,1.0,0.0,1.1754099582991104
0.9631483547582466,0.3465913559673712,0.0,0,2.0,-0.985244818829828,-0.8450418972092659,0,0,0,0.0,0.0,0.0,1.0,0.0,-0.3519723915718554
-0.6156229088327345,-1.62950445073407,2.0,1,1.0,-1.6651969016881725,-0.4736672700445984,0,0,0,2.0,0.0,0.0,0.0,0.0,-1.3702272914858324
-0.6156229088327345,-1.3472050497767214,0.0,1,2.0,0.95400627462841,1.0920208945135188,0,0,0,1.0,1.0,0.0,0.0,1.0,0.6662825083421218
1.489405442621907,-1.62950445073407,0.0,0,3.0,-1.633974612169167,-0.9319330845344228,0,0,0,2.0,0.0,0.0,0.0,0.0,-1.3702272914858324
-1.1418799966963948,-0.2180074459473263,0.0,1,2.0,0.3417024857279107,1.0978990295865814,0,1,0,1.0,0.0,0.0,1.0,0.0,-0.3519723915718554
0.9631483547582466,0.9111901578820688,0.0,1,2.0,0.6088265182794033,-0.9023594322018542,0,0,0,1.0,0.0,0.0,1.0,0.0,0.1571550583851332
0.9631483547582466,0.9111901578820688,0.0,0,2.0,-1.477863164574139,-0.9058817388215104,1,0,0,0.0,0.0,0.0,0.0,0.0,-1.3702272914858324
0.9631483547582466,0.9111901578820688,0.0,1,3.0,0.4266964960852039,-0.9047610048970745,0,0,0,1.0,0.0,1.0,0.0,0.0,-0.3519723915718554
-1.1418799966963948,1.4757889597967662,0.0,1,0.0,0.0849858830160865,0.638832690865017,1,0,0,0.0,1.0,1.0,0.0,0.0,0.6662825083421218
0.9631483547582466,0.0642919550100224,0.0,1,2.0,0.2410973306111146,-0.7194739534306107,1,1,0,1.0,0.0,0.0,0.0,0.0,-0.861099841528844
0.4368912668945862,1.4757889597967662,0.0,1,2.0,0.3937396349262534,-0.5784444559189189,1,0,0,1.0,0.0,0.0,0.0,0.0,-0.3519723915718554
1.489405442621907,-1.62950445073407,0.0,0,3.0,-1.476128592934194,-0.9298517215318988,0,0,0,0.0,0.0,0.0,0.0,0.0,-1.3702272914858324
-1.1418799966963948,0.62889075692472,0.0,1,0.0,1.2419451668592394,1.3623693636325906,0,0,0,1.0,0.0,1.0,1.0,0.0,1.1754099582991104
-0.0893658209690741,-1.62950445073407,0.0,1,2.0,1.032061998425924,0.5258215414642274,0,1,0,1.0,0.0,0.0,0.0,0.0,0.1571550583851332
0.9631483547582466,1.1934895588394174,1.0,0,3.0,-1.6669314733281173,-0.9250257040205512,0,1,1,2.0,0.0,0.0,0.0,0.0,-1.3702272914858324
0.9631483547582466,1.1934895588394174,0.0,0,3.0,-1.647851185288725,-0.9321160615016776,0,0,0,2.0,0.0,0.0,0.0,0.0,-1.3702272914858324
-0.6156229088327345,-1.3472050497767214,0.0,1,2.0,1.137870868462554,1.135889622412874,1,1,1,1.0,1.0,1.0,1.0,0.0,1.1754099582991104
0.9631483547582466,-0.2180074459473263,1.0,0,1.0,-1.6651969016881725,-0.8710246265594576,0,1,1,2.0,0.0,0.0,0.0,0.0,-1.3702272914858324
-1.1418799966963948,-0.2180074459473263,0.0,0,0.0,0.6088265182794033,1.1249338764984886,0,0,0,1.0,0.0,0.0,0.0,0.0,-0.3519723915718554
0.4368912668945862,0.3465913559673712,0.0,1,2.0,0.7649379658744314,-0.4023977412988261,0,0,0,1.0,0.0,0.0,0.0,1.0,0.1571550583851332
0.9631483547582466,-0.7826062478620239,0.0,0,2.0,-0.4041633194483345,-0.7634570419345004,0,0,0,0.0,1.0,1.0,0.0,0.0,0.1571550583851332
0.9631483547582466,1.1934895588394174,0.0,1,2.0,0.2584430470105622,-0.9069796006250398,0,0,1,1.0,0.0,1.0,0.0,0.0,-0.3519723915718554
0.9631483547582466,-1.62950445073407,0.0,1,2.0,-1.2575725663011548,-0.7630682158790837,0,0,0,0.0,0.0,1.0,0.0,0.0,-0.861099841528844
0.9631483547582466,0.62889075692472,0.0,1,3.0,-1.6443820420088353,-0.8937366426199684,0,0,0,2.0,0.0,0.0,0.0,0.0,-1.3702272914858324
0.9631483547582466,1.1934895588394174,0.0,1,3.0,0.4041470647659218,-0.9050583424688636,0,0,0,1.0,0.0,0.0,1.0,0.0,-0.3519723915718554
0.9631483547582466,1.4757889597967662,0.0,1,3.0,-1.306140572219608,-0.912285932675431,0,1,1,0.0,0.0,1.0,0.0,0.0,-0.861099841528844
0.9631483547582466,1.4757889597967662,0.0,1,3.0,-0.6053736296819262,-0.9183699168366554,0,0,0,0.0,0.0,0.0,1.0,0.0,-0.3519723915718554
0.9631483547582466,1.1934895588394174,0.0,1,3.0,-1.6599931867683384,-0.906933856383226,0,0,1,2.0,0.0,0.0,0.0,0.0,-1.3702272914858324
0.9631483547582466,1.1934895588394174,0.0,0,2.0,-1.4848014511339178,-0.9049439818643292,0,0,0,0.0,0.0,0.0,0.0,0.0,-1.3702272914858324
0.4368912668945862,0.3465913559673712,0.0,1,2.0,-1.325220860259,-0.7409737470830581,0,0,0,0.0,0.0,0.0,0.0,1.0,-0.861099841528844
-1.6681370845600552,-1.3472050497767214,2.0,0,0.0,0.367721060327082,1.621258900177326,1,1,0,1.0,1.0,0.0,0.0,0.0,-0.3519723915718554
-2.194394172423716,1.4757889597967662,2.0,1,0.0,0.8950308388702881,2.070970541447985,0,1,0,1.0,0.0,0.0,0.0,0.0,0.1571550583851332
-1.1418799966963948,1.4757889597967662,1.0,0,3.0,1.2193957355399574,1.4159816150382678,0,1,1,1.0,0.0,0.0,1.0,1.0,1.1754099582991104
0.9631483547582466,0.62889075692472,0.0,0,3.0,-1.654789471848504,-0.9031370843126876,0,0,1,2.0,0.0,0.0,0.0,0.0,-1.3702272914858324
-0.6156229088327345,-0.7826062478620239,0.0,1,1.0,0.7371848196353153,1.0006467714906175,0,0,0,1.0,1.0,0.0,0.0,0.0,0.1571550583851332
-0.6156229088327345,-0.7826062478620239,0.0,1,2.0,0.5689313705606737,0.7000384864117715,0,1,0,1.0,0.0,0.0,1.0,1.0,0.1571550583851332
1.489405442621907,-1.62950445073407,0.0,0,3.0,-1.689480904647399,-0.9326649924034424,0,1,1,2.0,0.0,0.0,0.0,0.0,-1.3702272914858324
0.9631483547582466,-1.0649056488193729,0.0,0,2.0,-0.7892382235160705,-0.7509459917984485,0,0,0,0.0,0.0,0.0,0.0,0.0,-0.861099841528844
0.9631483547582466,0.62889075692472,0.0,0,3.0,-0.8065839399155181,-0.9071854497132014,0,0,0,0.0,0.0,0.0,0.0,0.0,-0.861099841528844
-0.6156229088327345,0.9111901578820688,0.0,1,2.0,-1.4466408750551332,-0.4485536812888673,0,1,1,2.0,0.0,0.0,0.0,0.0,-1.3702272914858324
0.4368912668945862,1.1934895588394174,0.0,1,2.0,0.3833322050865849,-0.4374149584072271,1,0,0,1.0,0.0,1.0,0.0,0.0,-0.3519723915718554
-0.0893658209690741,0.0642919550100224,1.0,1,3.0,0.395474206566198,0.1948390798210726,0,1,0,0.0,0.0,0.0,1.0,1.0,1.1754099582991104
0.4368912668945862,0.3465913559673712,0.0,1,2.0,0.4266964960852039,-0.3846261033541968,1,0,0,1.0,0.0,1.0,0.0,0.0,-0.3519723915718554
-1.1418799966963948,0.62889075692472,0.0,1,0.0,1.2419451668592394,1.3623693636325906,0,0,0,1.0,0.0,1.0,1.0,0.0,1.1754099582991104
0.9631483547582466,1.1934895588394174,0.0,1,3.0,-1.6443820420088353,-0.932070317259864,0,1,1,2.0,0.0,0.0,0.0,0.0,-1.3702272914858324
0.9631483547582466,0.9111901578820688,0.0,1,2.0,0.0832513113761418,-0.8337201973603707,1,0,0,1.0,0.0,0.0,0.0,0.0,-0.861099841528844
0.4368912668945862,0.62889075692472,2.0,0,3.0,-1.6825426180876202,-0.7776606290176596,0,0,0,2.0,0.0,0.0,0.0,0.0,-1.3702272914858324
-1.1418799966963948,0.0642919550100224,1.0,1,1.0,-0.0641872780191624,0.6422635090010459,0,1,0,0.0,1.0,1.0,0.0,1.0,0.6662825083421218
0.4368912668945862,0.62889075692472,0.0,1,0.0,-0.1127552839376152,-0.4864985298733462,0,0,0,0.0,1.0,0.0,0.0,0.0,0.1571550583851332
-1.1418799966963948,-1.3472050497767214,0.0,0,2.0,0.7475922494749838,1.4805267402374236,1,1,0,1.0,0.0,1.0,0.0,0.0,0.1571550583851332
0.9631483547582466,-0.2180074459473263,0.0,1,3.0,-0.8516828025540817,-0.7715537727355283,1,1,0,0.0,0.0,1.0,1.0,0.0,0.1571550583851332
0.9631483547582466,-1.62950445073407,0.0,1,2.0,0.4492459274044854,-0.5976112932388666,1,0,0,1.0,0.0,0.0,0.0,0.0,-0.3519723915718554
0.9631483547582466,-0.5003068469046751,0.0,1,1.0,-1.297467714019884,-0.845979654166447,0,0,0,0.0,0.0,1.0,0.0,0.0,-0.861099841528844
0.9631483547582466,-1.62950445073407,0.0,1,2.0,0.5342399377617786,-0.5739843923420814,0,0,0,1.0,0.0,0.0,0.0,0.0,-0.3519723915718554
0.4368912668945862,-0.7826062478620239,0.0,0,2.0,-0.9956522486694964,-0.552667575656889,0,1,1,0.0,0.0,1.0,0.0,0.0,-0.3519723915718554
0.4368912668945862,0.0642919550100224,0.0,0,0.0,0.0381524487375783,-0.4863841692688119,0,0,1,1.0,0.0,0.0,0.0,0.0,-0.861099841528844
-1.1418799966963948,-0.5003068469046751,0.0,1,2.0,0.9210494134694596,1.4027615291541036,0,0,0,1.0,0.0,1.0,0.0,1.0,0.6662825083421218
-1.6681370845600552,-1.3472050497767214,2.0,1,1.0,1.392852899534433,2.6296220945980133,0,0,0,1.0,0.0,1.0,1.0,1.0,1.6845374082560989
0.9631483547582466,1.4757889597967662,0.0,1,2.0,0.4041470647659218,-0.9050583424688636,0,0,0,1.0,0.0,0.0,0.0,0.0,-0.3519723915718554
0.4368912668945862,-1.0649056488193729,1.0,0,3.0,0.3330296275281869,-0.1981039573587627,0,1,1,0.0,1.0,1.0,0.0,1.0,1.1754099582991104
-1.1418799966963948,-1.3472050497767214,2.0,0,3.0,-1.6842771897275648,-0.4384442038480358,0,0,0,2.0,0.0,0.0,0.0,0.0,-1.3702272914858324
-1.6681370845600552,-0.5003068469046751,2.0,0,1.0,1.6755880768454283,2.6047829712931647,0,0,0,1.0,1.0,1.0,1.0,1.0,2.193664858213088
0.9631483547582466,1.4757889597967662,0.0,0,2.0,0.4197582095254247,-0.9048524933807018,0,1,1,1.0,0.0,0.0,0.0,0.0,-0.3519723915718554
1.489405442621907,-1.62950445073407,0.0,0,2.0,-1.4795977362140835,-0.9298974657737124,0,0,0,0.0,0.0,0.0,0.0,0.0,-1.3702272914858324
0.9631483547582466,-1.62950445073407,0.0,1,2.0,0.4475113557645407,-0.6152456984580549,0,0,0,1.0,0.0,0.0,0.0,0.0,-0.3519723915718554
0.9631483547582466,-0.2180074459473263,0.0,1,3.0,-0.7597505056370096,-0.8528870346803186,0,0,0,0.0,0.0,0.0,0.0,0.0,-0.861099841528844
0.4368912668945862,0.3465913559673712,0.0,1,3.0,-1.0025905352292754,-0.630455658861116,1,0,0,0.0,0.0,1.0,0.0,0.0,-0.3519723915718554
0.4368912668945862,0.0642919550100224,0.0,0,3.0,-0.7979110817157943,-0.557356360442795,0,1,0,0.0,0.0,0.0,0.0,0.0,-0.861099841528844
-1.1418799966963948,1.4757889597967662,0.0,0,0.0,0.9765557059476916,1.071070031762836,0,0,0,1.0,0.0,0.0,0.0,0.0,0.1571550583851332
0.4368912668945862,-0.2180074459473263,0.0,1,2.0,0.9939014223471392,-0.0715525123811125,0,1,0,1.0,1.0,1.0,0.0,1.0,1.1754099582991104
0.4368912668945862,0.9111901578820688,0.0,1,2.0,0.4353693542849276,-0.4510696145886218,0,0,0,1.0,0.0,0.0,1.0,0.0,-0.3519723915718554
0.9631483547582466,1.1934895588394174,0.0,1,0.0,0.2567084753706175,-0.9070024727459466,1,0,0,1.0,0.0,0.0,1.0,0.0,-0.3519723915718554
0.4368912668945862,-1.62950445073407,0.0,1,2.0,0.0416215920174676,-0.2668346806838736,1,1,0,1.0,0.0,0.0,0.0,0.0,-0.861099841528844
0.4368912668945862,-0.7826062478620239,1.0,0,0.0,-1.46745573473447,-0.6904034877579931,1,1,0,2.0,0.0,0.0,0.0,0.0,-1.3702272914858324
0.9631483547582466,0.3465913559673712,0.0,0,1.0,-0.6157810595215949,-0.888796264504087,1,1,0,0.0,0.0,1.0,0.0,0.0,-0.3519723915718554
0.9631483547582466,-1.62950445073407,0.0,1,1.0,0.5793388004003421,-0.5455086018130422,1,0,0,1.0,0.0,0.0,1.0,0.0,0.1571550583851332
0.9631483547582466,0.9111901578820688,0.0,0,3.0,-1.6877463330074542,-0.9326421202825352,0,0,1,2.0,0.0,0.0,0.0,0.0,-1.3702272914858324
0.9631483547582466,1.4757889597967662,0.0,0,3.0,-1.654789471848504,-0.9322075499853052,0,0,0,2.0,0.0,0.0,0.0,0.0,-1.3702272914858324
-0.6156229088327345,-0.7826062478620239,2.0,0,3.0,1.1014448640237142,1.1766019976270827,0,1,1,1.0,1.0,0.0,1.0,1.0,1.1754099582991104
0.9631483547582466,1.4757889597967662,0.0,0,2.0,-0.7666887921967888,-0.9204970240809932,0,0,0,0.0,0.0,0.0,0.0,0.0,-0.861099841528844
0.9631483547582466,1.4757889597967662,0.0,1,3.0,-1.2679799961408231,-0.9271070670230755,0,0,1,0.0,0.0,1.0,0.0,0.0,-0.861099841528844
-1.6681370845600552,-1.3472050497767214,2.0,0,0.0,0.4353693542849276,1.6831737314721933,0,1,0,1.0,1.0,0.0,0.0,0.0,-0.3519723915718554
-0.6156229088327345,-1.62950445073407,0.0,1,1.0,1.143074583382388,1.226829175138545,0,0,0,1.0,0.0,1.0,0.0,0.0,0.6662825083421218
-1.6681370845600552,-1.3472050497767214,2.0,1,1.0,1.6825263634052077,2.9665970519187645,0,1,1,1.0,1.0,1.0,1.0,1.0,2.193664858213088
-0.0893658209690741,1.4757889597967662,1.0,1,2.0,0.7337156763554256,0.0546101065411208,1,1,0,1.0,1.0,0.0,0.0,0.0,0.1571550583851332
0.9631483547582466,-1.3472050497767214,0.0,1,0.0,0.4024124931259771,-0.5441591466795375,0,1,1,1.0,0.0,0.0,0.0,0.0,-0.3519723915718554
-1.1418799966963948,-0.7826062478620239,1.0,1,1.0,1.293982316057582,1.906314143039508,0,1,1,1.0,0.0,1.0,1.0,0.0,1.1754099582991104
0.9631483547582466,0.0642919550100224,0.0,0,3.0,-0.6192502028014845,-0.8594055891387733,0,1,0,0.0,0.0,0.0,0.0,1.0,-0.3519723915718554
0.4368912668945862,1.1934895588394174,0.0,1,0.0,1.0754262894245428,-0.428677808220807,0,0,0,1.0,1.0,0.0,0.0,1.0,1.1754099582991104
-0.0893658209690741,-0.7826062478620239,1.0,0,3.0,-0.2307061554538589,-0.0296736590006539,0,1,1,0.0,1.0,0.0,1.0,1.0,1.1754099582991104
0.9631483547582466,0.0642919550100224,0.0,1,2.0,0.390270491646364,-0.7963242796776565,0,0,0,1.0,0.0,0.0,0.0,0.0,-0.3519723915718554
0.9631483547582466,0.62889075692472,0.0,0,1.0,-1.6599931867683384,-0.8977392637786688,0,0,0,2.0,0.0,0.0,0.0,0.0,-1.3702272914858324
0.9631483547582466,-0.5003068469046751,0.0,1,2.0,0.8152405434328294,-0.7357131592744804,1,0,0,1.0,0.0,0.0,0.0,0.0,0.1571550583851332
0.9631483547582466,1.4757889597967662,0.0,1,2.0,-1.1257451216653531,-0.9252315531087132,0,0,0,0.0,0.0,0.0,0.0,0.0,-0.861099841528844
-0.0893658209690741,-1.3472050497767214,0.0,1,2.0,0.9141111269096804,0.5303959656455992,1,1,0,1.0,0.0,1.0,1.0,0.0,0.6662825083421218
0.9631483547582466,-0.7826062478620239,0.0,1,2.0,0.7267773897956464,-0.5162780312940765,0,1,1,1.0,0.0,0.0,0.0,0.0,0.1571550583851332
-0.0893658209690741,0.62889075692472,0.0,1,2.0,-0.7632196489168992,-0.3319516089057008,0,1,0,0.0,0.0,0.0,0.0,0.0,-0.3519723915718554
0.9631483547582466,0.62889075692472,0.0,1,2.0,-0.1353047152568973,-0.7720798315163862,0,0,0,0.0,0.0,1.0,0.0,0.0,0.1571550583851332
-0.6156229088327345,-0.2180074459473263,0.0,0,2.0,1.2575563116187425,1.1150531202667255,1,1,0,1.0,0.0,0.0,1.0,1.0,1.1754099582991104
0.9631483547582466,1.4757889597967662,0.0,1,2.0,0.2705850484901758,-0.9068194957786916,0,0,0,1.0,0.0,1.0,0.0,0.0,-0.3519723915718554
-1.6681370845600552,-1.0649056488193729,2.0,0,0.0,0.7632033942344867,1.9599721386869997,0,1,1,0.0,1.0,1.0,1.0,1.0,2.193664858213088
0.9631483547582466,-0.7826062478620239,1.0,0,3.0,-1.6582586151283931,-0.8570955049271805,0,1,0,2.0,0.0,0.0,0.0,0.0,-1.3702272914858324
-0.0893658209690741,-1.62950445073407,0.0,1,2.0,0.6435179510782985,0.444190941947648,0,0,0,1.0,0.0,0.0,0.0,0.0,-0.3519723915718554
0.9631483547582466,0.62889075692472,0.0,1,2.0,0.7510613927548732,-0.9004839182874919,0,0,0,1.0,0.0,0.0,0.0,0.0,0.1571550583851332
0.9631483547582466,0.62889075692472,0.0,0,1.0,0.0971278844957001,-0.8770857385997751,0,0,0,1.0,0.0,0.0,0.0,0.0,-0.861099841528844
-0.0893658209690741,-1.62950445073407,1.0,1,3.0,-0.3174347374510967,0.0663435045663394,0,1,1,0.0,1.0,0.0,1.0,1.0,0.6662825083421218
-1.1418799966963948,-0.2180074459473263,0.0,1,2.0,-0.4666078984863457,0.3643443678618038,1,0,0,0.0,0.0,1.0,1.0,0.0,0.6662825083421218
-1.6681370845600552,1.4757889597967662,2.0,0,0.0,0.5758696571204528,1.4341420790383137,0,0,0,0.0,0.0,1.0,1.0,1.0,1.6845374082560989
0.4368912668945862,-1.62950445073407,0.0,1,2.0,0.3798630618066951,-0.1307455612880633,1,1,0,1.0,1.0,0.0,0.0,0.0,-0.3519723915718554
0.9631483547582466,1.4757889597967662,0.0,0,3.0,-1.6842771897275648,-0.920245430751018,0,0,0,2.0,0.0,0.0,0.0,0.0,-1.3702272914858324
-0.6156229088327345,0.62889075692472,1.0,0,0.0,0.0208067323381307,0.3576657085570008,0,1,1,0.0,0.0,1.0,1.0,0.0,0.6662825083421218
0.9631483547582466,1.4757889597967662,0.0,1,2.0,0.4006779214860325,-0.8750501198390647,0,0,0,1.0,0.0,1.0,0.0,0.0,-0.3519723915718554
-1.6681370845600552,-1.3472050497767214,2.0,0,3.0,0.5966845167997897,1.8742931737699056,0,1,0,0.0,1.0,1.0,1.0,1.0,2.193664858213088
0.9631483547582466,-0.7826062478620239,1.0,0,3.0,-0.6365959192009321,-0.7238425285238207,0,1,1,0.0,0.0,1.0,0.0,0.0,-0.3519723915718554
0.9631483547582466,-0.2180074459473263,0.0,0,0.0,0.2966036230893471,-0.7110798850577935,1,0,0,1.0,1.0,0.0,0.0,0.0,-0.3519723915718554
0.9631483547582466,-0.7826062478620239,0.0,1,2.0,0.6053573749995135,-0.5944320684328133,0,0,0,1.0,0.0,0.0,0.0,0.0,-0.3519723915718554
0.9631483547582466,-1.62950445073407,0.0,1,0.0,0.6296413779587402,-0.5598951658634564,0,0,0,1.0,0.0,0.0,0.0,0.0,-0.3519723915718554
0.9631483547582466,0.0642919550100224,0.0,1,2.0,0.7389193912752601,-0.7830813216725852,1,0,0,1.0,0.0,0.0,1.0,0.0,0.1571550583851332
0.9631483547582466,1.1934895588394174,0.0,1,2.0,-0.8152567981152419,-0.9211374434663854,0,0,1,0.0,0.0,0.0,0.0,0.0,-0.861099841528844
0.4368912668945862,-0.2180074459473263,0.0,1,2.0,0.7094316733961988,-0.1915625307794011,0,0,0,1.0,0.0,0.0,0.0,1.0,0.1571550583851332
0.4368912668945862,-0.2180074459473263,0.0,1,2.0,0.5706659422006184,-0.143119378698674,1,0,0,1.0,0.0,0.0,0.0,0.0,-0.3519723915718554
-1.1418799966963948,-1.3472050497767214,2.0,0,0.0,-0.279274161372312,0.6520299046282746,0,1,0,0.0,1.0,1.0,0.0,1.0,0.6662825083421218
0.9631483547582466,0.9111901578820688,0.0,1,2.0,0.0988624561356448,-0.8742495956073246,0,0,0,0.0,1.0,0.0,0.0,0.0,0.6662825083421218
-0.0893658209690741,-1.0649056488193729,0.0,1,2.0,1.115321437143272,0.6504517282857014,0,1,0,1.0,0.0,0.0,1.0,0.0,0.6662825083421218
-1.1418799966963948,0.62889075692472,2.0,0,1.0,-1.6790734748077305,-0.4609046265785712,0,0,0,2.0,0.0,0.0,0.0,0.0,-1.3702272914858324
-0.0893658209690741,0.3465913559673712,0.0,1,2.0,0.4371039259248723,0.0140578361732602,0,0,0,1.0,0.0,0.0,0.0,1.0,-0.3519723915718554
-0.0893658209690741,1.4757889597967662,0.0,1,2.0,0.9713519910278576,0.1787142345817371,0,0,1,1.0,0.0,1.0,0.0,0.0,0.6662825083421218
-0.6156229088327345,1.4757889597967662,0.0,0,1.0,0.2584430470105622,0.2643931994988305,0,0,0,1.0,0.0,0.0,0.0,0.0,-0.861099841528844
0.4368912668945862,0.0642919550100224,0.0,1,2.0,0.6730056689573591,-0.1924774156156754,1,0,0,1.0,1.0,0.0,0.0,0.0,0.1571550583851332
0.4368912668945862,-1.0649056488193729,1.0,0,1.0,-0.3712064582893841,-0.2903472209761246,0,1,1,0.0,1.0,0.0,0.0,1.0,0.1571550583851332
-0.6156229088327345,-1.3472050497767214,0.0,1,2.0,0.6712710973174144,0.8616528927396361,0,0,0,1.0,0.0,0.0,1.0,1.0,0.1571550583851332
-1.6681370845600552,-1.3472050497767214,2.0,0,2.0,-1.50388173917331,-0.1406034453989195,0,1,0,2.0,0.0,0.0,0.0,0.0,-1.3702272914858324
-0.6156229088327345,0.0642919550100224,1.0,0,1.0,0.4197582095254247,0.5145684579780527,0,1,1,0.0,1.0,0.0,1.0,1.0,1.6845374082560989
0.4368912668945862,-1.3472050497767214,0.0,1,2.0,0.8707468359110614,0.0869055412616057,0,1,0,1.0,0.0,0.0,0.0,0.0,0.1571550583851332
0.9631483547582466,-0.7826062478620239,0.0,1,2.0,1.134401725182664,-0.5666195694100729,1,0,0,1.0,0.0,0.0,1.0,0.0,0.6662825083421218
0.9631483547582466,-0.5003068469046751,0.0,1,3.0,0.0468253069373021,-0.7500539790830809,0,0,0,1.0,0.0,0.0,0.0,0.0,-0.861099841528844
0.9631483547582466,0.62889075692472,0.0,1,3.0,-1.654789471848504,-0.9322075499853052,0,0,0,2.0,0.0,0.0,0.0,0.0,-1.3702272914858324
-1.6681370845600552,0.3465913559673712,1.0,1,2.0,1.2835748862179135,2.2109936656397755,1,1,1,1.0,0.0,1.0,1.0,0.0,1.1754099582991104
0.9631483547582466,1.4757889597967662,0.0,0,3.0,-1.6599931867683384,-0.9322761663480256,1,0,0,2.0,0.0,0.0,0.0,0.0,-1.3702272914858324
0.9631483547582466,1.1934895588394174,0.0,0,2.0,0.0416215920174676,-0.9098386157383972,1,0,0,1.0,0.0,0.0,0.0,0.0,-0.861099841528844
-1.1418799966963948,0.0642919550100224,2.0,0,3.0,-1.6443820420088353,-0.4026035903869879,0,1,1,2.0,0.0,0.0,0.0,0.0,-1.3702272914858324
0.9631483547582466,0.9111901578820688,0.0,0,0.0,-1.297467714019884,-0.927495893078492,0,1,1,0.0,1.0,0.0,0.0,0.0,-0.861099841528844
-0.0893658209690741,-0.7826062478620239,1.0,0,1.0,-1.675604331527841,-0.63093597340016,0,1,1,2.0,0.0,0.0,0.0,0.0,-1.3702272914858324
-0.0893658209690741,0.0642919550100224,1.0,0,3.0,-1.6287708972493324,-0.6289003546394496,0,0,0,2.0,0.0,0.0,0.0,0.0,-1.3702272914858324
-0.0893658209690741,1.1934895588394174,1.0,1,1.0,1.1795005878212284,0.2850238525568172,0,1,0,1.0,1.0,0.0,0.0,1.0,1.1754099582991104
-1.1418799966963948,-0.7826062478620239,1.0,1,0.0,1.037265713345758,1.5556387852955482,1,1,0,1.0,0.0,1.0,0.0,0.0,0.6662825083421218
0.9631483547582466,0.0642919550100224,0.0,1,2.0,0.8534011195116139,-0.7343637041409758,0,0,0,1.0,0.0,0.0,1.0,0.0,0.1571550583851332
0.9631483547582466,1.1934895588394174,0.0,0,2.0,-1.510820025733089,-0.9223039216326352,1,0,0,0.0,0.0,0.0,0.0,0.0,-1.3702272914858324
-0.6156229088327345,0.62889075692472,2.0,0,3.0,-1.6565240434884487,-0.5744189626393118,0,0,0,2.0,0.0,0.0,0.0,0.0,-1.3702272914858324
-1.6681370845600552,0.0642919550100224,0.0,1,2.0,1.3043897458972504,2.254084741428297,0,1,1,1.0,0.0,1.0,1.0,0.0,1.1754099582991104
-1.6681370845600552,0.0642919550100224,1.0,1,2.0,1.2540871683388526,2.210330374133476,0,1,0,1.0,0.0,1.0,0.0,1.0,1.1754099582991104
-0.6156229088327345,0.3465913559673712,0.0,1,0.0,1.0129817103865313,0.7542682850819337,0,1,0,1.0,0.0,0.0,0.0,0.0,0.1571550583851332
-1.6681370845600552,-1.3472050497767214,2.0,1,1.0,1.6599769320859257,2.9006795994651973,1,1,1,1.0,1.0,1.0,1.0,1.0,2.193664858213088
-0.0893658209690741,-0.5003068469046751,0.0,1,2.0,0.8065676852331056,0.4287980045773319,0,1,1,1.0,0.0,1.0,0.0,0.0,0.1571550583851332
-1.1418799966963948,1.4757889597967662,0.0,0,1.0,0.2532393320907282,0.7411625598023037,0,0,1,1.0,0.0,0.0,0.0,0.0,-0.861099841528844
-1.1418799966963948,0.9111901578820688,0.0,0,2.0,1.7189523678440477,1.546535681174618,1,1,0,1.0,1.0,1.0,1.0,1.0,2.193664858213088
-0.0893658209690741,0.0642919550100224,0.0,1,2.0,1.2801057429380238,0.4519445909350733,0,1,0,1.0,0.0,0.0,1.0,1.0,1.1754099582991104
-0.0893658209690741,-1.3472050497767214,0.0,1,2.0,0.0832513113761418,0.1639845887177201,0,1,0,1.0,0.0,0.0,0.0,0.0,-0.861099841528844
1.489405442621907,-1.62950445073407,0.0,0,3.0,-1.3182825736992212,-0.9277703585293744,0,0,0,0.0,1.0,0.0,0.0,0.0,-0.861099841528844
0.4368912668945862,-1.0649056488193729,0.0,0,2.0,0.5030176482427733,-0.2130394523109416,0,1,0,1.0,1.0,0.0,0.0,0.0,-0.3519723915718554
-0.6156229088327345,-0.2180074459473263,0.0,1,3.0,0.7805491106339343,0.9171406580596758,0,0,0,1.0,0.0,0.0,1.0,0.0,0.1571550583851332
-0.0893658209690741,0.3465913559673712,0.0,1,2.0,0.6018882317196241,0.104837284052583,1,0,0,1.0,0.0,0.0,0.0,0.0,-0.3519723915718554
0.4368912668945862,-1.3472050497767214,2.0,0,3.0,-1.1153376918256848,-0.561404725843309,0,0,1,0.0,1.0,0.0,0.0,1.0,-0.3519723915718554
0.9631483547582466,1.1934895588394174,0.0,1,2.0,-1.481332307854028,-0.9299203378946193,1,0,0,0.0,0.0,0.0,0.0,0.0,-1.3702272914858324
0.9631483547582466,0.62889075692472,0.0,1,2.0,-0.437120180607285,-0.8517205565140686,0,0,0,0.0,0.0,0.0,0.0,0.0,-0.3519723915718554
-0.6156229088327345,0.3465913559673712,0.0,1,2.0,1.5715137784487432,1.2037283330226174,1,0,0,1.0,1.0,1.0,1.0,0.0,1.6845374082560989
0.9631483547582466,1.1934895588394174,0.0,0,1.0,0.4249619244452592,-0.9047838770179812,0,0,0,1.0,0.0,0.0,0.0,0.0,-0.3519723915718554
0.9631483547582466,0.3465913559673712,0.0,1,2.0,0.1058007426954239,-0.8783437052496524,0,0,0,1.0,0.0,0.0,0.0,0.0,-0.861099841528844
-0.6156229088327345,1.4757889597967662,0.0,1,1.0,0.6018882317196241,0.4916048485875665,1,1,0,1.0,0.0,0.0,0.0,0.0,-0.3519723915718554
0.9631483547582466,1.4757889597967662,0.0,1,1.0,0.6122956615592926,-0.9023136879600404,0,0,0,1.0,0.0,0.0,1.0,0.0,0.1571550583851332
-1.6681370845600552,-0.5003068469046751,2.0,0,0.0,-1.654789471848504,-0.2952418548501923,0,1,1,2.0,0.0,0.0,0.0,0.0,-1.3702272914858324
0.9631483547582466,-0.2180074459473263,0.0,1,3.0,1.0840991476242667,-0.7287142902769818,0,1,1,1.0,0.0,1.0,0.0,1.0,1.1754099582991104
0.9631483547582466,0.3465913559673712,0.0,0,0.0,-1.6790734748077305,-0.8925930365746255,1,0,0,2.0,0.0,0.0,0.0,0.0,-1.3702272914858324
-1.6681370845600552,-0.5003068469046751,2.0,1,1.0,0.9470679880686308,2.1104706942541305,0,1,1,1.0,0.0,0.0,0.0,1.0,0.6662825083421218
-1.6681370845600552,0.0642919550100224,0.0,0,0.0,0.5533202258011708,1.6151062996533811,1,1,0,1.0,1.0,1.0,0.0,0.0,0.1571550583851332
0.9631483547582466,0.9111901578820688,0.0,1,2.0,0.0832513113761418,-0.8337201973603707,1,0,0,1.0,0.0,0.0,0.0,0.0,-0.861099841528844
0.9631483547582466,1.4757889597967662,0.0,0,2.0,-0.7666887921967888,-0.9204970240809932,0,0,0,0.0,0.0,0.0,0.0,0.0,-0.861099841528844
-1.6681370845600552,1.1934895588394174,2.0,1,3.0,-1.691215476287344,-0.4030152885633113,0,1,1,2.0,0.0,0.0,0.0,0.0,-1.3702272914858324
-1.6681370845600552,-1.3472050497767214,2.0,0,0.0,-1.500412595893421,-0.1043053895197345,0,1,0,2.0,0.0,0.0,0.0,0.0,-1.3702272914858324
-0.0893658209690741,-1.0649056488193729,0.0,0,1.0,0.4214927811653694,0.3558130667635454,0,0,0,1.0,0.0,0.0,0.0,1.0,-0.3519723915718554
0.9631483547582466,1.4757889597967662,0.0,0,2.0,-0.7666887921967888,-0.9204970240809932,0,0,0,0.0,0.0,0.0,0.0,0.0,-0.861099841528844
-1.6681370845600552,-1.3472050497767214,2.0,1,0.0,1.3061243175371953,2.50869719136345,0,1,1,1.0,1.0,0.0,1.0,0.0,1.1754099582991104
0.9631483547582466,1.4757889597967662,0.0,1,2.0,0.8065676852331056,-0.8643688393755616,0,0,0,1.0,1.0,1.0,0.0,0.0,0.6662825083421218
-0.6156229088327345,0.9111901578820688,0.0,1,2.0,1.309593460817085,1.018601386402502,1,1,0,1.0,0.0,1.0,1.0,0.0,1.1754099582991104
0.9631483547582466,1.1934895588394174,0.0,0,2.0,0.090189597935921,-0.909198196353005,0,0,0,1.0,0.0,0.0,0.0,0.0,-0.861099841528844
0.9631483547582466,0.3465913559673712,0.0,0,2.0,0.8030985419532158,-0.8092012837482181,1,0,0,1.0,0.0,0.0,1.0,0.0,0.1571550583851332
-0.6156229088327345,0.3465913559673712,0.0,1,2.0,0.959209989548244,0.8565752818983134,1,1,0,1.0,0.0,1.0,1.0,0.0,0.6662825083421218
-2.194394172423716,0.9111901578820688,1.0,1,0.0,1.7310943693236605,3.0313480262060817,0,1,0,1.0,1.0,1.0,1.0,1.0,2.193664858213088
0.9631483547582466,1.4757889597967662,0.0,1,2.0,0.0589673084169152,-0.9096098945293284,0,0,0,1.0,0.0,0.0,0.0,0.0,-0.861099841528844
0.9631483547582466,-0.5003068469046751,0.0,1,2.0,0.4405730692047616,-0.751357689974772,0,0,0,1.0,0.0,0.0,0.0,0.0,-0.3519723915718554
-0.6156229088327345,0.9111901578820688,2.0,0,0.0,-1.6565240434884487,-0.5858550230927412,0,1,1,2.0,0.0,0.0,0.0,0.0,-1.3702272914858324
0.9631483547582466,-1.0649056488193729,0.0,1,3.0,0.3503753439276345,-0.5517984350624283,0,0,1,1.0,0.0,0.0,1.0,0.0,-0.3519723915718554
-1.6681370845600552,-0.7826062478620239,2.0,1,2.0,0.4093507796857563,1.4799778093356588,0,1,1,0.0,1.0,0.0,1.0,0.0,1.1754099582991104
0.9631483547582466,0.9111901578820688,0.0,1,2.0,0.4266964960852039,-0.8586050649070333,0,0,0,1.0,0.0,0.0,0.0,0.0,-0.3519723915718554
0.9631483547582466,-0.5003068469046751,0.0,1,2.0,0.3763939185268058,-0.7529358663173452,0,1,0,1.0,0.0,1.0,0.0,0.0,-0.3519723915718554
0.9631483547582466,-0.7826062478620239,1.0,1,3.0,-0.0693909929389963,-0.6395130187402321,0,1,1,0.0,0.0,1.0,1.0,0.0,0.6662825083421218
-0.6156229088327345,-1.3472050497767214,0.0,1,0.0,1.3685688965752063,1.400176979491628,0,1,1,1.0,0.0,0.0,1.0,1.0,1.1754099582991104
0.9631483547582466,0.62889075692472,0.0,1,2.0,0.2775233350499549,-0.8758735161917117,0,0,0,1.0,0.0,0.0,0.0,0.0,-0.861099841528844
0.9631483547582466,1.1934895588394174,0.0,1,2.0,-0.4475276104469535,-0.9162885538341312,0,0,0,0.0,0.0,0.0,0.0,0.0,-0.3519723915718554
-0.6156229088327345,0.0642919550100224,0.0,0,0.0,-0.0572489914593832,0.3884973275394467,0,1,0,0.0,1.0,1.0,0.0,1.0,0.6662825083421218
-0.6156229088327345,-0.2180074459473263,1.0,1,2.0,-0.8863742353529768,-0.1562708482201178,0,1,0,0.0,1.0,1.0,1.0,0.0,0.1571550583851332
0.4368912668945862,0.0642919550100224,1.0,1,1.0,-1.6721351882479514,-0.764646392221657,0,0,0,2.0,0.0,0.0,0.0,0.0,-1.3702272914858324
-0.0893658209690741,-0.5003068469046751,0.0,0,2.0,0.8984999821501775,0.4397994947335312,0,1,0,1.0,0.0,1.0,1.0,0.0,0.6662825083421218
0.9631483547582466,-1.0649056488193729,0.0,1,2.0,0.5776042287603975,-0.6455512586596429,1,1,0,1.0,0.0,0.0,0.0,0.0,-0.3519723915718554
-0.0893658209690741,0.9111901578820688,0.0,0,3.0,-0.2428481569334722,-0.1246158328850251,0,1,0,0.0,1.0,1.0,0.0,1.0,0.6662825083421218
-1.6681370845600552,-1.3472050497767214,2.0,0,2.0,1.5177420576104557,2.6922230895200863,1,0,0,1.0,0.0,1.0,1.0,1.0,1.6845374082560989
0.4368912668945862,-1.62950445073407,0.0,1,2.0,0.2636467619303966,-0.0718269778319949,0,1,1,1.0,0.0,1.0,0.0,0.0,-0.3519723915718554
-0.0893658209690741,-1.3472050497767214,1.0,1,1.0,-0.1457121450965657,0.0596648452615367,0,1,1,0.0,1.0,0.0,1.0,0.0,0.6662825083421218
-1.6681370845600552,-1.3472050497767214,2.0,0,1.0,0.3920050632863087,1.5296103117035424,0,1,0,0.0,1.0,1.0,1.0,1.0,1.6845374082560989
0.9631483547582466,1.4757889597967662,0.0,1,2.0,0.7874873971937129,-0.9000036037484478,1,1,0,1.0,0.0,1.0,0.0,0.0,0.1571550583851332
-0.0893658209690741,-0.7826062478620239,0.0,0,3.0,-1.633974612169167,-0.6505602531382448,0,1,1,2.0,0.0,0.0,0.0,0.0,-1.3702272914858324
-0.0893658209690741,-0.7826062478620239,0.0,0,0.0,-1.6738697598878964,-0.6414342768964083,0,1,0,2.0,0.0,0.0,0.0,0.0,-1.3702272914858324
0.9631483547582466,-1.0649056488193729,0.0,1,2.0,0.7493268211149284,-0.6318966024782481,1,1,0,1.0,0.0,0.0,0.0,0.0,0.1571550583851332
0.9631483547582466,-1.62950445073407,0.0,1,2.0,-1.326955431898945,-0.8081491661865025,1,0,0,0.0,0.0,0.0,0.0,1.0,-0.861099841528844
-1.1418799966963948,-1.3472050497767214,2.0,1,2.0,0.5914808018799558,1.338833951219433,0,0,1,0.0,1.0,0.0,1.0,1.0,1.6845374082560989
0.9631483547582466,-0.2180074459473263,0.0,1,0.0,0.0260104472579652,-0.8219410550933385,0,0,0,0.0,0.0,1.0,0.0,0.0,0.6662825083421218
0.9631483547582466,0.3465913559673712,0.0,0,2.0,-0.8083185115554627,-0.8970302280305562,0,1,0,0.0,0.0,0.0,0.0,0.0,-0.3519723915718554
0.4368912668945862,1.1934895588394174,0.0,1,2.0,1.1829697311011176,-0.4175162132182599,0,1,0,1.0,0.0,1.0,0.0,0.0,0.6662825083421218
0.9631483547582466,-0.2180074459473263,0.0,1,3.0,0.66606738239758,-0.7852541731587368,0,0,1,1.0,0.0,0.0,1.0,1.0,0.1571550583851332
0.4368912668945862,1.4757889597967662,0.0,1,2.0,-1.6599931867683384,-0.8045353710832188,0,0,0,2.0,0.0,0.0,0.0,0.0,-1.3702272914858324
0.4368912668945862,-1.62950445073407,0.0,1,2.0,1.150012869942167,0.1526628888688249,0,1,0,1.0,0.0,0.0,1.0,0.0,0.6662825083421218
0.9631483547582466,0.0642919550100224,0.0,0,2.0,0.3833322050865849,-0.7683516758085681,1,0,0,1.0,0.0,0.0,0.0,0.0,-0.3519723915718554
0.9631483547582466,-1.3472050497767214,0.0,1,2.0,0.2289553291315015,-0.6639861881105711,1,0,0,1.0,0.0,1.0,0.0,0.0,-0.3519723915718554
0.4368912668945862,-0.5003068469046751,0.0,0,3.0,-1.6357091838091116,-0.7345924253500444,0,0,1,2.0,0.0,0.0,0.0,0.0,-1.3702272914858324
0.4368912668945862,-0.7826062478620239,0.0,0,3.0,-1.6651969016881725,-0.7583336868513639,0,1,1,2.0,0.0,0.0,0.0,0.0,-1.3702272914858324
0.4368912668945862,0.9111901578820688,1.0,0,0.0,-1.668666044968062,-0.8364191076273801,0,1,1,2.0,0.0,0.0,0.0,0.0,-1.3702272914858324
0.4368912668945862,-0.2180074459473263,0.0,1,2.0,0.988697707427305,-0.218139935273171,1,0,0,1.0,0.0,0.0,0.0,0.0,0.1571550583851332
-0.6156229088327345,-0.5003068469046751,0.0,1,0.0,1.5853903515683008,1.1604771523877473,0,1,0,1.0,1.0,1.0,1.0,1.0,2.193664858213088
0.4368912668945862,0.62889075692472,2.0,0,3.0,-1.691215476287344,-0.7843392883224625,0,0,0,2.0,0.0,0.0,0.0,0.0,-1.3702272914858324
0.9631483547582466,1.4757889597967662,0.0,1,2.0,-0.8672939473135846,-0.9218236070935912,0,0,0,0.0,0.0,0.0,0.0,0.0,-0.861099841528844
0.9631483547582466,-1.3472050497767214,0.0,0,0.0,0.5758696571204528,-0.6383236684530754,0,0,0,1.0,0.0,0.0,0.0,0.0,-0.3519723915718554
0.9631483547582466,0.0642919550100224,0.0,1,0.0,0.5862770869601213,-0.7713250515264597,0,1,1,1.0,0.0,1.0,1.0,0.0,0.1571550583851332
0.9631483547582466,0.9111901578820688,1.0,0,3.0,-1.6634623300482276,-0.9102503139147206,0,0,0,2.0,0.0,0.0,0.0,0.0,-1.3702272914858324
-0.6156229088327345,1.4757889597967662,0.0,1,2.0,0.9921668507071943,0.6303700061294792,1,1,0,1.0,0.0,1.0,0.0,0.0,0.6662825083421218
0.4368912668945862,-1.0649056488193729,1.0,0,3.0,-1.668666044968062,-0.7285313133097268,0,0,1,2.0,0.0,0.0,0.0,0.0,-1.3702272914858324
0.9631483547582466,1.4757889597967662,0.0,0,0.0,0.1942638963326064,-0.9078258690985936,0,0,0,1.0,0.0,0.0,1.0,0.0,-0.3519723915718554
0.9631483547582466,0.3465913559673712,0.0,0,1.0,0.0919241695758656,-0.7429407494810478,0,0,0,1.0,0.0,0.0,0.0,0.0,-0.861099841528844
1.489405442621907,-1.62950445073407,0.0,0,1.0,0.2584430470105622,-0.9069796006250398,0,1,0,1.0,0.0,0.0,1.0,0.0,-0.3519723915718554
-0.0893658209690741,0.9111901578820688,0.0,1,0.0,-0.4249781791276717,-0.3007769081096522,0,0,0,0.0,1.0,0.0,0.0,0.0,-0.3519723915718554
0.9631483547582466,-0.7826062478620239,0.0,1,0.0,-1.668666044968062,-0.8514460910631864,0,1,1,2.0,0.0,0.0,0.0,0.0,-1.3702272914858324
-1.6681370845600552,-1.3472050497767214,2.0,1,0.0,-0.0815329944186099,1.2576836662418975,0,0,0,0.0,1.0,1.0,1.0,1.0,1.6845374082560989
0.9631483547582466,-1.62950445073407,0.0,1,2.0,1.1604202997818356,-0.3840314282106185,1,1,0,1.0,0.0,1.0,0.0,0.0,0.6662825083421218
0.4368912668945862,1.4757889597967662,2.0,0,3.0,0.4874065034832703,-0.4008653091980666,0,1,0,0.0,0.0,1.0,1.0,1.0,1.6845374082560989
0.9631483547582466,0.62889075692472,0.0,1,1.0,0.8187096867127187,-0.8303122513452488,0,1,0,1.0,0.0,1.0,0.0,0.0,0.1571550583851332
-0.0893658209690741,-0.5003068469046751,2.0,0,0.0,-0.2896815912119807,-0.0191067391416852,0,1,0,0.0,1.0,0.0,1.0,1.0,1.1754099582991104
0.9631483547582466,1.1934895588394174,0.0,1,2.0,0.7961602553934367,-0.8998892431439135,0,0,1,1.0,0.0,0.0,0.0,0.0,0.1571550583851332
0.9631483547582466,1.1934895588394174,0.0,1,1.0,1.1222597237030512,-0.895589284413424,0,0,0,1.0,0.0,1.0,0.0,0.0,0.6662825083421218
-1.6681370845600552,1.1934895588394174,0.0,1,1.0,0.4301656393650931,1.2983502972142928,0,1,1,1.0,0.0,1.0,1.0,0.0,0.1571550583851332
-0.0893658209690741,0.9111901578820688,0.0,1,2.0,1.0962411491038797,0.1422560738562042,0,0,0,1.0,0.0,1.0,1.0,0.0,1.1754099582991104
-1.6681370845600552,-0.2180074459473263,1.0,1,2.0,1.4899889113713394,2.4855963492475226,1,1,0,1.0,0.0,1.0,1.0,1.0,1.6845374082560989
-1.6681370845600552,0.9111901578820688,2.0,1,1.0,1.5160074859705106,2.2039490524004632,0,0,0,1.0,1.0,0.0,1.0,1.0,1.6845374082560989
0.4368912668945862,-1.3472050497767214,0.0,0,1.0,0.0728438815364734,-0.1488831531672025,1,0,0,1.0,0.0,0.0,0.0,0.0,-0.861099841528844
0.9631483547582466,0.3465913559673712,0.0,1,2.0,0.9002345537901221,-0.8632938496929393,1,0,0,1.0,0.0,0.0,0.0,0.0,0.1571550583851332
-0.6156229088327345,1.1934895588394174,0.0,1,2.0,0.6816785271570829,0.4666056204363697,0,0,0,1.0,0.0,0.0,1.0,1.0,0.6662825083421218
-0.0893658209690741,0.62889075692472,0.0,1,0.0,-1.1760476992237512,-0.5512495041606637,0,1,0,0.0,0.0,0.0,0.0,0.0,-0.861099841528844
-0.0893658209690741,-1.62950445073407,2.0,1,3.0,-0.948818814390988,-0.3052140995655829,0,0,0,0.0,1.0,1.0,0.0,1.0,0.1571550583851332
-1.1418799966963948,0.9111901578820688,0.0,1,1.0,-0.2827433046522016,0.4008254007082437,0,0,0,0.0,1.0,1.0,0.0,0.0,0.1571550583851332
0.9631483547582466,0.9111901578820688,0.0,1,3.0,-0.5932316282023131,-0.848907285642525,0,0,0,0.0,0.0,0.0,0.0,1.0,-0.3519723915718554
0.9631483547582466,-0.7826062478620239,0.0,1,2.0,0.395474206566198,-0.7021368857832117,0,0,0,1.0,0.0,0.0,0.0,0.0,-0.3519723915718554
-0.0893658209690741,1.4757889597967662,0.0,1,2.0,0.7458576778350392,-0.0258768869301154,0,0,1,1.0,0.0,1.0,1.0,0.0,0.6662825083421218
0.9631483547582466,-0.2180074459473263,0.0,1,3.0,0.66606738239758,-0.7852541731587368,0,0,1,1.0,0.0,0.0,1.0,1.0,0.1571550583851332
-0.6156229088327345,-1.3472050497767214,2.0,0,0.0,-1.6391783270890012,-0.4579312508606795,0,1,1,2.0,0.0,0.0,0.0,0.0,-1.3702272914858324
0.9631483547582466,0.62889075692472,0.0,1,2.0,0.7371848196353153,-0.7524098075364875,0,1,0,1.0,1.0,0.0,0.0,0.0,0.1571550583851332
-0.0893658209690741,-1.62950445073407,1.0,0,2.0,-0.015619272100709,0.1762211734028896,0,0,0,0.0,1.0,1.0,1.0,1.0,1.1754099582991104
-0.0893658209690741,0.9111901578820688,0.0,1,0.0,-0.2896815912119807,-0.1882918174897202,0,0,0,0.0,0.0,0.0,1.0,0.0,0.1571550583851332
-0.6156229088327345,-0.7826062478620239,2.0,0,2.0,-1.6634623300482276,-0.5265247414603493,0,0,0,2.0,0.0,0.0,0.0,0.0,-1.3702272914858324
0.9631483547582466,1.1934895588394174,0.0,0,3.0,-0.8031147966356286,-0.873723536826467,0,0,0,0.0,0.0,0.0,0.0,0.0,-0.861099841528844
0.4368912668945862,-0.7826062478620239,0.0,1,1.0,0.766672537514376,-0.2427732094898581,0,0,0,1.0,0.0,1.0,0.0,0.0,0.1571550583851332
-1.6681370845600552,1.1934895588394174,1.0,0,3.0,-1.6443820420088353,-0.3338957391827838,0,0,0,2.0,0.0,0.0,0.0,0.0,-1.3702272914858324
0.9631483547582466,0.9111901578820688,0.0,1,1.0,-0.7597505056370096,-0.9027940024990846,0,0,0,0.0,0.0,0.0,0.0,0.0,-0.861099841528844
-0.0893658209690741,-1.3472050497767214,1.0,0,1.0,-0.2497864434932511,0.0807300686167538,0,1,1,0.0,1.0,0.0,1.0,1.0,1.1754099582991104
-0.0893658209690741,0.3465913559673712,0.0,1,0.0,0.5429127959615023,0.2342706162644972,0,1,1,1.0,0.0,1.0,0.0,1.0,0.1571550583851332
-1.6681370845600552,1.1934895588394174,2.0,1,1.0,0.4145544946055903,1.282385556821305,0,0,0,0.0,1.0,1.0,1.0,1.0,1.6845374082560989
-1.6681370845600552,-1.3472050497767214,2.0,0,0.0,-0.0763292794987755,1.1515112809922587,0,1,1,0.0,1.0,1.0,1.0,1.0,1.6845374082560989
-1.6681370845600552,-1.3472050497767214,2.0,1,0.0,1.5385569172897926,2.737143934981156,0,1,1,1.0,0.0,1.0,1.0,1.0,1.6845374082560989
0.4368912668945862,-1.3472050497767214,1.0,0,0.0,0.5290362228419446,-0.0114445786378875,0,1,1,1.0,0.0,1.0,1.0,0.0,0.1571550583851332
-0.6156229088327345,-1.3472050497767214,0.0,1,0.0,0.5862770869601213,0.8254463253440787,0,0,0,1.0,0.0,1.0,1.0,0.0,0.1571550583851332
0.9631483547582466,0.62889075692472,0.0,0,3.0,-1.4726594496543044,-0.8798075209876914,0,0,0,2.0,0.0,0.0,0.0,0.0,-1.3702272914858324
0.9631483547582466,-1.0649056488193729,0.0,1,2.0,0.2376281873312253,-0.6182190741759466,0,0,0,1.0,0.0,0.0,0.0,0.0,-0.861099841528844
0.9631483547582466,-0.7826062478620239,0.0,1,3.0,0.4145544946055903,-0.5355363570976517,0,0,0,1.0,1.0,0.0,1.0,0.0,0.1571550583851332
0.4368912668945862,0.0642919550100224,0.0,1,2.0,-1.141356266424856,-0.6884822296018169,0,0,1,0.0,0.0,0.0,0.0,0.0,-0.861099841528844
0.4368912668945862,-0.7826062478620239,0.0,1,2.0,1.2488834534190183,0.0897188121331492,0,1,0,1.0,1.0,0.0,1.0,0.0,1.1754099582991104
-0.6156229088327345,0.0642919550100224,1.0,0,3.0,-1.191658843983254,-0.2803063598980135,0,1,0,0.0,0.0,1.0,0.0,1.0,-0.3519723915718554
1.489405442621907,-1.62950445073407,0.0,1,2.0,0.0815167397361972,-0.9093125569575392,0,0,0,1.0,0.0,0.0,0.0,0.0,-0.861099841528844
0.9631483547582466,-1.0649056488193729,0.0,1,2.0,0.0797821680962525,-0.5596207004125741,1,1,0,1.0,0.0,0.0,0.0,0.0,-0.861099841528844
-0.0893658209690741,0.62889075692472,0.0,0,0.0,-0.6574107788802689,-0.3359313579434942,0,0,0,0.0,0.0,0.0,1.0,0.0,-0.3519723915718554
0.4368912668945862,-0.2180074459473263,0.0,1,2.0,0.6487216659981324,-0.3554641491979518,1,0,0,1.0,0.0,0.0,0.0,0.0,-0.3519723915718554
0.9631483547582466,0.9111901578820688,0.0,0,3.0,0.2463010455309491,-0.8457966771991923,0,0,0,1.0,0.0,0.0,0.0,0.0,-0.861099841528844
0.4368912668945862,0.3465913559673712,0.0,0,2.0,-0.1075515690177813,-0.4077498175910311,0,0,1,0.0,1.0,0.0,0.0,0.0,0.1571550583851332
-1.1418799966963948,0.62889075692472,1.0,0,0.0,1.0355311417058133,1.365525716317737,0,1,0,1.0,0.0,1.0,0.0,1.0,0.6662825083421218
0.9631483547582466,0.9111901578820688,0.0,1,2.0,0.6088265182794033,-0.9023594322018542,0,0,0,1.0,0.0,0.0,1.0,0.0,0.1571550583851332
-1.6681370845600552,-1.3472050497767214,2.0,0,1.0,0.5828079436802319,1.7546719814270335,0,1,1,0.0,1.0,0.0,1.0,1.0,1.6845374082560989
-1.1418799966963948,-0.2180074459473263,1.0,0,2.0,0.9626791328281336,1.5615626646104246,1,1,0,1.0,1.0,1.0,1.0,1.0,1.1754099582991104
0.9631483547582466,0.9111901578820688,0.0,1,3.0,-1.632240040529222,-0.931910212413516,1,1,0,2.0,0.0,0.0,0.0,0.0,-1.3702272914858324
1.489405442621907,-1.62950445073407,0.0,0,3.0,-1.6738697598878964,-0.9324591433152803,0,0,0,2.0,0.0,0.0,0.0,0.0,-1.3702272914858324
0.9631483547582466,1.4757889597967662,0.0,0,3.0,-0.6019044864020369,-0.9183241725948418,1,0,0,0.0,0.0,0.0,0.0,0.0,-0.861099841528844
0.9631483547582466,-0.2180074459473263,1.0,1,0.0,-1.654789471848504,-0.8769713779952408,0,0,0,2.0,0.0,0.0,0.0,0.0,-1.3702272914858324
0.4368912668945862,0.3465913559673712,1.0,0,0.0,-1.6495857569286696,-0.7723771690881753,1,0,0,2.0,0.0,0.0,0.0,0.0,-1.3702272914858324
-0.6156229088327345,0.0642919550100224,0.0,1,2.0,-0.9522879576708776,-0.0664291572979762,0,0,1,0.0,1.0,1.0,1.0,0.0,0.1571550583851332
-1.1418799966963948,-1.3472050497767214,1.0,0,1.0,1.1239942953429958,1.6268396976785997,0,1,0,1.0,0.0,1.0,0.0,0.0,0.6662825083421218
-0.6156229088327345,1.4757889597967662,0.0,1,2.0,0.5845425153201766,0.4538201048494357,0,0,0,1.0,0.0,0.0,0.0,0.0,-0.3519723915718554
0.9631483547582466,1.4757889597967662,0.0,0,0.0,-1.6599931867683384,-0.9322761663480256,0,0,0,2.0,0.0,0.0,0.0,0.0,-1.3702272914858324
-0.6156229088327345,-0.5003068469046751,0.0,1,1.0,1.4067294726539912,1.3296164864939686,0,0,0,1.0,1.0,0.0,1.0,1.0,1.6845374082560989
0.4368912668945862,-1.0649056488193729,0.0,1,2.0,0.7042279584763649,-0.1291216407036764,1,0,0,1.0,0.0,1.0,0.0,0.0,0.1571550583851332
-0.0893658209690741,-0.2180074459473263,0.0,1,1.0,-1.6808080464476751,-0.632880103677243,0,1,1,2.0,0.0,0.0,0.0,0.0,-1.3702272914858324
-0.0893658209690741,-1.62950445073407,1.0,1,2.0,0.8984999821501775,0.4878309486379348,0,1,1,1.0,0.0,0.0,1.0,0.0,0.6662825083421218
0.9631483547582466,-0.7826062478620239,2.0,1,3.0,-1.3286900035388898,-0.8046497316877531,0,0,0,0.0,0.0,0.0,0.0,1.0,-0.861099841528844
0.4368912668945862,-0.5003068469046751,0.0,1,3.0,-0.6365959192009321,-0.5396533388608863,0,1,0,0.0,0.0,0.0,1.0,0.0,-0.3519723915718554
-0.0893658209690741,-0.2180074459473263,0.0,1,2.0,0.4561842139642645,0.0773221226016317,0,1,1,1.0,0.0,0.0,0.0,0.0,-0.3519723915718554
0.9631483547582466,0.62889075692472,0.0,0,2.0,0.3729247752469165,-0.905470040645187,0,0,1,1.0,0.0,0.0,0.0,0.0,-0.3519723915718554
-1.1418799966963948,0.0642919550100224,0.0,1,1.0,1.0580805730250953,1.4141518453657191,0,1,0,1.0,0.0,1.0,0.0,0.0,0.6662825083421218
1.489405442621907,-1.62950445073407,0.0,1,2.0,0.0745784531764181,-0.9094040454411668,1,0,0,1.0,0.0,0.0,0.0,0.0,-0.861099841528844
0.4368912668945862,0.3465913559673712,0.0,0,3.0,-1.6599931867683384,-0.777454779929498,0,0,0,2.0,0.0,0.0,0.0,0.0,-1.3702272914858324
0.4368912668945862,-1.3472050497767214,0.0,1,3.0,0.731981104715481,-0.1086968367338513,0,1,0,1.0,0.0,0.0,0.0,0.0,0.1571550583851332
-1.1418799966963948,-1.62950445073407,0.0,0,3.0,0.7389193912752601,1.5747598783736825,0,0,0,1.0,0.0,0.0,1.0,0.0,0.1571550583851332
-0.6156229088327345,1.4757889597967662,0.0,1,1.0,1.153482013222057,0.8685145290116938,0,1,1,1.0,0.0,0.0,1.0,0.0,0.6662825083421218
-0.6156229088327345,0.3465913559673712,1.0,1,3.0,-0.1942801510150191,0.1357375193977494,0,0,0,0.0,0.0,0.0,1.0,1.0,0.6662825083421218
-1.6681370845600552,0.0642919550100224,2.0,1,0.0,-0.5880279132824786,0.6695270771220216,0,1,0,0.0,1.0,1.0,0.0,1.0,0.6662825083421218
0.4368912668945862,0.62889075692472,0.0,1,3.0,-0.0416378466998803,-0.4487595303770291,0,1,1,0.0,0.0,1.0,1.0,1.0,0.6662825083421218
-1.6681370845600552,0.62889075692472,1.0,1,0.0,1.2488834534190183,2.1541107009444174,1,1,1,1.0,0.0,0.0,1.0,1.0,1.1754099582991104
-0.6156229088327345,-1.0649056488193729,0.0,1,2.0,0.2532393320907282,0.5217274318218996,0,0,0,1.0,1.0,0.0,0.0,0.0,-0.3519723915718554
-1.6681370845600552,-1.0649056488193729,0.0,1,2.0,1.2506180250589631,2.4650800567940703,0,1,1,1.0,0.0,1.0,1.0,0.0,1.1754099582991104
-1.6681370845600552,-1.3472050497767214,2.0,0,1.0,-1.4587828765347464,-0.0850241915952524,0,1,0,2.0,0.0,0.0,0.0,0.0,-1.3702272914858324
-1.6681370845600552,-1.3472050497767214,2.0,1,1.0,0.8343208314722216,2.0844879649039383,0,1,1,0.0,1.0,1.0,1.0,1.0,2.193664858213088
0.9631483547582466,0.9111901578820688,0.0,1,2.0,0.0208067323381307,-0.9101130811892794,0,1,1,1.0,0.0,0.0,0.0,0.0,-0.861099841528844
-1.1418799966963948,-0.7826062478620239,0.0,1,2.0,1.071957146144653,1.6283492576584524,1,0,0,1.0,1.0,0.0,0.0,0.0,0.6662825083421218
0.9631483547582466,-1.62950445073407,0.0,0,1.0,-0.4405893238871743,-0.6997581852088984,0,1,1,0.0,0.0,0.0,1.0,1.0,0.1571550583851332
0.9631483547582466,0.62889075692472,0.0,1,2.0,1.0997102923837692,-0.7824180301662863,1,1,0,1.0,1.0,0.0,0.0,0.0,0.6662825083421218
-0.6156229088327345,0.3465913559673712,1.0,0,1.0,0.4301656393650931,0.4577083654036017,0,1,1,0.0,1.0,1.0,0.0,1.0,1.6845374082560989
0.4368912668945862,1.4757889597967662,0.0,1,3.0,0.9973705656270287,-0.4095109709008593,0,1,1,1.0,0.0,0.0,1.0,0.0,0.6662825083421218
0.4368912668945862,0.9111901578820688,0.0,1,2.0,-0.5949661998422577,-0.6154058033044029,0,0,0,0.0,0.0,0.0,1.0,0.0,0.1571550583851332
-1.6681370845600552,0.9111901578820688,1.0,1,3.0,1.0060434238267526,1.9470036461328104,0,1,0,1.0,1.0,0.0,0.0,1.0,1.1754099582991104
1.489405442621907,-1.62950445073407,0.0,1,3.0,-0.5949661998422577,-0.9182326841112144,0,0,0,0.0,1.0,0.0,0.0,0.0,-0.3519723915718554
0.9631483547582466,1.1934895588394174,0.0,1,2.0,0.2775233350499549,-0.9067280072950642,0,0,0,1.0,0.0,0.0,0.0,1.0,-0.3519723915718554
0.9631483547582466,0.9111901578820688,0.0,1,2.0,0.4527150706843752,-0.8631566169674981,0,0,0,1.0,0.0,0.0,0.0,0.0,-0.3519723915718554
0.9631483547582466,0.9111901578820688,0.0,1,3.0,-1.6582586151283931,-0.9322532942271188,0,0,0,2.0,0.0,0.0,0.0,0.0,-1.3702272914858324
-0.6156229088327345,1.4757889597967662,2.0,1,0.0,-0.2740704464524778,0.0618148246267813,0,1,0,0.0,1.0,1.0,0.0,1.0,1.1754099582991104
-1.1418799966963948,-1.3472050497767214,2.0,0,0.0,-1.6669314733281173,-0.4254070949311262,0,0,0,2.0,0.0,0.0,0.0,0.0,-1.3702272914858324
0.9631483547582466,-1.0649056488193729,2.0,0,3.0,-1.4882705944138073,-0.8038949516978268,0,1,1,2.0,0.0,0.0,0.0,0.0,-1.3702272914858324
-1.1418799966963948,1.1934895588394174,2.0,1,0.0,1.3893837562545437,1.4798863208520314,0,1,1,1.0,0.0,1.0,1.0,1.0,1.6845374082560989
-1.1418799966963948,0.3465913559673712,0.0,0,1.0,0.4197582095254247,0.9991829557525788,0,0,0,1.0,0.0,0.0,1.0,0.0,-0.3519723915718554
0.9631483547582466,0.62889075692472,0.0,0,0.0,0.3486407722876898,-0.8016763559698615,0,0,0,1.0,0.0,1.0,0.0,0.0,-0.3519723915718554
0.9631483547582466,0.62889075692472,0.0,1,3.0,0.261912190290452,-0.8689890077987471,1,0,0,1.0,0.0,0.0,0.0,0.0,-0.861099841528844
0.9631483547582466,-1.3472050497767214,0.0,1,2.0,-0.7753616503965125,-0.7572815692896484,0,0,0,0.0,0.0,0.0,0.0,0.0,-0.861099841528844
-0.6156229088327345,1.4757889597967662,0.0,1,2.0,1.0840991476242667,0.7124809201851026,0,0,0,1.0,0.0,1.0,0.0,0.0,0.6662825083421218
0.9631483547582466,1.1934895588394174,0.0,0,2.0,0.5689313705606737,-0.8339260464485325,0,0,0,1.0,0.0,1.0,0.0,0.0,0.1571550583851332
0.4368912668945862,0.3465913559673712,0.0,1,2.0,0.2220170425717224,-0.4399766359487952,1,0,0,1.0,0.0,0.0,0.0,0.0,-0.861099841528844
0.9631483547582466,0.62889075692472,0.0,1,0.0,-0.6678182087199376,-0.8338574300858119,0,0,1,0.0,0.0,0.0,0.0,1.0,-0.3519723915718554
-0.0893658209690741,-0.2180074459473263,1.0,0,3.0,-1.6860117613675096,-0.6700930443927023,0,1,0,2.0,0.0,0.0,0.0,0.0,-1.3702272914858324
0.9631483547582466,1.4757889597967662,0.0,1,0.0,-1.1326834082251322,-0.9253230415923406,0,0,0,0.0,0.0,0.0,0.0,0.0,-0.861099841528844
-0.0893658209690741,0.3465913559673712,2.0,0,0.0,0.4475113557645407,0.1423704344607385,0,1,1,0.0,0.0,1.0,1.0,1.0,1.6845374082560989
-1.6681370845600552,-0.5003068469046751,1.0,1,1.0,-0.2463173002133618,1.008812118654366,0,1,0,0.0,0.0,1.0,1.0,1.0,1.1754099582991104
0.9631483547582466,-1.3472050497767214,2.0,1,0.0,-1.4743940212942492,-0.7982684099547395,0,1,1,2.0,0.0,0.0,0.0,0.0,-1.3702272914858324
0.9631483547582466,-0.2180074459473263,0.0,1,2.0,-0.0572489914593832,-0.6914784774406154,0,0,0,0.0,0.0,0.0,0.0,0.0,0.1571550583851332
0.9631483547582466,1.1934895588394174,0.0,1,2.0,-0.6417996341207662,-0.8927073971791598,0,0,0,0.0,0.0,0.0,0.0,0.0,-0.861099841528844
0.9631483547582466,1.1934895588394174,0.0,1,2.0,1.266229169818466,-0.8303808677079694,0,1,0,1.0,0.0,0.0,1.0,1.0,1.1754099582991104
0.9631483547582466,0.62889075692472,0.0,1,2.0,0.0867204546560317,-0.8478094238389958,1,0,0,1.0,0.0,0.0,0.0,0.0,-0.861099841528844
1.489405442621907,-1.62950445073407,0.0,0,2.0,-1.689480904647399,-0.9326649924034424,0,0,0,2.0,0.0,0.0,0.0,0.0,-1.3702272914858324
-0.6156229088327345,-1.3472050497767214,2.0,0,0.0,-1.654789471848504,-0.4715401628002605,0,1,1,2.0,0.0,0.0,0.0,0.0,-1.3702272914858324
0.4368912668945862,0.0642919550100224,0.0,1,2.0,0.7129008166760887,-0.2909190239987961,0,0,0,1.0,0.0,0.0,1.0,0.0,0.1571550583851332
-0.6156229088327345,1.4757889597967662,2.0,1,0.0,0.6070919466394586,0.5667397657665979,0,1,1,0.0,1.0,0.0,1.0,1.0,1.6845374082560989
0.9631483547582466,1.4757889597967662,0.0,0,3.0,-1.6651969016881725,-0.9323447827107462,0,1,1,2.0,0.0,0.0,0.0,0.0,-1.3702272914858324
0.4368912668945862,-1.3472050497767214,1.0,0,3.0,-1.6530549002085593,-0.7402875834558522,0,1,1,2.0,0.0,0.0,0.0,0.0,-1.3702272914858324
-1.1418799966963948,0.9111901578820688,1.0,1,1.0,1.2263340220997363,1.3629411666552622,0,1,1,1.0,1.0,1.0,0.0,0.0,1.1754099582991104
0.4368912668945862,0.62889075692472,0.0,1,2.0,0.6383142361584639,-0.4012312631325763,0,0,0,1.0,0.0,1.0,0.0,0.0,0.1571550583851332
-0.6156229088327345,0.0642919550100224,2.0,0,0.0,-1.4379680168554092,-0.4336639305785023,0,0,0,2.0,0.0,0.0,0.0,0.0,-1.3702272914858324
-1.1418799966963948,-1.3472050497767214,2.0,1,2.0,1.1014448640237142,1.776240391442202,0,0,0,1.0,0.0,1.0,1.0,0.0,1.1754099582991104
0.4368912668945862,0.0642919550100224,0.0,1,2.0,-0.6227193460813738,-0.5708280396569348,0,1,0,0.0,0.0,0.0,0.0,1.0,0.1571550583851332
-0.0893658209690741,-1.62950445073407,0.0,1,2.0,1.4761123382517816,0.730710000547869,1,0,0,1.0,0.0,1.0,1.0,1.0,1.6845374082560989
0.9631483547582466,-1.0649056488193729,0.0,1,0.0,1.0459385715454816,-0.6152914426998686,0,0,0,1.0,0.0,0.0,1.0,0.0,0.6662825083421218
0.4368912668945862,-1.3472050497767214,0.0,1,2.0,0.4371039259248723,0.013897731326912,1,0,0,1.0,0.0,1.0,0.0,0.0,-0.3519723915718554
-1.1418799966963948,-1.3472050497767214,0.0,1,1.0,1.1864388743810068,1.7507837208728678,0,1,0,1.0,0.0,0.0,1.0,1.0,1.1754099582991104
0.4368912668945862,-0.2180074459473263,0.0,0,3.0,-1.519492883932813,-0.7539422396372469,0,1,1,2.0,0.0,0.0,0.0,0.0,-1.3702272914858324
0.9631483547582466,-0.2180074459473263,0.0,1,0.0,0.9349259865890172,-0.7297435357177904,0,0,0,1.0,0.0,0.0,0.0,0.0,0.1571550583851332
-1.6681370845600552,-0.7826062478620239,2.0,0,1.0,-1.6495857569286696,-0.2744510969458577,0,1,1,2.0,0.0,0.0,0.0,0.0,-1.3702272914858324
-1.1418799966963948,-1.3472050497767214,0.0,1,0.0,1.4414209054528864,2.0652525112212707,0,1,0,1.0,1.0,0.0,1.0,1.0,1.6845374082560989
0.4368912668945862,1.1934895588394174,0.0,1,0.0,0.7579996793146523,-0.4600354859841105,0,0,0,1.0,0.0,1.0,0.0,0.0,0.1571550583851332
-1.1418799966963948,1.1934895588394174,1.0,1,0.0,0.8932962672303435,1.272184590896846,1,1,0,1.0,1.0,0.0,1.0,0.0,0.6662825083421218
-0.0893658209690741,-0.5003068469046751,0.0,1,1.0,0.4145544946055903,0.1583123027328191,0,0,0,1.0,0.0,0.0,0.0,1.0,-0.3519723915718554
0.4368912668945862,-0.2180074459473263,0.0,1,0.0,1.108383150583493,-0.1285955819228186,0,0,0,1.0,0.0,0.0,0.0,1.0,0.6662825083421218
-0.0893658209690741,-1.3472050497767214,2.0,1,1.0,0.867277692631172,0.6043644046583807,0,1,1,0.0,1.0,1.0,1.0,1.0,2.193664858213088
-0.0893658209690741,-0.2180074459473263,1.0,0,3.0,0.090189597935921,0.0657259573018543,0,1,0,0.0,1.0,1.0,0.0,1.0,1.1754099582991104
-1.6681370845600552,0.3465913559673712,1.0,0,1.0,1.273167456378245,2.1780578115338987,1,1,0,1.0,0.0,1.0,1.0,0.0,1.1754099582991104
0.4368912668945862,-0.7826062478620239,1.0,0,3.0,-1.6513203285686144,-0.7241169939747031,0,0,0,2.0,0.0,0.0,0.0,0.0,-1.3702272914858324
0.9631483547582466,0.0642919550100224,0.0,1,0.0,-1.6530549002085593,-0.8615326963831111,0,1,1,2.0,0.0,0.0,0.0,0.0,-1.3702272914858324
0.9631483547582466,1.4757889597967662,0.0,1,3.0,0.0780475964563079,-0.909358301199353,0,0,0,1.0,0.0,0.0,0.0,0.0,-0.861099841528844
-1.1418799966963948,-1.3472050497767214,1.0,1,2.0,1.27490202801819,1.9036609770143127,0,0,0,1.0,0.0,0.0,1.0,1.0,1.1754099582991104
0.9631483547582466,0.3465913559673712,0.0,1,2.0,0.4058816364058665,-0.8522237431740196,1,0,0,1.0,0.0,0.0,0.0,0.0,-0.3519723915718554
0.4368912668945862,-0.7826062478620239,0.0,1,2.0,0.9297222716691832,-0.1693079571370274,0,1,0,1.0,0.0,0.0,0.0,0.0,0.1571550583851332
-1.1418799966963948,0.3465913559673712,0.0,0,1.0,1.3200008906567535,1.5021180223734985,0,1,1,1.0,1.0,0.0,1.0,0.0,1.1754099582991104
-0.6156229088327345,0.0642919550100224,0.0,1,3.0,-0.4388547522472297,0.0371129340473738,0,0,1,0.0,1.0,1.0,0.0,0.0,0.1571550583851332
-1.6681370845600552,-0.5003068469046751,0.0,1,0.0,0.7527959643948178,1.8615762745456923,1,1,0,1.0,0.0,1.0,0.0,0.0,0.1571550583851332
0.4368912668945862,-1.3472050497767214,0.0,1,2.0,0.6261722346788509,0.0224519045460774,0,0,0,1.0,0.0,1.0,1.0,1.0,0.6662825083421218
0.9631483547582466,0.0642919550100224,0.0,1,2.0,-0.6487379206805451,-0.8422286263377222,0,0,0,0.0,0.0,0.0,0.0,1.0,-0.3519723915718554
0.9631483547582466,0.9111901578820688,0.0,1,2.0,-1.2835911409003262,-0.9144359120406758,0,0,0,0.0,0.0,0.0,0.0,1.0,-0.861099841528844
0.4368912668945862,-1.62950445073407,0.0,0,2.0,0.6244376630389062,0.064490862772884,0,1,1,1.0,0.0,0.0,0.0,1.0,0.1571550583851332
0.9631483547582466,-1.3472050497767214,0.0,1,1.0,0.594949945159845,-0.484096957178126,0,1,0,1.0,0.0,1.0,0.0,0.0,0.1571550583851332
0.9631483547582466,0.0642919550100224,0.0,1,2.0,-1.326955431898945,-0.8872409602824205,0,0,0,0.0,0.0,0.0,1.0,0.0,-0.861099841528844
0.9631483547582466,1.4757889597967662,0.0,0,1.0,0.4388384975648169,-0.855402967980073,0,0,1,1.0,1.0,0.0,0.0,0.0,-0.3519723915718554
0.9631483547582466,-1.0649056488193729,0.0,1,2.0,-0.1040824257378915,-0.6138733712036434,0,0,0,0.0,0.0,0.0,0.0,0.0,0.1571550583851332
0.9631483547582466,1.4757889597967662,0.0,1,3.0,-1.6929500479272883,-0.932710736645256,0,0,0,2.0,0.0,0.0,0.0,0.0,-1.3702272914858324
0.4368912668945862,-1.3472050497767214,2.0,1,0.0,-1.519492883932813,-0.672746210417898,0,1,1,2.0,0.0,0.0,0.0,0.0,-1.3702272914858324
0.9631483547582466,0.3465913559673712,0.0,0,3.0,-1.677338903167786,-0.885228213642617,0,1,1,2.0,0.0,0.0,0.0,0.0,-1.3702272914858324
1.489405442621907,-1.62950445073407,0.0,1,0.0,-0.6747564952797165,-0.9192848016729298,0,0,0,0.0,1.0,0.0,0.0,0.0,-0.3519723915718554
-0.6156229088327345,0.62889075692472,0.0,1,0.0,0.9366605582289624,0.8187905381601827,0,1,1,1.0,0.0,0.0,1.0,0.0,0.6662825083421218
0.9631483547582466,0.62889075692472,0.0,1,3.0,0.4076162080458116,-0.871596429582129,0,0,0,1.0,0.0,0.0,0.0,0.0,-0.3519723915718554
0.9631483547582466,-0.2180074459473263,0.0,0,0.0,0.2966036230893471,-0.7110798850577935,1,0,0,1.0,1.0,0.0,0.0,0.0,-0.3519723915718554
-0.0893658209690741,-0.7826062478620239,0.0,1,3.0,0.5602585123609499,0.3896866778266033,0,1,1,1.0,0.0,0.0,1.0,0.0,0.1571550583851332
0.9631483547582466,0.3465913559673712,0.0,1,1.0,0.2515047604507835,-0.8422972427004428,0,1,0,1.0,0.0,0.0,0.0,0.0,-0.861099841528844
0.9631483547582466,1.4757889597967662,0.0,1,2.0,0.0676401666166389,-0.9094955339247942,1,0,0,1.0,0.0,0.0,0.0,0.0,-0.861099841528844
0.9631483547582466,1.4757889597967662,0.0,1,3.0,-0.4562004686466772,-0.9164029144386656,0,0,0,0.0,0.0,0.0,0.0,0.0,-0.3519723915718554
0.4368912668945862,0.0642919550100224,0.0,1,2.0,0.7129008166760887,-0.2909190239987961,0,0,0,1.0,0.0,0.0,1.0,0.0,0.1571550583851332
0.9631483547582466,0.62889075692472,0.0,1,2.0,0.3989433498460878,-0.8476493189926478,1,0,0,1.0,0.0,1.0,0.0,0.0,-0.3519723915718554
0.9631483547582466,0.3465913559673712,0.0,1,3.0,-0.6626144938001034,-0.8054273837985864,0,1,1,0.0,0.0,0.0,0.0,1.0,-0.3519723915718554
0.9631483547582466,0.62889075692472,0.0,0,2.0,-0.6019044864020369,-0.9183241725948418,0,0,0,0.0,0.0,1.0,0.0,0.0,-0.3519723915718554
0.9631483547582466,-0.5003068469046751,0.0,0,2.0,0.4388384975648169,-0.6423262896117757,0,0,0,1.0,0.0,1.0,1.0,0.0,0.1571550583851332
-1.1418799966963948,-0.5003068469046751,2.0,1,1.0,0.0849858830160865,0.9453419831378328,0,1,0,0.0,1.0,1.0,0.0,1.0,1.1754099582991104
0.4368912668945862,-0.2180074459473263,0.0,1,2.0,1.0927720058239905,-0.1441486241394826,0,1,0,1.0,1.0,0.0,0.0,0.0,0.6662825083421218
0.4368912668945862,-0.5003068469046751,0.0,0,0.0,-0.088471280978389,-0.2898669064370804,0,0,0,0.0,1.0,0.0,1.0,0.0,0.6662825083421218
0.9631483547582466,0.62889075692472,0.0,1,0.0,1.0476731431854265,-0.7601634565239127,0,0,1,1.0,0.0,0.0,1.0,1.0,1.1754099582991104
-0.6156229088327345,-1.0649056488193729,1.0,0,1.0,-0.1804035778954608,0.3355026233982547,1,0,0,0.0,1.0,0.0,1.0,0.0,0.6662825083421218
-1.1418799966963948,-1.62950445073407,2.0,1,0.0,0.4544496423243199,1.3348542021816392,0,1,1,0.0,0.0,0.0,1.0,1.0,1.1754099582991104
0.9631483547582466,1.1934895588394174,0.0,1,3.0,-1.6860117613675096,-0.9326192481616286,0,0,0,2.0,0.0,0.0,0.0,0.0,-1.3702272914858324
-1.1418799966963948,-1.62950445073407,0.0,1,2.0,0.4943447900430495,1.3022385577684588,1,1,0,1.0,0.0,1.0,0.0,0.0,-0.3519723915718554
0.9631483547582466,0.62889075692472,0.0,0,2.0,0.2584430470105622,-0.7867866052594964,0,0,0,1.0,0.0,0.0,0.0,0.0,-0.861099841528844
-1.6681370845600552,1.1934895588394174,1.0,1,2.0,1.321735462296698,2.0051217053571384,1,0,0,1.0,0.0,0.0,1.0,1.0,1.1754099582991104
0.9631483547582466,0.62889075692472,0.0,1,3.0,-1.0771771157469,-0.8917238959801649,0,0,0,0.0,0.0,1.0,0.0,1.0,-0.3519723915718554
0.4368912668945862,1.4757889597967662,0.0,1,2.0,0.5862770869601213,-0.3907329596363281,0,1,1,1.0,0.0,0.0,0.0,0.0,-0.3519723915718554
-1.1418799966963948,0.9111901578820688,0.0,0,2.0,1.7189523678440477,1.546535681174618,1,1,0,1.0,1.0,1.0,1.0,1.0,2.193664858213088
0.4368912668945862,-0.5003068469046751,0.0,1,1.0,1.1291980102628305,-0.1992704355250125,1,1,0,1.0,0.0,0.0,1.0,0.0,0.6662825083421218
-1.6681370845600552,0.3465913559673712,1.0,1,2.0,1.330408320496422,2.2514087032821952,1,1,0,1.0,0.0,1.0,1.0,0.0,1.1754099582991104
0.9631483547582466,0.3465913559673712,0.0,0,2.0,0.4492459274044854,-0.8029571947406455,0,1,1,1.0,0.0,0.0,0.0,0.0,-0.3519723915718554
-1.6681370845600552,-1.0649056488193729,1.0,0,0.0,1.1326671535427195,2.31268311519167,0,1,1,1.0,0.0,1.0,0.0,0.0,0.6662825083421218
-0.0893658209690741,-0.2180074459473263,0.0,1,2.0,-0.4388547522472297,-0.1566368021546275,0,0,0,0.0,0.0,0.0,1.0,1.0,0.1571550583851332
-0.0893658209690741,1.1934895588394174,0.0,1,3.0,1.2107228773402336,0.2754404338968432,1,0,0,1.0,1.0,1.0,0.0,0.0,1.1754099582991104
0.9631483547582466,-1.3472050497767214,1.0,1,3.0,-1.6704006166080068,-0.8751187362017853,0,1,1,2.0,0.0,0.0,0.0,0.0,-1.3702272914858324
-0.0893658209690741,-0.5003068469046751,1.0,1,1.0,-0.4908919014455724,-0.0918400836254964,0,1,0,0.0,0.0,1.0,0.0,1.0,0.1571550583851332
0.9631483547582466,-0.2180074459473263,0.0,0,2.0,0.7423885345551493,-0.6772291461156424,0,0,0,1.0,0.0,0.0,0.0,0.0,0.1571550583851332
-0.0893658209690741,-0.7826062478620239,0.0,1,2.0,-0.4041633194483345,-0.1336274485223275,1,0,0,0.0,0.0,1.0,1.0,0.0,0.6662825083421218
1.489405442621907,-1.62950445073407,0.0,1,2.0,0.7406539629152047,-0.9006211510129329,0,0,0,1.0,0.0,0.0,0.0,0.0,0.1571550583851332
-1.1418799966963948,-0.5003068469046751,2.0,1,0.0,-0.3607990284497157,0.5525361786834385,0,1,0,0.0,0.0,1.0,1.0,1.0,1.1754099582991104
0.9631483547582466,1.1934895588394174,0.0,0,3.0,-1.6582586151283931,-0.9322532942271188,0,0,0,2.0,0.0,0.0,0.0,0.0,-1.3702272914858324
-1.6681370845600552,-0.7826062478620239,2.0,1,1.0,0.2688504768502311,1.5339560146758455,1,1,0,1.0,0.0,0.0,0.0,0.0,-0.861099841528844
0.4368912668945862,1.4757889597967662,1.0,0,3.0,-0.4232436074877267,-0.5777125480498994,0,0,0,0.0,1.0,0.0,0.0,1.0,0.1571550583851332
0.9631483547582466,-1.3472050497767214,0.0,0,0.0,-1.6825426180876202,-0.8508285437987012,0,1,1,2.0,0.0,0.0,0.0,0.0,-1.3702272914858324
0.9631483547582466,-0.2180074459473263,2.0,1,3.0,-1.6669314733281173,-0.8743868283327658,0,1,1,2.0,0.0,0.0,0.0,0.0,-1.3702272914858324
-1.1418799966963948,-0.5003068469046751,1.0,1,0.0,1.2714328847383,1.709270821426919,1,1,1,1.0,1.0,0.0,1.0,0.0,1.1754099582991104
0.9631483547582466,-0.5003068469046751,0.0,1,2.0,0.5758696571204528,-0.7338833896019318,0,1,1,1.0,1.0,0.0,1.0,0.0,0.1571550583851332
0.4368912668945862,-1.62950445073407,0.0,1,2.0,0.9991051372669736,0.0113817980271575,1,0,0,1.0,0.0,0.0,0.0,0.0,0.1571550583851332
-1.6681370845600552,1.4757889597967662,2.0,0,0.0,1.6530386455261463,2.3334052567332844,0,1,1,1.0,1.0,1.0,1.0,1.0,2.193664858213088
-0.0893658209690741,-1.0649056488193729,1.0,1,0.0,0.1925293246926617,0.2758521320731667,0,1,1,0.0,0.0,0.0,0.0,1.0,0.6662825083421218
0.9631483547582466,-1.3472050497767214,0.0,1,3.0,-1.3390974333785584,-0.7786441302166546,1,1,1,0.0,0.0,0.0,0.0,1.0,-0.861099841528844
1.489405442621907,-1.62950445073407,0.0,1,2.0,-0.6175156311615395,-0.9185300216830036,0,0,0,0.0,0.0,0.0,0.0,0.0,-0.861099841528844
-1.6681370845600552,0.3465913559673712,1.0,1,2.0,-1.6495857569286696,-0.3195549193741833,0,1,1,2.0,0.0,0.0,0.0,0.0,-1.3702272914858324
-0.0893658209690741,0.62889075692472,0.0,0,0.0,1.1326671535427195,0.3754144743807234,0,0,0,1.0,0.0,0.0,1.0,0.0,0.6662825083421218
0.9631483547582466,0.0642919550100224,1.0,0,3.0,-1.6651969016881725,-0.8622417321312237,0,0,0,2.0,0.0,0.0,0.0,0.0,-1.3702272914858324
0.9631483547582466,-0.5003068469046751,0.0,1,2.0,-0.6261884893612634,-0.7742298108816309,0,0,0,0.0,1.0,0.0,0.0,0.0,-0.3519723915718554
0.9631483547582466,-0.2180074459473263,0.0,0,0.0,-0.2428481569334722,-0.6889625441408609,1,1,0,0.0,1.0,0.0,0.0,0.0,0.1571550583851332
0.9631483547582466,-1.3472050497767214,1.0,0,0.0,-1.519492883932813,-0.8226043465996373,0,1,0,0.0,0.0,0.0,0.0,0.0,-1.3702272914858324
0.9631483547582466,0.0642919550100224,0.0,1,1.0,-0.4579350402866219,-0.8639342690783313,0,0,1,0.0,0.0,0.0,0.0,0.0,-0.3519723915718554
-1.1418799966963948,1.1934895588394174,2.0,1,0.0,1.3893837562545437,1.4798863208520314,0,1,1,1.0,0.0,1.0,1.0,1.0,1.6845374082560989
0.4368912668945862,0.62889075692472,0.0,1,2.0,0.5793388004003421,-0.4313081021250957,0,0,0,1.0,0.0,0.0,0.0,0.0,-0.3519723915718554
0.4368912668945862,1.1934895588394174,0.0,1,2.0,0.9488025597085754,-0.377124047696747,1,1,0,1.0,0.0,0.0,0.0,0.0,0.1571550583851332
0.9631483547582466,0.9111901578820688,0.0,1,2.0,0.1023315994155341,-0.909038091506657,0,0,0,1.0,0.0,0.0,0.0,0.0,-0.861099841528844
0.9631483547582466,-0.7826062478620239,0.0,1,2.0,1.087568290904156,-0.6370428296822913,1,1,0,1.0,0.0,0.0,1.0,0.0,0.6662825083421218
0.4368912668945862,-1.3472050497767214,0.0,1,2.0,1.5021309128509528,0.1184919402339777,0,1,0,1.0,0.0,1.0,1.0,1.0,1.6845374082560989
-0.6156229088327345,-1.62950445073407,0.0,0,2.0,1.0927720058239905,1.3572002643076404,0,1,0,1.0,0.0,1.0,1.0,0.0,1.1754099582991104
-0.6156229088327345,-1.3472050497767214,0.0,1,1.0,1.2905131727776922,1.3839835178895723,0,1,0,1.0,0.0,1.0,0.0,1.0,1.1754099582991104
0.4368912668945862,0.3465913559673712,0.0,0,3.0,-0.5689476252430864,-0.5295209892991478,0,0,0,0.0,0.0,0.0,0.0,1.0,-0.3519723915718554
0.9631483547582466,0.62889075692472,0.0,1,2.0,0.2757887634100097,-0.8240681623376763,0,1,0,1.0,0.0,0.0,0.0,0.0,-0.861099841528844
-1.6681370845600552,-0.2180074459473263,2.0,0,1.0,-1.4865360227738629,-0.1961826992025865,0,1,0,2.0,0.0,0.0,0.0,0.0,-1.3702272914858324
0.9631483547582466,0.3465913559673712,0.0,1,2.0,1.0424694282655924,-0.7655612770579313,0,1,1,1.0,0.0,1.0,0.0,0.0,0.6662825083421218
-0.6156229088327345,0.62889075692472,1.0,1,2.0,1.0858337192642114,0.7760654163061702,0,1,0,1.0,1.0,0.0,1.0,1.0,1.1754099582991104
0.9631483547582466,0.62889075692472,0.0,0,3.0,-1.1396216947849114,-0.925414530075968,0,0,0,0.0,0.0,0.0,0.0,0.0,-0.861099841528844
0.9631483547582466,-0.5003068469046751,0.0,1,1.0,-1.64611661364878,-0.8739522580355356,0,0,0,2.0,0.0,0.0,0.0,0.0,-1.3702272914858324
-1.1418799966963948,-1.62950445073407,1.0,1,2.0,1.7588475155627763,2.427935732441332,0,0,0,1.0,1.0,1.0,1.0,1.0,2.193664858213088
-0.0893658209690741,-0.5003068469046751,0.0,1,1.0,-1.4848014511339178,-0.6153600590625892,0,0,0,0.0,0.0,0.0,0.0,0.0,-1.3702272914858324
0.9631483547582466,1.4757889597967662,0.0,1,3.0,0.0416215920174676,-0.9098386157383972,0,1,1,1.0,0.0,0.0,0.0,0.0,-0.861099841528844
0.9631483547582466,0.9111901578820688,0.0,1,2.0,0.1023315994155341,-0.909038091506657,0,0,0,1.0,0.0,0.0,0.0,0.0,-0.861099841528844
0.9631483547582466,0.9111901578820688,0.0,0,3.0,-1.7016229061270125,-0.9029312352245256,0,1,1,2.0,0.0,0.0,0.0,0.0,-1.3702272914858324
0.9631483547582466,0.0642919550100224,0.0,1,2.0,1.0684880028647636,-0.8071199207456938,0,0,0,1.0,0.0,0.0,1.0,1.0,1.1754099582991104
-1.1418799966963948,0.9111901578820688,1.0,1,3.0,0.4266964960852039,1.024456649354658,0,0,0,1.0,0.0,1.0,0.0,0.0,-0.3519723915718554
0.4368912668945862,0.0642919550100224,0.0,0,1.0,0.7736108240741552,-0.2762579944974994,0,1,0,1.0,1.0,1.0,1.0,0.0,0.6662825083421218
0.4368912668945862,-1.62950445073407,0.0,1,2.0,0.7874873971937129,-0.0525457799075128,0,0,0,1.0,0.0,0.0,0.0,1.0,0.1571550583851332
-0.0893658209690741,1.4757889597967662,0.0,1,0.0,0.7371848196353153,0.0913427327175362,0,1,1,1.0,0.0,1.0,1.0,0.0,0.6662825083421218
0.9631483547582466,0.9111901578820688,0.0,1,2.0,0.1023315994155341,-0.909038091506657,0,0,0,1.0,0.0,0.0,0.0,0.0,-0.861099841528844
0.9631483547582466,0.62889075692472,0.0,1,2.0,0.9123765552697356,-0.8648262817936988,0,1,0,1.0,0.0,0.0,0.0,1.0,0.6662825083421218
-1.1418799966963948,-1.3472050497767214,2.0,0,3.0,-1.640912898728946,-0.4414633238077411,0,0,0,2.0,0.0,0.0,0.0,0.0,-1.3702272914858324
-0.6156229088327345,1.1934895588394174,0.0,1,2.0,0.9279877000292386,0.7164606692228962,0,1,1,1.0,0.0,1.0,1.0,0.0,0.6662825083421218
-0.0893658209690741,0.9111901578820688,0.0,1,1.0,0.7857528255537682,0.1026873046873383,0,0,0,1.0,0.0,1.0,0.0,0.0,0.1571550583851332
0.9631483547582466,1.1934895588394174,0.0,1,2.0,-0.6088427729618158,-0.9184156610784692,0,1,0,0.0,0.0,0.0,1.0,0.0,0.1571550583851332
0.9631483547582466,0.9111901578820688,0.0,1,3.0,0.0884550262959763,-0.9092210684739118,1,1,0,1.0,0.0,0.0,0.0,0.0,-0.861099841528844
-0.0893658209690741,-0.2180074459473263,1.0,1,3.0,-1.097991975426237,-0.4149087914348779,0,1,1,0.0,0.0,0.0,1.0,1.0,-0.3519723915718554
0.9631483547582466,-1.62950445073407,0.0,1,2.0,1.0615497163049843,-0.4667370174098201,0,1,0,1.0,0.0,0.0,1.0,0.0,0.6662825083421218
-1.6681370845600552,-1.3472050497767214,2.0,1,2.0,-0.1110207122976706,1.229596701768275,0,1,0,0.0,1.0,1.0,1.0,1.0,1.6845374082560989
-0.0893658209690741,0.9111901578820688,0.0,1,1.0,-1.311344287139442,-0.5705307020851458,0,0,0,0.0,0.0,0.0,0.0,1.0,-0.861099841528844
0.9631483547582466,0.0642919550100224,0.0,1,3.0,-0.7840345085962364,-0.851354602579559,0,0,0,0.0,0.0,0.0,0.0,0.0,-0.861099841528844
0.9631483547582466,0.0642919550100224,0.0,1,3.0,-0.600169914762092,-0.8271101544182885,0,0,0,0.0,0.0,0.0,0.0,0.0,-0.861099841528844
-1.1418799966963948,0.0642919550100224,1.0,1,3.0,1.1448091550223332,1.59829529078684,0,0,0,1.0,1.0,1.0,0.0,0.0,1.1754099582991104
-1.1418799966963948,0.62889075692472,1.0,0,2.0,-0.2983544494117045,0.4375808990055659,0,1,1,0.0,1.0,1.0,1.0,0.0,1.1754099582991104
0.4368912668945862,0.62889075692472,0.0,1,0.0,-0.1110207122976706,-0.5109945713645921,0,1,0,0.0,1.0,0.0,0.0,0.0,0.1571550583851332
0.9631483547582466,1.4757889597967662,0.0,1,2.0,-0.8117876548353523,-0.9002551970784233,0,1,1,0.0,0.0,0.0,0.0,0.0,-0.861099841528844
0.9631483547582466,-1.62950445073407,0.0,1,1.0,0.2029367545323301,-0.5428325636669395,0,0,1,1.0,0.0,0.0,0.0,0.0,-0.861099841528844
0.9631483547582466,-0.7826062478620239,0.0,1,2.0,1.087568290904156,-0.6370428296822913,1,1,0,1.0,0.0,0.0,1.0,0.0,0.6662825083421218
0.9631483547582466,0.3465913559673712,0.0,1,3.0,0.7094316733961988,-0.8215751011588287,0,0,0,1.0,0.0,0.0,1.0,1.0,0.6662825083421218
0.9631483547582466,0.3465913559673712,0.0,1,2.0,0.0589673084169152,-0.8812255924839166,1,0,0,1.0,0.0,0.0,0.0,0.0,-0.861099841528844
1.489405442621907,-1.62950445073407,0.0,0,2.0,-1.6704006166080068,-0.9324133990734668,0,0,0,2.0,0.0,0.0,0.0,0.0,-1.3702272914858324
-1.6681370845600552,-0.2180074459473263,2.0,0,0.0,0.6036228033595689,1.6019319580110305,0,1,1,0.0,0.0,1.0,1.0,1.0,1.6845374082560989
0.4368912668945862,-1.0649056488193729,0.0,1,0.0,-0.2758050180924224,-0.2982838469308045,0,1,0,0.0,1.0,0.0,0.0,0.0,0.1571550583851332
-0.0893658209690741,-1.62950445073407,2.0,1,1.0,-0.1769344346155715,0.100949023498417,0,1,1,0.0,1.0,0.0,1.0,1.0,0.6662825083421218
-1.6681370845600552,-1.3472050497767214,2.0,1,2.0,1.7449709424432187,2.9683810773495,0,0,0,1.0,1.0,1.0,1.0,1.0,2.193664858213088
-0.0893658209690741,0.9111901578820688,0.0,0,1.0,0.7076971017562542,0.1874056405263435,1,0,0,1.0,0.0,0.0,1.0,0.0,0.1571550583851332
-0.0893658209690741,-0.7826062478620239,0.0,0,2.0,1.143074583382388,0.67208875466359,0,1,0,1.0,0.0,0.0,1.0,0.0,0.6662825083421218
-1.1418799966963948,-0.7826062478620239,1.0,1,0.0,1.2506180250589631,1.6380927811647743,0,0,0,1.0,1.0,0.0,1.0,0.0,1.1754099582991104
0.9631483547582466,0.9111901578820688,0.0,1,2.0,0.0711093098965287,-0.9094497896829804,1,0,0,1.0,0.0,0.0,0.0,0.0,-0.861099841528844
-0.0893658209690741,1.4757889597967662,1.0,0,0.0,0.3833322050865849,-0.0108956477361228,0,1,1,1.0,0.0,0.0,0.0,0.0,-0.3519723915718554
0.9631483547582466,-0.2180074459473263,0.0,0,3.0,0.7527959643948178,-0.7741840666398171,0,0,1,1.0,0.0,1.0,0.0,0.0,0.1571550583851332
0.4368912668945862,-1.0649056488193729,1.0,0,3.0,0.3330296275281869,-0.1981039573587627,0,1,1,0.0,1.0,1.0,0.0,1.0,1.1754099582991104
0.4368912668945862,0.9111901578820688,0.0,0,2.0,-1.6565240434884487,-0.7852999174005506,0,1,1,2.0,0.0,0.0,0.0,0.0,-1.3702272914858324
0.9631483547582466,1.1934895588394174,0.0,0,2.0,0.0364178770976336,-0.886669157259749,0,0,0,1.0,0.0,0.0,0.0,0.0,-0.861099841528844
-1.6681370845600552,1.1934895588394174,2.0,0,3.0,-1.6721351882479514,-0.3578199776513582,0,1,1,2.0,0.0,0.0,0.0,0.0,-1.3702272914858324
-1.6681370845600552,0.62889075692472,2.0,1,1.0,1.3165317473768636,2.1350810963499103,1,1,0,1.0,0.0,1.0,1.0,1.0,1.6845374082560989
-0.0893658209690741,1.1934895588394174,1.0,1,2.0,0.6244376630389062,0.0741200256746715,1,1,0,1.0,1.0,0.0,1.0,0.0,0.1571550583851332
0.9631483547582466,0.62889075692472,0.0,0,3.0,0.9626791328281336,-0.897693519536855,0,0,0,1.0,0.0,0.0,0.0,0.0,0.1571550583851332
0.9631483547582466,-0.2180074459473263,0.0,0,3.0,-1.689480904647399,-0.8696980435468598,0,0,0,2.0,0.0,0.0,0.0,0.0,-1.3702272914858324
-1.1418799966963948,1.1934895588394174,0.0,1,2.0,1.0788954327044322,1.3632156321061442,0,0,0,1.0,0.0,1.0,1.0,0.0,1.1754099582991104
-0.0893658209690741,-0.5003068469046751,0.0,1,2.0,0.5932153735199004,0.2589953789648118,0,1,0,1.0,0.0,0.0,0.0,0.0,-0.3519723915718554
-0.0893658209690741,1.4757889597967662,0.0,1,0.0,1.130932581902775,0.2478795282040783,0,0,0,1.0,0.0,0.0,1.0,0.0,0.6662825083421218
0.4368912668945862,-1.0649056488193729,2.0,1,1.0,-1.46745573473447,-0.705979402095564,0,1,1,2.0,0.0,0.0,0.0,0.0,-1.3702272914858324
0.4368912668945862,-1.62950445073407,1.0,0,3.0,-1.6599931867683384,-0.70353208515853,0,1,1,2.0,0.0,0.0,0.0,0.0,-1.3702272914858324
0.4368912668945862,-0.5003068469046751,0.0,1,2.0,0.3590482021273583,-0.2594241135100513,0,0,0,1.0,0.0,1.0,1.0,0.0,0.1571550583851332
-0.0893658209690741,-0.5003068469046751,0.0,1,2.0,0.8828888373906745,0.4729640700484765,0,1,0,1.0,0.0,1.0,1.0,0.0,0.6662825083421218
-0.0893658209690741,0.9111901578820688,1.0,1,1.0,-0.2740704464524778,-0.1720068674040367,0,1,1,0.0,0.0,1.0,1.0,1.0,1.1754099582991104
-1.6681370845600552,1.1934895588394174,2.0,1,0.0,0.6521908092780222,1.4873426322676675,0,0,0,0.0,1.0,1.0,1.0,1.0,2.193664858213088
0.9631483547582466,0.62889075692472,0.0,1,3.0,-0.6331267759210425,-0.9187358707711653,0,0,0,0.0,0.0,0.0,1.0,0.0,-0.3519723915718554
0.4368912668945862,0.62889075692472,0.0,1,0.0,0.2601776186505073,-0.3364574167243521,0,1,0,0.0,0.0,1.0,0.0,0.0,0.6662825083421218
-1.6681370845600552,-1.3472050497767214,1.0,1,1.0,0.9939014223471392,2.069392365105412,1,1,0,1.0,1.0,1.0,0.0,0.0,0.6662825083421218
-1.6681370845600552,-1.3472050497767214,2.0,1,1.0,1.5559026336892403,2.8061948679989634,0,0,0,1.0,1.0,1.0,1.0,1.0,2.193664858213088
-1.1418799966963948,0.3465913559673712,1.0,1,2.0,1.0823645759843217,1.5457122848219715,1,1,0,1.0,0.0,0.0,1.0,1.0,1.1754099582991104
0.9631483547582466,-0.5003068469046751,0.0,1,2.0,0.4544496423243199,-0.771439412130994,1,1,0,1.0,0.0,1.0,0.0,0.0,-0.3519723915718554
-0.0893658209690741,-0.7826062478620239,2.0,0,1.0,-0.0086809855409299,0.1286471619166231,0,0,1,0.0,1.0,0.0,1.0,1.0,1.1754099582991104
0.9631483547582466,1.4757889597967662,0.0,1,3.0,-0.6053736296819262,-0.9183699168366554,0,0,0,0.0,0.0,0.0,1.0,0.0,-0.3519723915718554
-0.0893658209690741,1.1934895588394174,0.0,1,2.0,0.0919241695758656,-0.0522255702148168,1,1,0,1.0,0.0,0.0,0.0,0.0,-0.861099841528844
0.9631483547582466,0.62889075692472,0.0,1,2.0,0.0502944502171914,-0.8539162801211272,0,0,0,0.0,0.0,0.0,0.0,1.0,0.6662825083421218
0.9631483547582466,-0.2180074459473263,0.0,1,3.0,0.9019691254300672,-0.7187420455615913,0,0,0,1.0,0.0,0.0,0.0,0.0,0.1571550583851332
-0.6156229088327345,-1.3472050497767214,1.0,1,0.0,0.2064058978122195,0.6968363894848112,0,0,0,0.0,0.0,1.0,1.0,1.0,1.1754099582991104
-1.6681370845600552,0.0642919550100224,2.0,1,0.0,1.5021309128509528,2.50345947567578,0,1,1,1.0,0.0,1.0,1.0,1.0,1.6845374082560989
0.9631483547582466,0.9111901578820688,0.0,1,2.0,0.2254861858516122,-0.8776804137433535,0,1,0,1.0,1.0,0.0,0.0,0.0,-0.3519723915718554
1.489405442621907,-1.62950445073407,0.0,1,3.0,-1.4830668794939732,-0.929943210015526,0,0,0,0.0,0.0,0.0,0.0,0.0,-1.3702272914858324
0.9631483547582466,-1.0649056488193729,0.0,0,2.0,0.1977330396124957,-0.7035778294003437,0,0,0,1.0,0.0,0.0,0.0,0.0,-0.861099841528844
-0.0893658209690741,0.9111901578820688,0.0,0,3.0,-0.6244539177213186,-0.2963397166537216,0,1,1,0.0,0.0,0.0,0.0,0.0,-0.861099841528844
0.9631483547582466,1.1934895588394174,0.0,0,1.0,0.6174993764791271,-0.8239995459749557,0,0,0,1.0,0.0,0.0,1.0,0.0,0.1571550583851332
0.9631483547582466,-1.3472050497767214,0.0,0,3.0,-1.6443820420088353,-0.8245713489976272,0,1,1,2.0,0.0,0.0,0.0,0.0,-1.3702272914858324
-0.0893658209690741,1.4757889597967662,1.0,1,1.0,0.6678019540375251,0.098821916254079,0,0,0,1.0,1.0,0.0,1.0,1.0,0.6662825083421218
0.9631483547582466,-0.7826062478620239,0.0,1,2.0,-0.0832675660585546,-0.6592516590828512,0,1,1,0.0,0.0,1.0,0.0,1.0,0.6662825083421218
-0.6156229088327345,-0.7826062478620239,0.0,1,2.0,0.5810733720402873,0.6785158206384172,1,0,0,1.0,0.0,0.0,0.0,0.0,-0.3519723915718554
0.4368912668945862,0.9111901578820688,0.0,1,3.0,0.4388384975648169,-0.3701480508201551,0,0,0,1.0,0.0,1.0,0.0,0.0,-0.3519723915718554
-0.0893658209690741,0.9111901578820688,0.0,1,0.0,0.4145544946055903,-0.0195413094389155,0,0,0,1.0,1.0,1.0,0.0,0.0,0.1571550583851332
0.9631483547582466,0.62889075692472,0.0,1,2.0,-0.4041633194483345,-0.9157167508114598,0,0,0,0.0,0.0,0.0,0.0,0.0,-0.3519723915718554
-0.0893658209690741,0.0642919550100224,0.0,1,2.0,1.1031794356636588,0.4159438726276773,1,0,0,1.0,0.0,1.0,0.0,0.0,0.6662825083421218
0.9631483547582466,-0.2180074459473263,0.0,1,2.0,0.744123106195094,-0.7302467223777412,0,0,0,1.0,0.0,1.0,0.0,1.0,0.6662825083421218
0.9631483547582466,1.4757889597967662,0.0,0,3.0,-1.6790734748077305,-0.9288453482119968,0,0,0,2.0,0.0,0.0,0.0,0.0,-1.3702272914858324
-0.0893658209690741,-0.2180074459473263,1.0,0,3.0,-1.668666044968062,-0.6634601293297133,0,0,0,2.0,0.0,0.0,0.0,0.0,-1.3702272914858324
0.9631483547582466,0.62889075692472,0.0,1,2.0,0.9748211343077468,-0.8614869521412974,0,0,0,1.0,0.0,0.0,0.0,0.0,0.1571550583851332
-0.0893658209690741,-1.0649056488193729,0.0,0,2.0,-0.3833484597689974,-0.0901018024365751,0,1,0,0.0,0.0,1.0,0.0,1.0,0.1571550583851332
-0.0893658209690741,1.1934895588394174,1.0,0,3.0,-1.691215476287344,-0.7121091304986021,0,0,0,2.0,0.0,0.0,0.0,0.0,-1.3702272914858324
0.4368912668945862,0.3465913559673712,0.0,1,2.0,0.1821218948529933,-0.3440509608654292,0,1,0,1.0,0.0,0.0,0.0,0.0,-0.861099841528844
-0.0893658209690741,1.4757889597967662,0.0,1,2.0,1.108383150583493,0.1249876225715257,0,1,1,1.0,1.0,0.0,0.0,1.0,1.1754099582991104
-1.1418799966963948,0.9111901578820688,1.0,0,3.0,1.1291980102628305,1.3191410551186271,0,1,1,1.0,0.0,1.0,0.0,0.0,0.6662825083421218
0.4368912668945862,-1.0649056488193729,0.0,1,2.0,0.0468253069373021,-0.2305823690465023,0,1,0,1.0,0.0,0.0,0.0,0.0,-0.861099841528844
-0.6156229088327345,-1.3472050497767214,2.0,1,0.0,1.0060434238267526,1.1048978985840805,0,1,0,1.0,1.0,1.0,1.0,0.0,1.1754099582991104
0.4368912668945862,-0.2180074459473263,0.0,1,2.0,0.9210494134694596,-0.2501609045427735,1,0,0,1.0,0.0,0.0,0.0,1.0,0.6662825083421218
-1.1418799966963948,0.3465913559673712,0.0,0,2.0,-1.3009368572997737,-0.1997736221849634,0,1,0,0.0,0.0,1.0,0.0,0.0,-0.861099841528844
-0.6156229088327345,1.4757889597967662,1.0,1,0.0,1.1951117325807308,0.7172840655755429,0,0,0,1.0,0.0,1.0,1.0,0.0,1.1754099582991104
0.9631483547582466,0.62889075692472,0.0,1,3.0,-0.6244539177213186,-0.9186215101666309,0,0,1,0.0,0.0,0.0,0.0,1.0,-0.3519723915718554
0.4368912668945862,-1.3472050497767214,2.0,0,2.0,-0.1231627137772842,-0.2284552618021644,0,1,1,0.0,1.0,1.0,1.0,0.0,0.6662825083421218
-1.6681370845600552,-0.5003068469046751,1.0,1,3.0,1.4795814815316708,2.5397346594340577,1,1,0,1.0,1.0,0.0,1.0,1.0,1.6845374082560989
0.9631483547582466,0.62889075692472,0.0,1,2.0,0.234159044051336,-0.7659501031133479,0,0,0,1.0,0.0,1.0,0.0,0.0,-0.3519723915718554
0.9631483547582466,-0.5003068469046751,0.0,1,1.0,0.0520290218571365,-0.680042416987186,0,0,1,0.0,0.0,0.0,0.0,1.0,0.6662825083421218
0.4368912668945862,0.9111901578820688,0.0,1,2.0,0.2254861858516122,-0.4500174970269063,1,0,0,1.0,0.0,1.0,0.0,0.0,-0.3519723915718554
-1.1418799966963948,-1.62950445073407,1.0,1,3.0,1.6374275007666437,2.2577442807733945,0,0,0,1.0,1.0,1.0,1.0,1.0,2.193664858213088
-0.0893658209690741,-0.5003068469046751,0.0,1,2.0,0.8065676852331056,0.4287980045773319,0,1,1,1.0,0.0,1.0,0.0,0.0,0.1571550583851332
-0.6156229088327345,0.9111901578820688,0.0,1,2.0,0.2983381947292918,0.3705655847484694,1,1,0,1.0,0.0,0.0,0.0,0.0,-0.861099841528844
0.9631483547582466,1.1934895588394174,0.0,1,2.0,0.6279068063187955,-0.9021078388718788,1,0,0,1.0,0.0,1.0,0.0,0.0,0.1571550583851332
-0.6156229088327345,-0.7826062478620239,0.0,1,0.0,1.2783711712980792,1.0362815358635036,1,0,0,1.0,0.0,1.0,1.0,0.0,1.1754099582991104
0.4368912668945862,1.1934895588394174,0.0,1,2.0,0.9054382687099566,-0.4479132619034753,0,1,0,1.0,0.0,0.0,0.0,0.0,0.1571550583851332
-1.6681370845600552,0.3465913559673712,2.0,1,1.0,0.2324244724113908,1.253543812357756,0,0,0,0.0,1.0,1.0,1.0,0.0,1.1754099582991104
-0.0893658209690741,-1.62950445073407,0.0,1,2.0,1.4761123382517816,0.730710000547869,1,0,0,1.0,0.0,1.0,1.0,1.0,1.6845374082560989
-0.0893658209690741,0.0642919550100224,0.0,1,2.0,0.7389193912752601,0.2928918621487766,0,1,1,1.0,0.0,0.0,1.0,0.0,0.1571550583851332
-0.0893658209690741,0.62889075692472,0.0,1,1.0,1.158685728141891,0.3449716814536942,1,1,0,1.0,0.0,0.0,0.0,1.0,0.6662825083421218
0.9631483547582466,0.9111901578820688,0.0,1,2.0,0.367721060327082,-0.8307239495215722,0,0,0,1.0,0.0,0.0,0.0,0.0,-0.3519723915718554
1.489405442621907,-1.62950445073407,0.0,0,3.0,-1.691215476287344,-0.932687864524349,0,0,0,2.0,0.0,0.0,0.0,0.0,-1.3702272914858324
-1.1418799966963948,-0.7826062478620239,2.0,1,1.0,-0.1040824257378915,0.7947519390870739,0,0,0,0.0,1.0,1.0,1.0,1.0,1.1754099582991104
0.9631483547582466,-0.5003068469046751,0.0,1,2.0,0.2636467619303966,-0.7410881076875924,0,1,0,1.0,0.0,0.0,0.0,0.0,-0.861099841528844
-1.6681370845600552,1.1934895588394174,1.0,0,0.0,-1.1031956903460711,0.1101664882238811,1,1,0,0.0,1.0,0.0,0.0,1.0,-0.3519723915718554
-1.6681370845600552,-1.0649056488193729,1.0,0,0.0,-0.038168703419991,1.2035682281762692,0,1,0,0.0,1.0,1.0,1.0,1.0,1.6845374082560989
1.489405442621907,-1.62950445073407,0.0,1,2.0,-0.8013802249956838,-0.9209544664991304,0,0,0,0.0,0.0,0.0,0.0,0.0,-0.861099841528844
-1.6681370845600552,0.9111901578820688,1.0,1,2.0,0.865543120991227,1.7944008554422477,0,1,1,1.0,0.0,1.0,1.0,0.0,0.6662825083421218
0.9631483547582466,1.4757889597967662,0.0,1,2.0,0.4249619244452592,-0.8524524643830882,0,1,0,1.0,1.0,0.0,0.0,1.0,0.1571550583851332
-1.6681370845600552,0.0642919550100224,2.0,0,1.0,0.2116096127320539,1.2855647816273583,0,1,1,0.0,1.0,1.0,0.0,1.0,1.1754099582991104
0.9631483547582466,0.9111901578820688,0.0,1,2.0,0.9262531283892934,-0.8981738340758991,0,0,0,1.0,0.0,0.0,0.0,0.0,0.1571550583851332
-0.6156229088327345,0.0642919550100224,0.0,1,1.0,0.2168133276518884,0.5358166583005247,1,1,0,1.0,1.0,0.0,0.0,0.0,-0.3519723915718554
-1.6681370845600552,0.0642919550100224,1.0,0,1.0,1.4570320502123892,2.412702899917363,0,1,0,1.0,1.0,1.0,1.0,0.0,1.6845374082560989
0.9631483547582466,0.0642919550100224,0.0,1,2.0,0.5880116586000659,-0.7019767809368637,0,0,0,1.0,0.0,1.0,0.0,0.0,0.1571550583851332
0.9631483547582466,1.1934895588394174,0.0,1,2.0,-0.265397588252754,-0.8634539545392873,0,0,0,0.0,0.0,0.0,0.0,0.0,-0.3519723915718554
0.4368912668945862,1.1934895588394174,0.0,1,3.0,-0.2168295823343009,-0.6149483608862657,0,0,0,0.0,1.0,0.0,1.0,1.0,0.6662825083421218
0.9631483547582466,1.4757889597967662,0.0,1,3.0,0.0416215920174676,-0.9098386157383972,0,1,1,1.0,0.0,0.0,0.0,0.0,-0.861099841528844
0.4368912668945862,0.62889075692472,0.0,1,2.0,0.5914808018799558,-0.3109778740341112,0,1,0,1.0,0.0,0.0,0.0,0.0,-0.3519723915718554
0.9631483547582466,0.3465913559673712,1.0,0,3.0,-1.640912898728946,-0.8881101008768812,0,0,0,2.0,0.0,0.0,0.0,0.0,-1.3702272914858324
-1.6681370845600552,1.4757889597967662,2.0,0,0.0,-1.5437768868920396,-0.2874653337418603,0,0,0,2.0,0.0,0.0,0.0,0.0,-1.3702272914858324
-1.6681370845600552,-0.2180074459473263,2.0,0,0.0,0.5186287930022757,1.7009453694168224,0,1,1,0.0,1.0,1.0,0.0,1.0,1.6845374082560989
-0.6156229088327345,-0.5003068469046751,2.0,0,0.0,-0.4596696119265668,0.2267228163652338,0,1,1,0.0,1.0,0.0,0.0,1.0,0.1571550583851332
0.9631483547582466,-1.62950445073407,0.0,1,2.0,-0.8412753727144132,-0.7003986045942904,1,0,0,0.0,0.0,0.0,1.0,1.0,0.1571550583851332
0.9631483547582466,1.1934895588394174,0.0,1,2.0,0.0572327367769705,-0.9096327666502354,0,0,0,1.0,0.0,0.0,0.0,0.0,-0.861099841528844
0.9631483547582466,-0.2180074459473263,0.0,1,1.0,0.0745784531764181,-0.8193565054308634,0,0,0,1.0,0.0,0.0,0.0,0.0,-0.861099841528844
0.4368912668945862,-0.7826062478620239,0.0,0,0.0,-1.6946846195672334,-0.7337461568764907,0,1,1,2.0,0.0,0.0,0.0,0.0,-1.3702272914858324
0.9631483547582466,-1.3472050497767214,0.0,1,2.0,0.4162890662455354,-0.6021628452993315,0,1,0,1.0,0.0,1.0,1.0,0.0,0.1571550583851332
-1.6681370845600552,-0.7826062478620239,2.0,0,3.0,0.390270491646364,1.5911820611848069,0,1,0,0.0,1.0,1.0,1.0,1.0,1.6845374082560989
-0.0893658209690741,0.9111901578820688,0.0,0,0.0,-0.4596696119265668,-0.2472790173085093,0,0,0,0.0,0.0,1.0,0.0,1.0,0.1571550583851332
-1.1418799966963948,-0.5003068469046751,2.0,0,1.0,1.158685728141891,1.7023863130339547,1,0,0,1.0,1.0,0.0,1.0,1.0,1.1754099582991104
0.4368912668945862,-0.5003068469046751,1.0,1,3.0,1.2714328847383,0.0829486643447191,0,0,0,1.0,0.0,1.0,1.0,1.0,1.6845374082560989
0.9631483547582466,0.0642919550100224,1.0,1,3.0,0.0728438815364734,-0.7825323907708206,0,0,0,0.0,0.0,0.0,1.0,0.0,0.6662825083421218
0.4368912668945862,0.9111901578820688,0.0,1,2.0,1.5628409202490194,-0.0802896625675327,0,1,1,1.0,1.0,0.0,1.0,1.0,1.6845374082560989
-1.6681370845600552,-1.0649056488193729,2.0,1,0.0,-1.6305054688892775,-0.2583948680692427,0,1,0,2.0,0.0,0.0,0.0,0.0,-1.3702272914858324
0.9631483547582466,0.62889075692472,0.0,1,1.0,-0.8273987995948552,-0.8489759020052455,0,0,0,0.0,0.0,0.0,0.0,0.0,-0.861099841528844
-0.0893658209690741,0.62889075692472,0.0,1,2.0,1.156951156501946,0.3185543818062722,1,1,0,1.0,1.0,0.0,1.0,0.0,1.1754099582991104
0.9631483547582466,-1.0649056488193729,0.0,1,0.0,-0.2862124479320911,-0.6289003546394496,0,1,1,0.0,0.0,0.0,1.0,0.0,0.1571550583851332
0.9631483547582466,0.9111901578820688,0.0,1,2.0,0.3937396349262534,-0.9051955751943048,0,0,0,1.0,0.0,0.0,0.0,0.0,-0.3519723915718554
-0.6156229088327345,0.0642919550100224,1.0,0,2.0,-0.4319164656874505,0.1766557437001198,0,0,0,0.0,0.0,1.0,0.0,1.0,0.1571550583851332
-1.6681370845600552,-0.2180074459473263,0.0,1,2.0,0.5810733720402873,1.6584718408927857,1,1,1,1.0,0.0,1.0,1.0,0.0,0.1571550583851332
0.4368912668945862,-1.62950445073407,0.0,1,3.0,-1.6565240434884487,-0.696098645863801,0,0,0,2.0,0.0,0.0,0.0,0.0,-1.3702272914858324
-0.0893658209690741,-1.0649056488193729,0.0,1,2.0,-1.46745573473447,-0.5291779074855449,0,0,0,2.0,0.0,0.0,0.0,0.0,-1.3702272914858324
0.4368912668945862,-0.5003068469046751,0.0,0,3.0,1.2471488817790737,0.0717870693421719,0,0,0,1.0,1.0,0.0,1.0,0.0,1.1754099582991104
-1.6681370845600552,-1.3472050497767214,2.0,1,1.0,0.6088265182794033,1.907274772117596,0,1,0,0.0,0.0,1.0,1.0,1.0,1.6845374082560989
0.9631483547582466,0.0642919550100224,0.0,1,0.0,-1.4570483048948015,-0.879693160383157,0,1,1,2.0,0.0,0.0,0.0,0.0,-1.3702272914858324
-1.1418799966963948,0.9111901578820688,0.0,1,2.0,-0.97136824571027,-0.0170025040182541,0,1,0,0.0,1.0,0.0,0.0,0.0,-0.3519723915718554
0.9631483547582466,1.1934895588394174,0.0,1,2.0,0.2445664738910044,-0.8442871172193395,0,0,0,1.0,0.0,0.0,0.0,0.0,-0.861099841528844
-0.0893658209690741,-1.0649056488193729,0.0,1,2.0,0.2254861858516122,0.10012562714577,1,0,0,1.0,0.0,1.0,0.0,0.0,-0.3519723915718554
-0.6156229088327345,1.4757889597967662,0.0,1,1.0,0.943598844788741,0.7470635669962732,0,0,0,1.0,0.0,1.0,1.0,0.0,0.6662825083421218
0.9631483547582466,-1.3472050497767214,0.0,0,0.0,-1.6565240434884487,-0.869972508997742,0,1,0,2.0,0.0,0.0,0.0,0.0,-1.3702272914858324
0.9631483547582466,1.1934895588394174,0.0,0,3.0,-1.6305054688892775,-0.931887340292609,0,0,0,2.0,0.0,0.0,0.0,0.0,-1.3702272914858324
-1.1418799966963948,0.62889075692472,0.0,1,2.0,1.2592908832586869,1.605751602202476,1,1,0,1.0,1.0,0.0,1.0,0.0,1.1754099582991104
0.9631483547582466,-1.3472050497767214,1.0,1,2.0,-0.912392809952148,-0.7261754848563204,0,0,0,0.0,0.0,0.0,1.0,0.0,-0.3519723915718554
0.4368912668945862,-0.2180074459473263,0.0,1,2.0,0.0381524487375783,-0.4155492108202699,0,1,1,1.0,0.0,0.0,0.0,0.0,-0.861099841528844
0.9631483547582466,0.3465913559673712,0.0,0,2.0,0.0607018800568603,-0.8407648105996833,0,0,1,1.0,0.0,0.0,0.0,0.0,-0.861099841528844
-1.1418799966963948,1.1934895588394174,0.0,1,0.0,0.6001536600796795,0.8743011756011291,1,0,0,1.0,0.0,1.0,1.0,0.0,0.1571550583851332
0.9631483547582466,0.3465913559673712,0.0,1,2.0,1.1725623012614492,-0.7746872532997681,0,0,1,1.0,0.0,1.0,0.0,0.0,0.6662825083421218
0.9631483547582466,1.4757889597967662,0.0,1,1.0,-0.6695527803598823,-0.9192161853102092,0,0,0,0.0,1.0,0.0,0.0,0.0,-0.3519723915718554
-0.0893658209690741,-1.62950445073407,2.0,0,2.0,-0.7805653653163468,-0.2126963704973387,0,1,0,0.0,1.0,0.0,0.0,1.0,0.1571550583851332
0.9631483547582466,0.9111901578820688,0.0,0,3.0,-1.4865360227738629,-0.9299889542573396,1,0,0,0.0,0.0,0.0,0.0,0.0,-1.3702272914858324
0.9631483547582466,-1.3472050497767214,0.0,1,2.0,1.1222597237030512,-0.4544318163619301,0,1,1,1.0,1.0,0.0,0.0,0.0,0.6662825083421218
0.9631483547582466,-0.2180074459473263,0.0,1,2.0,1.0528768581052608,-0.6850056672239744,1,0,0,1.0,0.0,1.0,0.0,0.0,0.6662825083421218
0.9631483547582466,0.9111901578820688,0.0,1,3.0,-1.6634623300482276,-0.9143444235570484,0,0,0,2.0,0.0,0.0,0.0,0.0,-1.3702272914858324
-1.1418799966963948,-0.5003068469046751,0.0,1,2.0,1.1795005878212284,1.5970830683787762,1,1,0,1.0,0.0,1.0,0.0,0.0,0.6662825083421218
-1.1418799966963948,-1.62950445073407,1.0,1,1.0,-1.6426474703688907,-0.3687299793239299,0,1,0,2.0,0.0,0.0,0.0,0.0,-1.3702272914858324
0.9631483547582466,-1.0649056488193729,0.0,1,2.0,0.7822836822738789,-0.669978683788168,0,0,0,1.0,0.0,0.0,1.0,0.0,0.1571550583851332
0.9631483547582466,0.0642919550100224,0.0,0,2.0,0.8308516881923318,-0.8238623132495146,0,0,1,1.0,0.0,0.0,1.0,0.0,0.1571550583851332
-0.0893658209690741,-1.62950445073407,1.0,1,3.0,-0.121428142137339,0.0140349640523532,0,0,0,0.0,1.0,1.0,0.0,1.0,0.6662825083421218
0.9631483547582466,-1.3472050497767214,0.0,1,0.0,0.4024124931259771,-0.5441591466795375,0,1,1,1.0,0.0,0.0,0.0,0.0,-0.3519723915718554
-1.6681370845600552,-0.7826062478620239,2.0,1,1.0,1.0910374341840452,2.2352609859219523,0,1,0,1.0,1.0,1.0,1.0,0.0,1.1754099582991104
0.9631483547582466,-1.0649056488193729,0.0,1,3.0,-0.3104964508913176,-0.6662505280803501,0,0,0,0.0,0.0,0.0,0.0,0.0,-0.3519723915718554
0.9631483547582466,-0.7826062478620239,1.0,1,3.0,-1.668666044968062,-0.8507599274359806,0,0,0,2.0,0.0,0.0,0.0,0.0,-1.3702272914858324
0.9631483547582466,-0.7826062478620239,0.0,0,1.0,-1.6704006166080068,-0.8461855032546088,0,0,0,2.0,0.0,0.0,0.0,0.0,-1.3702272914858324
0.9631483547582466,1.4757889597967662,0.0,0,2.0,-0.7666887921967888,-0.9204970240809932,0,0,0,0.0,0.0,0.0,0.0,0.0,-0.861099841528844
0.9631483547582466,-0.2180074459473263,0.0,1,2.0,0.744123106195094,-0.7302467223777412,0,0,0,1.0,0.0,1.0,0.0,1.0,0.6662825083421218
-0.6156229088327345,-0.5003068469046751,1.0,0,0.0,-0.8881088069929217,-0.0994107556456667,0,0,0,0.0,1.0,0.0,1.0,1.0,0.1571550583851332
0.9631483547582466,0.62889075692472,0.0,0,3.0,-0.4527313253667877,-0.8937823868617821,1,0,0,0.0,1.0,1.0,0.0,0.0,0.1571550583851332
0.4368912668945862,0.9111901578820688,2.0,0,3.0,-0.1266318570571735,-0.4730268506592063,0,1,1,0.0,1.0,0.0,1.0,0.0,0.6662825083421218
0.9631483547582466,0.62889075692472,0.0,1,2.0,0.8239134016325532,-0.7742984272443514,0,1,0,1.0,0.0,1.0,0.0,0.0,0.1571550583851332
-1.1418799966963948,0.62889075692472,1.0,1,3.0,0.3763939185268058,0.861995974553239,0,1,1,0.0,0.0,0.0,1.0,1.0,1.1754099582991104
0.9631483547582466,-0.7826062478620239,0.0,0,3.0,-0.9453496711110986,-0.7909722033854515,0,1,0,0.0,0.0,0.0,0.0,1.0,-0.3519723915718554
-1.6681370845600552,-1.3472050497767214,1.0,1,2.0,0.7562651076747076,2.0726173341532794,0,1,1,1.0,0.0,1.0,0.0,0.0,0.1571550583851332
0.4368912668945862,-1.62950445073407,1.0,1,0.0,-1.654789471848504,-0.7091128826598035,0,1,0,2.0,0.0,0.0,0.0,0.0,-1.3702272914858324
0.4368912668945862,-0.7826062478620239,0.0,1,2.0,1.2488834534190183,0.0897188121331492,0,1,0,1.0,1.0,0.0,1.0,0.0,1.1754099582991104
-1.1418799966963948,0.0642919550100224,0.0,1,1.0,1.0580805730250953,1.4141518453657191,0,1,0,1.0,0.0,1.0,0.0,0.0,0.6662825083421218
-0.6156229088327345,-1.3472050497767214,2.0,0,1.0,-1.5229620272127025,-0.4002706340544883,0,0,0,2.0,0.0,0.0,0.0,0.0,-1.3702272914858324
0.4368912668945862,-1.0649056488193729,1.0,1,2.0,-0.6400650624808213,-0.4294097160898265,0,0,1,0.0,0.0,0.0,0.0,1.0,-0.3519723915718554
-1.1418799966963948,-0.2180074459473263,1.0,1,0.0,-0.1127552839376152,0.7353301689710547,0,0,0,0.0,1.0,1.0,0.0,1.0,0.6662825083421218
-0.0893658209690741,0.62889075692472,0.0,1,2.0,0.5689313705606737,0.137086974531254,1,1,0,1.0,0.0,0.0,0.0,0.0,-0.3519723915718554
0.9631483547582466,0.9111901578820688,0.0,1,2.0,0.9002345537901221,-0.8514460910631864,1,0,0,1.0,0.0,0.0,0.0,0.0,0.1571550583851332
0.9631483547582466,0.3465913559673712,0.0,1,1.0,-0.6539416356003795,-0.8997748825393792,0,0,0,0.0,0.0,1.0,0.0,0.0,-0.3519723915718554
-0.6156229088327345,0.3465913559673712,1.0,1,3.0,-0.0069464139009852,0.3770155228442036,0,0,0,0.0,1.0,1.0,0.0,1.0,1.1754099582991104
0.9631483547582466,-1.62950445073407,0.0,0,2.0,0.6122956615592926,-0.5518213071833352,1,1,0,1.0,0.0,0.0,0.0,0.0,-0.3519723915718554
0.4368912668945862,1.1934895588394174,0.0,0,3.0,0.5741350854805082,-0.3523306686337121,0,0,0,0.0,1.0,1.0,1.0,1.0,2.193664858213088
0.4368912668945862,1.4757889597967662,1.0,0,0.0,-1.647851185288725,-0.8153310121512563,0,0,0,2.0,0.0,0.0,0.0,0.0,-1.3702272914858324
0.9631483547582466,0.0642919550100224,0.0,1,2.0,0.3850667767265296,-0.8027742177733906,0,0,0,1.0,0.0,0.0,0.0,0.0,-0.3519723915718554
0.9631483547582466,0.0642919550100224,0.0,0,3.0,-0.8326025145146895,-0.8140959176222858,0,0,0,0.0,0.0,0.0,0.0,0.0,-0.861099841528844
0.9631483547582466,-1.0649056488193729,0.0,1,2.0,0.9349259865890172,-0.5052994132587842,0,0,0,1.0,0.0,1.0,1.0,0.0,0.6662825083421218
0.4368912668945862,0.9111901578820688,0.0,1,2.0,1.3460194652559248,-0.3678608387294692,0,0,0,1.0,0.0,1.0,1.0,0.0,1.1754099582991104
-1.6681370845600552,0.0642919550100224,1.0,0,3.0,0.2497701888108384,1.375246367703152,0,1,0,0.0,1.0,1.0,1.0,0.0,1.1754099582991104
0.9631483547582466,0.62889075692472,0.0,1,1.0,0.0659055949766943,-0.8798303931085982,0,0,0,1.0,0.0,0.0,0.0,0.0,-0.861099841528844
-1.6681370845600552,0.62889075692472,2.0,0,1.0,1.2905131727776922,2.092241613891364,0,0,0,1.0,0.0,1.0,1.0,0.0,1.1754099582991104
-1.1418799966963948,-1.3472050497767214,0.0,0,0.0,0.223751614211667,1.0956804338586164,0,1,1,1.0,0.0,0.0,0.0,0.0,-0.861099841528844
0.9631483547582466,1.4757889597967662,0.0,0,3.0,-1.6357091838091116,-0.9212289319500128,0,0,0,2.0,0.0,0.0,0.0,0.0,-1.3702272914858324
0.9631483547582466,0.0642919550100224,0.0,1,2.0,0.3798630618066951,-0.8075087468011105,1,0,0,1.0,0.0,0.0,0.0,0.0,-0.3519723915718554
-1.6681370845600552,-0.7826062478620239,2.0,1,1.0,1.6391620724065887,2.8324520628000376,0,1,1,1.0,1.0,1.0,1.0,1.0,2.193664858213088
-1.1418799966963948,-1.62950445073407,2.0,0,1.0,-0.5741513401629207,0.5426782945725824,0,1,1,0.0,0.0,1.0,1.0,1.0,0.6662825083421218
-0.6156229088327345,-0.5003068469046751,2.0,1,2.0,1.273167456378245,1.235909407138568,0,0,0,1.0,0.0,1.0,1.0,0.0,1.1754099582991104
0.9631483547582466,1.1934895588394174,0.0,0,3.0,-1.6565240434884487,-0.932230422106212,0,0,0,2.0,0.0,0.0,0.0,0.0,-1.3702272914858324
0.4368912668945862,-0.2180074459473263,0.0,0,2.0,0.7649379658744314,-0.1873769326534459,1,0,0,1.0,0.0,0.0,0.0,0.0,0.1571550583851332
-0.6156229088327345,0.9111901578820688,1.0,0,2.0,-0.4197744642078375,0.1030303865009412,1,1,0,0.0,0.0,0.0,0.0,0.0,-0.3519723915718554
0.9631483547582466,-0.2180074459473263,0.0,0,1.0,-0.5967007714822025,-0.8722368489675211,0,0,0,0.0,0.0,1.0,0.0,0.0,-0.3519723915718554
0.4368912668945862,0.9111901578820688,0.0,1,3.0,-0.6400650624808213,-0.5759513947400713,0,0,0,0.0,0.0,0.0,0.0,1.0,-0.3519723915718554
-0.6156229088327345,1.1934895588394174,1.0,1,1.0,0.0780475964563079,0.2009459361032039,1,0,0,0.0,0.0,1.0,1.0,1.0,1.1754099582991104
0.4368912668945862,-0.2180074459473263,0.0,1,0.0,0.0659055949766943,-0.2368264580540748,0,1,0,1.0,0.0,0.0,0.0,0.0,-0.861099841528844
-0.0893658209690741,0.9111901578820688,1.0,1,0.0,0.0867204546560317,-0.0301311014187911,0,1,1,1.0,0.0,0.0,0.0,0.0,-0.861099841528844
-1.1418799966963948,0.0642919550100224,1.0,1,1.0,1.5038654844908974,1.7649873079560272,0,0,0,1.0,1.0,1.0,0.0,1.0,1.6845374082560989
0.9631483547582466,0.62889075692472,0.0,1,3.0,-0.7649542205568438,-0.9204741519600864,0,1,1,0.0,0.0,0.0,0.0,0.0,-0.861099841528844
0.9631483547582466,0.3465913559673712,0.0,1,3.0,0.4405730692047616,-0.7954551390831959,0,1,0,1.0,0.0,0.0,1.0,1.0,0.1571550583851332
0.9631483547582466,-0.2180074459473263,0.0,0,2.0,0.7423885345551493,-0.6772291461156424,0,0,0,1.0,0.0,0.0,0.0,0.0,0.1571550583851332
0.9631483547582466,0.9111901578820688,0.0,0,3.0,-0.2706013031725883,-0.9139555975016316,0,0,0,0.0,0.0,1.0,0.0,1.0,0.1571550583851332
0.9631483547582466,-0.2180074459473263,0.0,1,3.0,-0.2914161628519254,-0.751174713007517,0,0,0,0.0,0.0,0.0,0.0,1.0,0.1571550583851332
0.4368912668945862,0.0642919550100224,0.0,1,1.0,-1.4743940212942492,-0.75865389654406,0,0,0,2.0,0.0,0.0,0.0,0.0,-1.3702272914858324
-1.1418799966963948,-1.3472050497767214,0.0,1,2.0,0.8794196941107852,1.700076228822362,1,1,1,1.0,1.0,1.0,0.0,0.0,0.6662825083421218
0.9631483547582466,0.0642919550100224,0.0,1,2.0,-0.8152567981152419,-0.8198596920908143,1,0,0,0.0,0.0,1.0,0.0,1.0,0.1571550583851332
0.9631483547582466,0.9111901578820688,0.0,0,1.0,-1.1344179798650769,-0.8916095353756306,0,0,0,0.0,0.0,0.0,0.0,0.0,-0.861099841528844
-1.6681370845600552,0.9111901578820688,2.0,1,0.0,1.3009206026173612,2.16675898380591,0,1,0,1.0,0.0,1.0,0.0,1.0,1.1754099582991104
0.4368912668945862,1.1934895588394174,1.0,0,3.0,-0.1058169973778366,-0.5065345077877547,0,0,1,0.0,1.0,0.0,1.0,0.0,0.6662825083421218
-0.0893658209690741,-1.0649056488193729,0.0,0,0.0,-1.6357091838091116,-0.6029862416519784,0,0,0,2.0,0.0,0.0,0.0,0.0,-1.3702272914858324
-1.1418799966963948,-0.5003068469046751,1.0,1,1.0,1.1396054401024986,1.7963449857193308,0,1,0,1.0,0.0,0.0,1.0,0.0,0.6662825083421218
0.4368912668945862,0.3465913559673712,0.0,1,1.0,-0.322638452370931,-0.5115892465081704,0,0,0,0.0,0.0,1.0,0.0,1.0,0.1571550583851332
0.9631483547582466,1.4757889597967662,0.0,0,2.0,-0.7666887921967888,-0.9204970240809932,0,0,0,0.0,0.0,0.0,0.0,0.0,-0.861099841528844
1.489405442621907,-1.62950445073407,0.0,0,0.0,-1.6287708972493324,-0.931864468171702,0,0,0,2.0,0.0,0.0,0.0,0.0,-1.3702272914858324
0.4368912668945862,0.3465913559673712,0.0,1,3.0,-1.6530549002085593,-0.7575789068614376,0,1,1,2.0,0.0,0.0,0.0,0.0,-1.3702272914858324
0.4368912668945862,1.4757889597967662,0.0,1,3.0,1.0788954327044322,-0.3459950911425122,0,0,0,1.0,0.0,0.0,0.0,1.0,0.6662825083421218
-1.1418799966963948,0.9111901578820688,2.0,0,3.0,-0.999121391949386,-0.0347512698419767,0,0,0,0.0,1.0,1.0,0.0,1.0,0.1571550583851332
0.9631483547582466,1.1934895588394174,0.0,0,3.0,-0.5776204834428103,-0.9180039629021456,0,0,0,0.0,0.0,0.0,0.0,1.0,-0.3519723915718554
-1.6681370845600552,-1.0649056488193729,2.0,0,0.0,0.7857528255537682,1.988013358918808,0,1,0,0.0,1.0,1.0,1.0,1.0,2.193664858213088
0.9631483547582466,-0.5003068469046751,0.0,1,2.0,0.6053573749995135,-0.7175526952744345,0,0,0,1.0,0.0,1.0,0.0,0.0,0.1571550583851332
-1.6681370845600552,-1.3472050497767214,2.0,0,0.0,-1.677338903167786,-0.2720037800088237,0,1,1,2.0,0.0,0.0,0.0,0.0,-1.3702272914858324
0.9631483547582466,0.3465913559673712,0.0,0,1.0,-0.8048493682755732,-0.8149650582167465,1,0,0,0.0,0.0,0.0,0.0,0.0,-0.861099841528844
0.9631483547582466,-0.2180074459473263,0.0,1,2.0,0.4319002110050378,-0.8008300874963077,0,1,0,1.0,0.0,0.0,0.0,0.0,-0.3519723915718554
-1.6681370845600552,0.0642919550100224,1.0,0,1.0,-0.6019044864020369,0.6283801316105826,0,1,1,0.0,0.0,1.0,0.0,0.0,-0.3519723915718554
-1.1418799966963948,0.3465913559673712,0.0,1,2.0,1.037265713345758,1.306103946201718,1,0,0,1.0,0.0,0.0,1.0,0.0,0.6662825083421218
-1.6681370845600552,-1.3472050497767214,1.0,0,2.0,1.4067294726539912,2.341410499050685,0,0,0,1.0,0.0,1.0,1.0,1.0,1.6845374082560989
-1.1418799966963948,1.1934895588394174,0.0,1,2.0,0.9644137044680784,1.2619150086096664,1,0,0,1.0,0.0,0.0,0.0,0.0,0.1571550583851332
0.4368912668945862,-1.3472050497767214,1.0,1,3.0,0.5862770869601213,-0.0309087535296243,0,1,1,0.0,1.0,0.0,1.0,1.0,1.6845374082560989
-1.6681370845600552,0.9111901578820688,2.0,0,0.0,0.8846234090306196,1.721919104288412,0,1,1,1.0,1.0,0.0,1.0,0.0,0.6662825083421218
0.9631483547582466,-0.2180074459473263,0.0,1,3.0,0.2254861858516122,-0.69996403429706,1,1,0,1.0,0.0,0.0,0.0,0.0,-0.861099841528844
-0.0893658209690741,1.1934895588394174,1.0,1,1.0,0.4423076408447067,0.0693854966469517,0,1,1,1.0,1.0,1.0,0.0,0.0,0.1571550583851332
0.9631483547582466,-0.2180074459473263,0.0,0,3.0,-0.5914970565623682,-0.8318675555669152,0,1,1,0.0,0.0,0.0,0.0,0.0,-0.861099841528844
0.9631483547582466,0.62889075692472,0.0,1,0.0,0.7510613927548732,-0.8565694461463228,0,1,1,1.0,0.0,0.0,0.0,0.0,0.1571550583851332
-1.6681370845600552,-1.0649056488193729,2.0,1,3.0,-1.500412595893421,-0.1332614945878178,1,0,0,2.0,0.0,0.0,0.0,0.0,-1.3702272914858324
0.9631483547582466,-1.3472050497767214,0.0,1,1.0,-1.6582586151283931,-0.8351382688565959,0,1,1,2.0,0.0,0.0,0.0,0.0,-1.3702272914858324
-0.6156229088327345,0.3465913559673712,2.0,0,3.0,-1.6842771897275648,-0.5447080775813021,0,1,1,2.0,0.0,0.0,0.0,0.0,-1.3702272914858324
0.9631483547582466,0.3465913559673712,0.0,0,0.0,-1.6565240434884487,-0.8817516512647744,0,0,0,2.0,0.0,0.0,0.0,0.0,-1.3702272914858324
0.9631483547582466,-1.3472050497767214,0.0,0,2.0,0.5914808018799558,-0.6356933745487866,0,0,0,1.0,1.0,0.0,0.0,0.0,0.1571550583851332
-0.0893658209690741,1.4757889597967662,2.0,1,1.0,0.1942638963326064,-0.069699870587657,0,1,0,0.0,0.0,1.0,1.0,0.0,1.1754099582991104
0.9631483547582466,1.4757889597967662,0.0,1,2.0,-0.450996753726843,-0.9163342980759448,0,0,0,0.0,1.0,1.0,0.0,0.0,0.1571550583851332
-0.6156229088327345,-0.2180074459473263,0.0,1,2.0,-0.6123119162417053,0.066595097896315,0,1,0,0.0,0.0,0.0,0.0,0.0,-0.861099841528844
-1.6681370845600552,-0.7826062478620239,2.0,1,1.0,0.23936275897117,1.4902245195019317,0,1,0,0.0,1.0,0.0,1.0,1.0,1.1754099582991104
0.9631483547582466,-1.3472050497767214,0.0,1,2.0,0.2445664738910044,-0.5637376821758087,0,1,0,1.0,0.0,0.0,0.0,0.0,-0.861099841528844
0.9631483547582466,-1.3472050497767214,0.0,1,2.0,0.2983381947292918,-0.5581340125536282,0,0,0,1.0,0.0,0.0,0.0,0.0,-0.861099841528844
0.4368912668945862,-1.3472050497767214,1.0,1,0.0,-0.0138847004607643,-0.2351339211069672,0,1,1,0.0,1.0,0.0,1.0,1.0,1.1754099582991104
-1.6681370845600552,0.9111901578820688,2.0,1,3.0,-1.5212274555727578,-0.2282265405930958,0,1,1,2.0,0.0,0.0,0.0,0.0,-1.3702272914858324
1.489405442621907,-1.62950445073407,0.0,0,3.0,-0.4457930388070088,-0.9162656817132244,0,0,0,0.0,0.0,0.0,1.0,1.0,0.1571550583851332
0.9631483547582466,0.3465913559673712,0.0,0,3.0,-0.7961765100758494,-0.9024966649272952,1,0,0,0.0,0.0,0.0,0.0,0.0,-0.861099841528844
1.489405442621907,-1.62950445073407,0.0,0,3.0,-0.6539416356003795,-0.9190103362220476,0,0,0,0.0,0.0,0.0,0.0,1.0,-0.3519723915718554
0.9631483547582466,0.3465913559673712,0.0,0,3.0,-0.7649542205568438,-0.9043950509625648,0,0,0,0.0,0.0,0.0,0.0,0.0,-0.861099841528844
-0.0893658209690741,1.4757889597967662,0.0,1,2.0,0.2445664738910044,-0.1590155027289409,0,0,0,1.0,0.0,0.0,0.0,0.0,-0.861099841528844
0.4368912668945862,-0.7826062478620239,0.0,0,1.0,0.9713519910278576,0.0809130455840085,0,1,0,1.0,1.0,0.0,0.0,1.0,0.6662825083421218
0.9631483547582466,0.9111901578820688,0.0,1,2.0,-1.122275978385464,-0.9251858088668994,0,0,0,0.0,0.0,0.0,0.0,0.0,-0.861099841528844
-0.0893658209690741,0.9111901578820688,0.0,0,3.0,1.3200008906567535,0.2731760939270643,1,0,0,1.0,0.0,1.0,1.0,0.0,1.1754099582991104
0.9631483547582466,-0.2180074459473263,0.0,1,2.0,0.5706659422006184,-0.7242084824583305,1,1,0,1.0,0.0,0.0,0.0,0.0,-0.3519723915718554
0.9631483547582466,0.62889075692472,0.0,0,1.0,-0.4197744642078375,-0.8040321844232678,0,0,0,0.0,1.0,0.0,1.0,0.0,0.1571550583851332
0.4368912668945862,0.62889075692472,0.0,1,3.0,-0.4856881865257381,-0.5598722937425494,0,0,0,0.0,0.0,1.0,0.0,1.0,0.1571550583851332
-0.0893658209690741,-0.2180074459473263,0.0,1,2.0,-0.4752807566860695,-0.1456810562402422,0,0,0,0.0,0.0,1.0,0.0,0.0,-0.3519723915718554
0.4368912668945862,-0.2180074459473263,0.0,1,2.0,0.6487216659981324,-0.3554641491979518,1,0,0,1.0,0.0,0.0,0.0,0.0,-0.3519723915718554
-0.0893658209690741,0.9111901578820688,2.0,0,1.0,-1.4969434526135312,-0.6248519892389356,0,0,0,2.0,0.0,0.0,0.0,0.0,-1.3702272914858324
-1.6681370845600552,1.4757889597967662,1.0,1,0.0,1.48651976809145,2.285053593136184,1,0,0,1.0,0.0,1.0,1.0,1.0,1.6845374082560989
0.9631483547582466,0.62889075692472,0.0,0,3.0,0.9626791328281336,-0.897693519536855,0,0,0,1.0,0.0,0.0,0.0,0.0,0.1571550583851332
0.9631483547582466,-0.7826062478620239,0.0,1,2.0,0.3868013483664743,-0.7426891561510724,0,0,0,1.0,1.0,0.0,0.0,0.0,-0.3519723915718554
0.9631483547582466,-1.62950445073407,0.0,1,2.0,0.2376281873312253,-0.5756540571682821,0,0,0,1.0,0.0,0.0,0.0,0.0,-0.861099841528844
0.4368912668945862,-1.62950445073407,0.0,1,2.0,1.150012869942167,0.1526628888688249,0,1,0,1.0,0.0,0.0,1.0,0.0,0.6662825083421218
0.9631483547582466,0.3465913559673712,0.0,0,0.0,-0.2029530092147429,-0.887332448766048,0,0,0,0.0,0.0,0.0,0.0,0.0,-0.3519723915718554
-0.6156229088327345,-0.2180074459473263,1.0,0,0.0,-1.661727758408283,-0.5476585811782869,0,1,1,2.0,0.0,0.0,0.0,0.0,-1.3702272914858324
-0.6156229088327345,0.9111901578820688,0.0,1,0.0,-1.647851185288725,-0.6005160525940377,0,1,1,2.0,0.0,0.0,0.0,0.0,-1.3702272914858324
0.4368912668945862,0.3465913559673712,0.0,1,2.0,0.4266964960852039,-0.3846261033541968,1,0,0,1.0,0.0,1.0,0.0,0.0,-0.3519723915718554
-0.0893658209690741,1.4757889597967662,0.0,1,2.0,-0.4666078984863457,-0.4257501767447291,0,0,0,0.0,1.0,0.0,0.0,0.0,-0.3519723915718554
0.9631483547582466,0.9111901578820688,0.0,1,0.0,-0.1439775734566211,-0.8379744118490465,0,0,0,0.0,0.0,1.0,0.0,1.0,0.6662825083421218
-1.1418799966963948,-1.3472050497767214,1.0,0,2.0,-0.1092861406577259,0.9063907612334522,0,0,0,0.0,1.0,0.0,1.0,1.0,0.6662825083421218
0.4368912668945862,1.4757889597967662,0.0,0,2.0,0.9470679880686308,-0.5158434609968461,0,0,1,1.0,0.0,0.0,0.0,0.0,0.1571550583851332
-0.6156229088327345,0.0642919550100224,1.0,1,3.0,-1.689480904647399,-0.586358209752692,0,1,1,2.0,0.0,0.0,0.0,0.0,-1.3702272914858324
0.9631483547582466,0.9111901578820688,0.0,1,2.0,-0.600169914762092,-0.8703842071740656,0,0,0,0.0,0.0,1.0,0.0,0.0,0.1571550583851332
0.9631483547582466,0.62889075692472,0.0,1,2.0,0.9401297015088516,-0.8979908571086442,0,1,0,1.0,1.0,0.0,0.0,0.0,0.6662825083421218
-0.6156229088327345,0.3465913559673712,0.0,1,2.0,0.9193148418295148,0.8950004450218364,0,1,0,1.0,1.0,0.0,1.0,0.0,0.6662825083421218
0.9631483547582466,-0.5003068469046751,0.0,1,1.0,-1.297467714019884,-0.845979654166447,0,0,0,0.0,0.0,1.0,0.0,0.0,-0.861099841528844
0.4368912668945862,0.3465913559673712,0.0,0,2.0,0.1647761784535457,-0.3951244068504451,0,0,0,1.0,0.0,0.0,0.0,0.0,-0.861099841528844
0.4368912668945862,-1.0649056488193729,0.0,1,1.0,0.9279877000292386,0.0212625542589207,0,0,0,1.0,0.0,0.0,0.0,0.0,0.1571550583851332
-1.1418799966963948,-0.2180074459473263,1.0,1,2.0,1.044203999905537,1.4695481222021314,0,1,0,1.0,1.0,0.0,0.0,0.0,0.6662825083421218
0.9631483547582466,-0.2180074459473263,0.0,1,0.0,0.2775233350499549,-0.7777978617431008,0,0,0,1.0,0.0,0.0,0.0,0.0,-0.861099841528844
0.4368912668945862,1.4757889597967662,0.0,1,2.0,0.489141075123215,-0.4258187931074496,1,0,0,1.0,0.0,0.0,0.0,0.0,-0.3519723915718554
-1.1418799966963948,1.4757889597967662,0.0,1,2.0,0.5377090810416684,0.9403329886592308,1,0,0,1.0,1.0,1.0,0.0,0.0,0.1571550583851332
0.9631483547582466,-0.7826062478620239,0.0,1,1.0,0.4353693542849276,-0.6745531079695398,1,1,1,1.0,0.0,0.0,0.0,0.0,-0.3519723915718554
0.9631483547582466,-1.62950445073407,0.0,1,2.0,0.5741350854805082,-0.4567647726944297,0,0,0,1.0,0.0,0.0,0.0,0.0,-0.3519723915718554
-0.6156229088327345,0.62889075692472,1.0,0,3.0,-1.1257451216653531,-0.304848145631073,0,1,0,0.0,0.0,1.0,0.0,1.0,-0.3519723915718554
-1.1418799966963948,0.3465913559673712,2.0,0,0.0,-0.7528122190772305,0.1710292019570325,0,0,0,0.0,1.0,1.0,0.0,0.0,0.1571550583851332
0.9631483547582466,0.9111901578820688,0.0,1,2.0,0.0450907352973574,-0.9097928714965834,0,0,0,1.0,0.0,0.0,0.0,0.0,-0.861099841528844
0.9631483547582466,0.62889075692472,0.0,0,2.0,0.3659864886871374,-0.9055615291288144,1,0,0,1.0,0.0,0.0,0.0,0.0,-0.3519723915718554
0.9631483547582466,-0.2180074459473263,0.0,1,3.0,-1.6842771897275648,-0.8716421738239428,0,1,1,2.0,0.0,0.0,0.0,0.0,-1.3702272914858324
0.9631483547582466,1.1934895588394174,0.0,1,3.0,0.4041470647659218,-0.9050583424688636,0,0,0,1.0,0.0,0.0,1.0,0.0,-0.3519723915718554
0.4368912668945862,0.62889075692472,0.0,0,2.0,0.7094316733961988,-0.3820872979335355,0,1,1,1.0,0.0,0.0,0.0,0.0,0.1571550583851332
0.9631483547582466,-0.2180074459473263,0.0,1,2.0,0.9557408462683544,-0.7602549450075401,1,0,0,1.0,0.0,0.0,0.0,0.0,0.1571550583851332
0.4368912668945862,0.62889075692472,0.0,0,2.0,-0.2948853061318149,-0.47307259490102,1,0,0,0.0,0.0,0.0,0.0,1.0,0.1571550583851332
0.4368912668945862,1.4757889597967662,0.0,1,2.0,0.9366605582289624,-0.4616594065684975,0,0,0,1.0,0.0,0.0,1.0,0.0,0.6662825083421218
-1.6681370845600552,1.4757889597967662,2.0,1,2.0,1.342550321976035,1.9991749539213548,0,0,0,1.0,0.0,0.0,1.0,1.0,1.1754099582991104
0.9631483547582466,0.9111901578820688,0.0,1,1.0,0.5186287930022757,-0.7952492899950342,0,0,0,1.0,0.0,0.0,1.0,0.0,0.1571550583851332
0.4368912668945862,-1.0649056488193729,1.0,1,1.0,-0.799645653355739,-0.5327002141052012,0,0,0,0.0,0.0,0.0,0.0,0.0,-0.3519723915718554
-1.1418799966963948,-1.3472050497767214,0.0,1,1.0,1.1864388743810068,1.7507837208728678,0,1,0,1.0,0.0,0.0,1.0,1.0,1.1754099582991104
0.9631483547582466,-0.2180074459473263,0.0,1,2.0,0.4197582095254247,-0.7527528893500903,0,0,0,1.0,0.0,0.0,0.0,0.0,-0.3519723915718554
0.9631483547582466,1.4757889597967662,0.0,0,2.0,-0.7597505056370096,-0.920405535597366,1,1,0,0.0,0.0,0.0,0.0,0.0,-0.861099841528844
0.9631483547582466,-0.5003068469046751,0.0,0,3.0,-1.6842771897275648,-0.8837872700254849,0,1,0,2.0,0.0,0.0,0.0,0.0,-1.3702272914858324
0.4368912668945862,0.9111901578820688,0.0,1,2.0,-0.6522070639604347,-0.6305928915865572,0,0,0,0.0,0.0,0.0,0.0,0.0,-0.861099841528844
-0.6156229088327345,-1.3472050497767214,0.0,0,2.0,1.1326671535427195,1.0704524844983507,0,0,0,1.0,0.0,1.0,0.0,1.0,1.1754099582991104
-1.1418799966963948,-0.5003068469046751,2.0,0,2.0,1.3893837562545437,1.789414733084553,0,1,0,1.0,0.0,0.0,1.0,1.0,1.1754099582991104
-1.1418799966963948,-1.0649056488193729,2.0,0,3.0,-1.4882705944138073,-0.2504811142354695,0,0,0,2.0,0.0,0.0,0.0,0.0,-1.3702272914858324
0.9631483547582466,-1.62950445073407,1.0,0,0.0,-0.4770153283260144,-0.6207578795966079,0,1,1,0.0,1.0,0.0,0.0,1.0,0.1571550583851332
-0.6156229088327345,0.62889075692472,0.0,0,0.0,-0.7875036518761256,-0.0988846968648089,0,0,1,0.0,0.0,0.0,0.0,0.0,-0.861099841528844
0.4368912668945862,-0.2180074459473263,0.0,1,2.0,0.0381524487375783,-0.4155492108202699,0,1,1,1.0,0.0,0.0,0.0,0.0,-0.861099841528844
0.9631483547582466,0.3465913559673712,0.0,0,3.0,-1.661727758408283,-0.8914951747710963,0,0,0,2.0,0.0,0.0,0.0,0.0,-1.3702272914858324
-1.6681370845600552,-1.3472050497767214,2.0,1,1.0,1.4518283352925547,2.6078020912528697,0,1,0,1.0,0.0,1.0,1.0,1.0,1.6845374082560989
-0.6156229088327345,-0.2180074459473263,0.0,1,1.0,0.5862770869601213,0.7173984261800772,0,1,0,1.0,1.0,0.0,1.0,0.0,0.1571550583851332
0.4368912668945862,0.0642919550100224,0.0,1,0.0,0.0867204546560317,-0.3860899190922358,0,1,0,1.0,0.0,0.0,0.0,0.0,-0.861099841528844
-0.0893658209690741,0.62889075692472,0.0,1,2.0,0.5862770869601213,-0.0066871774892608,0,0,0,1.0,0.0,0.0,0.0,0.0,-0.3519723915718554
-0.6156229088327345,0.0642919550100224,0.0,1,0.0,1.0893028625441006,0.984361821404934,0,1,1,1.0,0.0,0.0,1.0,0.0,0.6662825083421218
-1.6681370845600552,-1.3472050497767214,2.0,1,1.0,1.6027360679677485,2.757614483192795,0,1,0,1.0,1.0,1.0,1.0,1.0,2.193664858213088
0.9631483547582466,1.1934895588394174,0.0,1,3.0,-1.6738697598878964,-0.910181697552,0,0,0,2.0,0.0,0.0,0.0,0.0,-1.3702272914858324
0.4368912668945862,-1.3472050497767214,0.0,1,2.0,0.3972087782061427,-0.1499123986080111,0,0,0,1.0,0.0,1.0,0.0,0.0,-0.3519723915718554
0.4368912668945862,-1.0649056488193729,1.0,0,0.0,1.1135868655033274,-0.0774992638168958,0,1,1,1.0,0.0,1.0,0.0,1.0,1.1754099582991104
-0.0893658209690741,0.3465913559673712,1.0,0,0.0,0.7805491106339343,0.3488370698869535,0,0,0,1.0,1.0,1.0,1.0,0.0,0.6662825083421218
0.4368912668945862,-0.2180074459473263,0.0,1,2.0,1.2592908832586869,-0.1438970308095072,0,1,1,1.0,1.0,0.0,1.0,0.0,1.1754099582991104
-1.6681370845600552,-0.5003068469046751,0.0,1,1.0,0.4353693542849276,1.448391410363287,1,0,0,1.0,0.0,1.0,0.0,0.0,-0.3519723915718554
-0.6156229088327345,-1.3472050497767214,0.0,1,2.0,1.1482782983022224,1.199405502171221,1,1,0,1.0,0.0,0.0,1.0,0.0,0.6662825083421218
0.9631483547582466,1.1934895588394174,0.0,1,3.0,0.4995485049628834,-0.8433722323830651,0,0,0,1.0,1.0,0.0,0.0,1.0,0.1571550583851332
-1.6681370845600552,-0.5003068469046751,2.0,0,0.0,-1.6565240434884487,-0.3296186525732012,0,1,1,2.0,0.0,0.0,0.0,0.0,-1.3702272914858324
0.9631483547582466,-1.62950445073407,0.0,1,1.0,1.094506577463935,-0.5208753275963551,1,0,0,1.0,0.0,1.0,0.0,0.0,0.6662825083421218
-0.0893658209690741,0.9111901578820688,0.0,1,2.0,0.3521099155675791,0.0354203971002663,1,0,0,1.0,0.0,0.0,1.0,0.0,-0.3519723915718554
-1.6681370845600552,-1.3472050497767214,2.0,1,0.0,0.8065676852331056,2.095009140521093,0,1,0,0.0,1.0,1.0,1.0,1.0,2.193664858213088
0.9631483547582466,-0.2180074459473263,0.0,0,0.0,0.2966036230893471,-0.7110798850577935,1,0,0,1.0,1.0,0.0,0.0,0.0,-0.3519723915718554
-1.6681370845600552,-1.3472050497767214,2.0,1,1.0,1.2523525966989075,2.3750782610255805,0,0,0,1.0,1.0,0.0,0.0,1.0,1.1754099582991104
0.4368912668945862,0.62889075692472,0.0,1,2.0,0.3989433498460878,-0.4125987072232853,1,0,0,1.0,0.0,0.0,0.0,0.0,-0.3519723915718554
-1.1418799966963948,0.3465913559673712,0.0,0,1.0,0.7458576778350392,1.2860679682873093,0,0,0,1.0,0.0,0.0,1.0,0.0,0.1571550583851332
0.9631483547582466,-0.5003068469046751,0.0,1,2.0,0.2428319022510597,-0.7265414387908301,0,0,0,1.0,0.0,0.0,0.0,0.0,-0.861099841528844
0.9631483547582466,0.62889075692472,0.0,1,2.0,0.2358936156912806,-0.9072769381968288,1,0,0,1.0,0.0,0.0,0.0,0.0,-0.861099841528844
-0.6156229088327345,1.1934895588394174,0.0,1,2.0,1.1049140073036037,0.904789712769972,1,0,0,1.0,0.0,0.0,1.0,0.0,0.6662825083421218
-1.1418799966963948,-1.62950445073407,0.0,1,2.0,-0.9921831053896072,0.0244189069440671,0,0,0,0.0,0.0,1.0,0.0,0.0,-0.3519723915718554
0.9631483547582466,0.62889075692472,0.0,0,2.0,0.3659864886871374,-0.9055615291288144,1,0,0,1.0,0.0,0.0,0.0,0.0,-0.3519723915718554
-1.1418799966963948,1.1934895588394174,2.0,0,0.0,-1.6391783270890012,-0.4745135385181522,0,0,0,2.0,0.0,0.0,0.0,0.0,-1.3702272914858324
0.9631483547582466,0.3465913559673712,0.0,1,2.0,-1.675604331527841,-0.9250485761414584,0,0,1,2.0,0.0,0.0,0.0,0.0,-1.3702272914858324
0.4368912668945862,-0.5003068469046751,0.0,1,2.0,0.0260104472579652,-0.2583948680692427,0,0,0,1.0,0.0,0.0,0.0,0.0,-0.861099841528844
0.9631483547582466,0.9111901578820688,0.0,0,3.0,-1.661727758408283,-0.9322990384689324,0,0,0,2.0,0.0,0.0,0.0,0.0,-1.3702272914858324
-1.1418799966963948,-1.3472050497767214,1.0,0,1.0,-1.524696598852647,-0.2523566281498319,0,1,1,2.0,0.0,0.0,0.0,0.0,-1.3702272914858324
-1.1418799966963948,-1.0649056488193729,2.0,1,3.0,0.2966036230893471,1.1259631219392974,0,1,1,0.0,1.0,0.0,1.0,1.0,1.1754099582991104
0.9631483547582466,0.62889075692472,0.0,1,3.0,0.2480356171708937,-0.9071168333504808,0,0,0,1.0,0.0,0.0,0.0,0.0,-0.861099841528844
0.9631483547582466,0.62889075692472,0.0,1,2.0,0.223751614211667,-0.907437043043177,0,0,1,1.0,0.0,0.0,0.0,0.0,-0.861099841528844
-0.0893658209690741,0.3465913559673712,2.0,1,1.0,0.0416215920174676,0.0163907925057598,1,0,0,0.0,0.0,0.0,1.0,1.0,0.6662825083421218
-1.6681370845600552,1.4757889597967662,2.0,0,3.0,1.3963220428143228,2.180893954526349,0,1,1,1.0,1.0,1.0,1.0,1.0,2.193664858213088
-1.6681370845600552,-1.0649056488193729,2.0,1,0.0,1.4258097606933835,2.56338443245175,0,1,1,1.0,1.0,1.0,1.0,0.0,1.6845374082560989
0.9631483547582466,1.1934895588394174,0.0,0,2.0,-0.8083185115554627,-0.8853197021262443,0,0,0,0.0,0.0,0.0,0.0,0.0,-0.861099841528844
0.9631483547582466,-1.3472050497767214,0.0,1,3.0,-0.7892382235160705,-0.7409051307203374,0,0,0,0.0,0.0,0.0,0.0,0.0,-0.861099841528844
-1.6681370845600552,-0.2180074459473263,2.0,0,1.0,0.1005970277755894,1.2816993931940992,0,1,1,0.0,0.0,1.0,0.0,1.0,0.6662825083421218
0.9631483547582466,-1.0649056488193729,0.0,1,0.0,0.4024124931259771,-0.5774838268408308,0,0,0,1.0,1.0,0.0,1.0,0.0,0.1571550583851332
0.9631483547582466,1.1934895588394174,0.0,0,3.0,-1.326955431898945,-0.9002551970784233,0,0,1,0.0,0.0,1.0,0.0,0.0,-0.861099841528844
1.489405442621907,-1.62950445073407,1.0,0,3.0,-1.647851185288725,-0.9321160615016776,0,1,1,2.0,0.0,0.0,0.0,0.0,-1.3702272914858324
-0.0893658209690741,-0.5003068469046751,0.0,1,0.0,0.4249619244452592,0.0947735508535651,0,1,0,1.0,0.0,1.0,0.0,0.0,-0.3519723915718554
-1.6681370845600552,-0.2180074459473263,2.0,1,1.0,-1.490005166053752,-0.2027241257819481,0,1,0,2.0,0.0,0.0,0.0,0.0,-1.3702272914858324
-0.6156229088327345,1.1934895588394174,2.0,0,3.0,-1.481332307854028,-0.4895176498330515,0,1,1,2.0,0.0,0.0,0.0,0.0,-1.3702272914858324
0.4368912668945862,-0.7826062478620239,0.0,1,0.0,0.6279068063187955,-0.2404402531573584,0,0,0,1.0,0.0,0.0,0.0,0.0,-0.3519723915718554
0.9631483547582466,0.3465913559673712,0.0,1,2.0,0.6122956615592926,-0.8557003055518622,1,0,0,1.0,0.0,0.0,0.0,0.0,-0.3519723915718554
-1.6681370845600552,1.4757889597967662,1.0,1,1.0,1.3043897458972504,1.897211038918578,1,1,0,1.0,1.0,1.0,0.0,1.0,1.6845374082560989
-0.0893658209690741,-1.62950445073407,0.0,1,2.0,0.6435179510782985,0.444190941947648,0,0,0,1.0,0.0,0.0,0.0,0.0,-0.3519723915718554
-0.6156229088327345,-0.2180074459473263,0.0,0,2.0,1.177766016181283,0.9277990664022722,1,1,0,1.0,1.0,0.0,0.0,0.0,0.6662825083421218
1.489405442621907,-1.62950445073407,0.0,1,1.0,-0.6279230610012082,-0.9186672544084448,0,0,0,0.0,1.0,0.0,0.0,0.0,-0.3519723915718554
0.9631483547582466,0.62889075692472,0.0,1,0.0,0.195998467972551,-0.8749357592345304,0,1,1,1.0,0.0,1.0,0.0,0.0,-0.3519723915718554
-1.1418799966963948,0.0642919550100224,0.0,1,2.0,0.9279877000292386,1.2601081110580246,0,1,0,1.0,0.0,0.0,0.0,0.0,0.1571550583851332
0.9631483547582466,0.62889075692472,0.0,1,2.0,-1.1378871231449663,-0.9099987205847452,0,1,0,0.0,0.0,0.0,0.0,0.0,-0.861099841528844
0.9631483547582466,-0.2180074459473263,0.0,0,2.0,0.6001536600796795,-0.6231823244127348,1,0,0,1.0,0.0,0.0,0.0,0.0,-0.3519723915718554
-0.0893658209690741,0.9111901578820688,0.0,1,1.0,-0.4770153283260144,-0.3741049277370417,0,0,0,0.0,0.0,1.0,1.0,0.0,0.6662825083421218
0.4368912668945862,-0.5003068469046751,0.0,0,3.0,-1.4986780242534758,-0.7277536611988936,0,0,1,2.0,0.0,0.0,0.0,0.0,-1.3702272914858324
-1.6681370845600552,1.4757889597967662,2.0,1,1.0,-1.6599931867683384,-0.3917622050771367,0,0,0,2.0,0.0,0.0,0.0,0.0,-1.3702272914858324
-1.6681370845600552,-1.3472050497767214,2.0,0,1.0,0.8464628329518348,2.132519418808342,0,1,0,0.0,1.0,1.0,1.0,1.0,2.193664858213088
0.4368912668945862,1.4757889597967662,1.0,0,3.0,-1.677338903167786,-0.8067310946902773,0,1,1,2.0,0.0,0.0,0.0,0.0,-1.3702272914858324
-1.1418799966963948,1.1934895588394174,0.0,1,2.0,1.0702225745047085,1.132458804276845,0,1,0,1.0,1.0,1.0,1.0,0.0,1.1754099582991104
0.4368912668945862,0.3465913559673712,0.0,1,2.0,0.2220170425717224,-0.4399766359487952,1,0,0,1.0,0.0,0.0,0.0,0.0,-0.861099841528844
-0.0893658209690741,-1.0649056488193729,0.0,1,2.0,0.8776851224708405,0.399315840728391,1,1,0,1.0,0.0,0.0,0.0,0.0,0.1571550583851332
-1.6681370845600552,1.1934895588394174,1.0,1,0.0,-0.9470842427510432,0.2428476616045693,0,0,1,0.0,1.0,1.0,0.0,1.0,0.1571550583851332
-0.0893658209690741,-0.7826062478620239,1.0,0,3.0,0.7718762524342105,0.4897979510359248,1,1,0,1.0,1.0,0.0,0.0,1.0,0.6662825083421218
0.9631483547582466,0.62889075692472,0.0,1,3.0,-0.7944419384359047,-0.8973275656023453,0,0,0,0.0,0.0,0.0,0.0,0.0,-0.861099841528844
-1.6681370845600552,-1.3472050497767214,2.0,1,0.0,0.5342399377617786,1.8227394132458457,0,1,1,0.0,1.0,0.0,1.0,1.0,1.6845374082560989
0.9631483547582466,0.9111901578820688,0.0,1,2.0,0.4284310677251485,-0.9047381327761675,0,0,0,1.0,0.0,0.0,0.0,0.0,-0.3519723915718554
-0.0893658209690741,0.62889075692472,1.0,1,0.0,0.2584430470105622,0.0850071552263364,0,0,0,0.0,0.0,0.0,1.0,1.0,1.1754099582991104
0.9631483547582466,-0.2180074459473263,0.0,1,3.0,-1.6374437554490564,-0.8785038100960004,0,0,0,2.0,0.0,0.0,0.0,0.0,-1.3702272914858324
-0.6156229088327345,-0.2180074459473263,2.0,1,1.0,-1.6842771897275648,-0.5538797980649525,1,1,0,2.0,0.0,0.0,0.0,0.0,-1.3702272914858324
-1.6681370845600552,-1.62950445073407,2.0,1,2.0,1.231537737019571,2.4311149572473845,0,1,1,1.0,0.0,1.0,1.0,0.0,1.1754099582991104
-1.6681370845600552,-1.3472050497767214,2.0,0,0.0,0.7822836822738789,2.06205041429431,0,1,1,1.0,0.0,1.0,1.0,1.0,0.6662825083421218
-0.6156229088327345,-0.5003068469046751,2.0,0,3.0,0.195998467972551,0.5905725157515448,0,0,0,0.0,1.0,0.0,0.0,1.0,0.6662825083421218
0.9631483547582466,1.4757889597967662,0.0,0,3.0,-0.2029530092147429,-0.913063584786264,0,0,0,0.0,0.0,0.0,1.0,1.0,0.1571550583851332
-1.1418799966963948,-0.2180074459473263,0.0,1,2.0,1.1170560087832166,1.5474505660108924,0,0,0,1.0,0.0,0.0,0.0,1.0,0.6662825083421218
1.489405442621907,-1.62950445073407,0.0,0,0.0,-0.6365959192009321,-0.918781615012979,0,0,0,0.0,1.0,0.0,0.0,0.0,-0.3519723915718554
-0.0893658209690741,0.0642919550100224,0.0,1,2.0,0.1092698859753132,0.0503558920524452,0,0,0,0.0,0.0,1.0,0.0,1.0,0.6662825083421218
-1.6681370845600552,0.62889075692472,0.0,1,2.0,1.2610254548986315,2.175084435816007,0,1,0,1.0,1.0,0.0,1.0,0.0,1.1754099582991104
-0.6156229088327345,-1.3472050497767214,1.0,0,1.0,0.9488025597085754,1.0823688594908245,1,0,0,1.0,0.0,1.0,0.0,0.0,0.6662825083421218
-0.0893658209690741,-1.0649056488193729,0.0,1,0.0,0.4405730692047616,0.2737478969497358,1,1,0,1.0,0.0,1.0,0.0,0.0,-0.3519723915718554
-0.6156229088327345,1.4757889597967662,1.0,0,1.0,0.3833322050865849,0.3680039072069012,0,1,1,0.0,0.0,1.0,1.0,0.0,1.1754099582991104
0.9631483547582466,0.62889075692472,0.0,1,2.0,0.2775233350499549,-0.8758735161917117,0,0,0,1.0,0.0,0.0,0.0,0.0,-0.861099841528844
0.9631483547582466,0.3465913559673712,0.0,1,2.0,0.0659055949766943,-0.7686032691385436,0,1,1,1.0,0.0,0.0,0.0,0.0,-0.861099841528844
-1.1418799966963948,1.1934895588394174,0.0,1,0.0,-0.7840345085962364,0.0397661000725695,0,1,0,0.0,1.0,0.0,1.0,0.0,0.1571550583851332
0.9631483547582466,0.0642919550100224,0.0,0,3.0,-1.6391783270890012,-0.87013261384409,0,0,0,2.0,0.0,0.0,0.0,0.0,-1.3702272914858324
0.9631483547582466,-1.3472050497767214,0.0,0,1.0,-1.6582586151283931,-0.8401930075770119,0,0,1,2.0,0.0,0.0,0.0,0.0,-1.3702272914858324
0.4368912668945862,0.3465913559673712,0.0,0,3.0,-1.64611661364878,-0.7781409435567037,0,1,1,2.0,0.0,0.0,0.0,0.0,-1.3702272914858324
0.9631483547582466,0.62889075692472,0.0,1,3.0,-0.7927073667959601,-0.9208401058945962,0,0,0,0.0,0.0,0.0,0.0,0.0,-0.861099841528844
-1.6681370845600552,-1.3472050497767214,2.0,0,1.0,-0.0399032750599357,1.2361152562267297,0,1,1,0.0,1.0,1.0,0.0,1.0,0.6662825083421218
-0.6156229088327345,0.0642919550100224,2.0,0,3.0,-1.677338903167786,-0.540659712180788,0,0,0,2.0,0.0,0.0,0.0,0.0,-1.3702272914858324
0.9631483547582466,-0.5003068469046751,0.0,1,2.0,0.090189597935921,-0.6679430650274576,0,0,0,1.0,0.0,0.0,0.0,0.0,-0.861099841528844
-0.6156229088327345,-0.7826062478620239,1.0,0,2.0,1.1222597237030512,1.233164752629745,1,1,0,1.0,0.0,0.0,0.0,1.0,0.6662825083421218
0.4368912668945862,0.0642919550100224,0.0,0,1.0,-0.4475276104469535,-0.595118232060019,1,0,0,0.0,0.0,0.0,0.0,1.0,-0.3519723915718554
0.9631483547582466,0.0642919550100224,0.0,1,0.0,0.4076162080458116,-0.8262867580656417,0,1,0,1.0,0.0,0.0,0.0,1.0,-0.3519723915718554
0.4368912668945862,1.4757889597967662,0.0,1,2.0,1.0979757207438243,-0.4239890234349009,1,1,0,1.0,0.0,0.0,1.0,0.0,0.6662825083421218
0.9631483547582466,1.1934895588394174,0.0,1,2.0,-0.6053736296819262,-0.9183699168366554,0,0,0,0.0,0.0,0.0,0.0,0.0,-0.861099841528844
-0.0893658209690741,0.62889075692472,2.0,0,3.0,0.2653813335703413,-0.0016781830106587,0,1,1,0.0,0.0,0.0,1.0,1.0,1.1754099582991104
-1.6681370845600552,-1.3472050497767214,2.0,0,0.0,1.110117722223438,2.375787296773693,0,1,1,1.0,1.0,1.0,0.0,1.0,1.1754099582991104
0.9631483547582466,1.1934895588394174,0.0,0,3.0,-1.1378871231449663,-0.8952004583580074,0,1,0,0.0,1.0,0.0,0.0,1.0,-0.3519723915718554
0.4368912668945862,0.9111901578820688,0.0,1,0.0,0.6244376630389062,-0.3607018648856224,0,0,1,1.0,0.0,1.0,0.0,0.0,0.1571550583851332
0.9631483547582466,1.4757889597967662,0.0,0,2.0,0.4058816364058665,-0.9050354703479568,0,0,0,1.0,0.0,0.0,0.0,0.0,-0.3519723915718554
0.9631483547582466,-1.0649056488193729,0.0,1,3.0,-1.1795168425036406,-0.8049241971386354,0,0,0,0.0,0.0,0.0,0.0,0.0,-0.861099841528844
-1.6681370845600552,0.3465913559673712,2.0,1,0.0,0.6244376630389062,1.618079675371273,0,1,0,0.0,1.0,1.0,1.0,1.0,2.193664858213088
-1.1418799966963948,1.1934895588394174,0.0,1,1.0,0.7961602553934367,1.1242934571130967,1,0,0,1.0,0.0,0.0,1.0,0.0,0.1571550583851332
0.9631483547582466,1.4757889597967662,0.0,0,2.0,0.5758696571204528,-0.9027940024990846,0,0,0,1.0,0.0,0.0,0.0,0.0,-0.3519723915718554
0.9631483547582466,-1.62950445073407,0.0,1,1.0,0.2029367545323301,-0.5428325636669395,0,0,1,1.0,0.0,0.0,0.0,0.0,-0.861099841528844
0.9631483547582466,-0.5003068469046751,0.0,1,3.0,0.711166245036144,-0.580708795888698,0,0,0,1.0,0.0,0.0,0.0,0.0,0.1571550583851332
0.9631483547582466,-0.2180074459473263,0.0,0,1.0,-1.6669314733281173,-0.8920212335519541,0,0,0,2.0,0.0,0.0,0.0,0.0,-1.3702272914858324
0.9631483547582466,0.62889075692472,0.0,1,2.0,1.318266319016809,-0.7883647816020696,1,1,0,1.0,0.0,1.0,1.0,0.0,1.1754099582991104
0.4368912668945862,0.0642919550100224,0.0,1,1.0,0.8776851224708405,-0.2215707534091999,0,0,0,1.0,0.0,1.0,1.0,0.0,0.6662825083421218
-0.6156229088327345,1.1934895588394174,2.0,0,1.0,-1.6374437554490564,-0.5926709151229851,0,0,0,2.0,0.0,0.0,0.0,0.0,-1.3702272914858324
-1.6681370845600552,-1.3472050497767214,2.0,0,1.0,0.7614688225945415,2.060700959160805,0,1,1,0.0,1.0,1.0,1.0,1.0,2.193664858213088
0.9631483547582466,1.1934895588394174,0.0,1,2.0,0.4197582095254247,-0.8310670313351751,0,1,1,1.0,0.0,1.0,0.0,1.0,0.1571550583851332
0.9631483547582466,0.62889075692472,0.0,1,2.0,0.2202824709317777,-0.8452477462974276,0,0,0,1.0,0.0,0.0,0.0,0.0,-0.861099841528844
0.4368912668945862,0.62889075692472,0.0,1,2.0,0.6313759495986848,-0.3762549071022865,0,1,0,1.0,0.0,0.0,0.0,0.0,-0.3519723915718554
0.9631483547582466,-1.62950445073407,0.0,0,2.0,0.6122956615592926,-0.5518213071833352,1,1,0,1.0,0.0,0.0,0.0,0.0,-0.3519723915718554
0.9631483547582466,0.62889075692472,0.0,1,2.0,0.112739029255203,-0.9089008587812158,1,0,0,1.0,0.0,0.0,0.0,0.0,-0.861099841528844
-0.6156229088327345,1.1934895588394174,0.0,0,3.0,-0.4475276104469535,-0.021737033045974,0,0,0,0.0,0.0,0.0,0.0,0.0,-0.3519723915718554
-0.6156229088327345,0.0642919550100224,0.0,0,3.0,-0.61404648788165,0.0509276950751166,0,1,1,0.0,0.0,1.0,0.0,0.0,-0.3519723915718554
0.9631483547582466,1.1934895588394174,0.0,1,3.0,-1.654789471848504,-0.9322075499853052,0,0,0,2.0,0.0,0.0,0.0,0.0,-1.3702272914858324
1.489405442621907,-1.62950445073407,0.0,0,2.0,0.2653813335703413,-0.9068881121414124,0,0,0,1.0,0.0,0.0,1.0,0.0,-0.3519723915718554
0.9631483547582466,0.9111901578820688,0.0,1,2.0,0.4475113557645407,-0.9044865394461922,0,0,0,1.0,0.0,0.0,0.0,0.0,-0.3519723915718554
0.9631483547582466,1.4757889597967662,0.0,0,3.0,-1.647851185288725,-0.9218236070935912,0,0,1,2.0,0.0,0.0,0.0,0.0,-1.3702272914858324
0.9631483547582466,1.4757889597967662,0.0,1,2.0,0.0745784531764181,-0.9094040454411668,0,0,0,1.0,0.0,0.0,0.0,0.0,-0.861099841528844
-0.0893658209690741,-1.3472050497767214,1.0,1,0.0,-1.6877463330074542,-0.6304785309820229,0,0,0,2.0,0.0,0.0,0.0,0.0,-1.3702272914858324
0.4368912668945862,-1.3472050497767214,0.0,0,2.0,-0.4492621820868981,-0.3245867859736923,0,0,0,0.0,1.0,0.0,0.0,1.0,0.1571550583851332
-1.1418799966963948,1.1934895588394174,0.0,1,1.0,-1.3130788587793871,-0.24181258041177,0,1,0,0.0,0.0,1.0,0.0,0.0,-0.861099841528844
-0.0893658209690741,-0.2180074459473263,0.0,1,2.0,0.2081404694521646,0.0727705705411669,1,0,0,1.0,0.0,0.0,0.0,0.0,-0.861099841528844
-0.0893658209690741,0.3465913559673712,1.0,1,0.0,1.0095125671066418,0.4406228910861782,0,0,0,1.0,0.0,1.0,0.0,0.0,0.6662825083421218
-1.6681370845600552,-0.7826062478620239,2.0,1,0.0,0.4405730692047616,1.55627920468094,0,1,1,0.0,1.0,0.0,0.0,1.0,1.1754099582991104
-1.1418799966963948,-0.2180074459473263,0.0,1,2.0,-0.4666078984863457,0.3643443678618038,1,0,0,0.0,0.0,1.0,1.0,0.0,0.6662825083421218
-1.6681370845600552,1.1934895588394174,2.0,0,3.0,-1.5160237406529231,-0.2012145658020955,0,0,0,2.0,0.0,0.0,0.0,0.0,-1.3702272914858324
-0.6156229088327345,-1.3472050497767214,0.0,0,1.0,-0.7753616503965125,0.0230008354478419,0,0,1,0.0,0.0,1.0,1.0,0.0,0.1571550583851332
0.9631483547582466,1.1934895588394174,0.0,1,1.0,0.943598844788741,-0.8589938909624498,1,0,0,1.0,0.0,1.0,1.0,1.0,1.1754099582991104
-1.1418799966963948,-1.0649056488193729,0.0,1,2.0,-0.7840345085962364,0.2713234521336086,1,1,0,0.0,0.0,1.0,1.0,0.0,0.1571550583851332
0.4368912668945862,-1.3472050497767214,0.0,0,0.0,0.4544496423243199,-0.0613972906984673,0,1,1,0.0,1.0,0.0,0.0,1.0,1.1754099582991104
-0.0893658209690741,-1.3472050497767214,1.0,1,3.0,0.2653813335703413,0.28456641013868,0,0,0,0.0,1.0,1.0,1.0,1.0,1.6845374082560989
-0.0893658209690741,-0.7826062478620239,0.0,0,3.0,0.7267773897956464,0.4309937281843905,0,1,0,1.0,0.0,1.0,0.0,0.0,0.1571550583851332
0.4368912668945862,0.3465913559673712,0.0,1,2.0,0.7649379658744314,-0.4023977412988261,0,0,0,1.0,0.0,0.0,0.0,1.0,0.1571550583851332
0.9631483547582466,1.4757889597967662,0.0,1,2.0,0.195998467972551,-0.9078029969776866,1,1,0,1.0,0.0,0.0,0.0,0.0,-0.861099841528844
-1.6681370845600552,-1.0649056488193729,2.0,1,2.0,1.0927720058239905,2.3376137269801456,1,1,0,1.0,1.0,1.0,1.0,1.0,1.6845374082560989
-1.1418799966963948,0.9111901578820688,0.0,1,1.0,-0.2827433046522016,0.4008254007082437,0,0,0,0.0,1.0,1.0,0.0,0.0,0.1571550583851332
-1.1418799966963948,-1.62950445073407,1.0,0,0.0,0.8950308388702881,1.7394848931448796,0,1,0,1.0,1.0,1.0,0.0,1.0,1.1754099582991104
-1.6681370845600552,-1.3472050497767214,2.0,0,0.0,1.5281494874501242,2.733232802306084,0,1,1,1.0,1.0,1.0,1.0,1.0,2.193664858213088
0.9631483547582466,0.9111901578820688,0.0,1,2.0,0.0502944502171914,-0.9097242551338628,0,0,0,1.0,0.0,0.0,0.0,0.0,-0.861099841528844
-1.1418799966963948,0.9111901578820688,0.0,0,2.0,1.7189523678440477,1.546535681174618,1,1,0,1.0,1.0,1.0,1.0,1.0,2.193664858213088
0.9631483547582466,-1.3472050497767214,0.0,1,2.0,0.5602585123609499,-0.4993069175811872,0,0,1,1.0,0.0,0.0,0.0,0.0,-0.3519723915718554
0.9631483547582466,0.0642919550100224,0.0,0,0.0,0.4631225005240436,-0.6760855400702994,0,1,0,0.0,1.0,0.0,1.0,1.0,1.6845374082560989
-1.1418799966963948,-1.3472050497767214,2.0,0,0.0,0.3139493394887947,1.1371475890627512,0,1,1,0.0,0.0,1.0,0.0,1.0,1.1754099582991104
0.4368912668945862,0.9111901578820688,0.0,1,0.0,0.9279877000292386,-0.2730558975705392,0,1,0,1.0,0.0,1.0,0.0,0.0,0.6662825083421218
-1.6681370845600552,0.62889075692472,0.0,1,2.0,1.1187905804231617,1.932800059049651,0,1,1,1.0,0.0,1.0,1.0,0.0,1.1754099582991104
-0.0893658209690741,-0.5003068469046751,0.0,1,2.0,0.5932153735199004,0.2589953789648118,0,1,0,1.0,0.0,0.0,0.0,0.0,-0.3519723915718554
0.9631483547582466,-1.3472050497767214,0.0,0,2.0,0.7475922494749838,-0.5512037599188501,0,1,0,1.0,0.0,0.0,0.0,0.0,0.1571550583851332
-0.6156229088327345,1.4757889597967662,1.0,1,1.0,-1.6530549002085593,-0.5687466766544107,0,1,0,2.0,0.0,0.0,0.0,0.0,-1.3702272914858324
-1.1418799966963948,1.1934895588394174,0.0,0,2.0,1.2419451668592394,1.3782654876628575,0,1,1,1.0,0.0,1.0,0.0,1.0,1.1754099582991104
0.9631483547582466,0.62889075692472,0.0,1,2.0,0.4388384975648169,-0.9046009000507264,0,1,0,1.0,0.0,0.0,0.0,0.0,-0.3519723915718554
-1.1418799966963948,-1.3472050497767214,2.0,0,1.0,-1.6738697598878964,-0.4100141575608101,0,1,1,2.0,0.0,0.0,0.0,0.0,-1.3702272914858324
0.9631483547582466,-1.0649056488193729,0.0,1,1.0,0.4544496423243199,-0.5672371166745581,0,0,0,1.0,0.0,1.0,0.0,0.0,-0.3519723915718554
-0.6156229088327345,-0.2180074459473263,0.0,1,2.0,1.1482782983022224,1.0659924209215133,1,1,0,1.0,0.0,1.0,0.0,0.0,0.6662825083421218
0.4368912668945862,-1.62950445073407,0.0,1,1.0,0.0554981651370258,-0.139711432683552,1,1,0,0.0,1.0,0.0,0.0,1.0,0.6662825083421218
0.9631483547582466,0.62889075692472,0.0,1,2.0,0.390270491646364,-0.9052413194361184,0,0,0,1.0,0.0,1.0,0.0,0.0,-0.3519723915718554
0.9631483547582466,-1.0649056488193729,0.0,0,3.0,-1.1517636962645246,-0.7659958473551617,0,0,0,0.0,0.0,1.0,1.0,0.0,-0.3519723915718554
0.9631483547582466,0.62889075692472,0.0,1,3.0,0.261912190290452,-0.8689890077987471,1,0,0,1.0,0.0,0.0,0.0,0.0,-0.861099841528844
-1.6681370845600552,-1.3472050497767214,2.0,0,3.0,1.3720380398550962,2.524456082668276,0,1,1,1.0,1.0,0.0,1.0,1.0,1.6845374082560989
-1.6681370845600552,-0.7826062478620239,2.0,0,1.0,1.299186030977416,2.4948138139729865,1,1,0,1.0,1.0,1.0,1.0,0.0,1.6845374082560989
0.4368912668945862,0.9111901578820688,1.0,0,0.0,-1.6582586151283931,-0.7957067324131714,0,0,0,2.0,0.0,0.0,0.0,0.0,-1.3702272914858324
0.9631483547582466,-0.2180074459473263,0.0,1,1.0,-0.4562004686466772,-0.7410652355666855,0,0,0,0.0,0.0,0.0,0.0,0.0,-0.3519723915718554
0.4368912668945862,1.4757889597967662,0.0,0,2.0,0.9470679880686308,-0.5158434609968461,0,0,1,1.0,0.0,0.0,0.0,0.0,0.1571550583851332
0.4368912668945862,-0.7826062478620239,1.0,1,1.0,-0.4041633194483345,-0.3503407941148153,0,1,0,0.0,1.0,0.0,0.0,1.0,0.1571550583851332
0.9631483547582466,0.62889075692472,0.0,1,3.0,-1.668666044968062,-0.9148476102169992,0,0,0,2.0,0.0,0.0,0.0,0.0,-1.3702272914858324
-2.194394172423716,0.9111901578820688,2.0,1,0.0,1.2575563116187425,2.576261436522312,1,1,0,1.0,0.0,1.0,1.0,0.0,1.1754099582991104
0.4368912668945862,0.62889075692472,1.0,0,0.0,-1.6651969016881725,-0.7906062494509418,0,1,1,2.0,0.0,0.0,0.0,0.0,-1.3702272914858324
-1.6681370845600552,-1.3472050497767214,2.0,1,0.0,-0.1075515690177813,1.2233297406397956,1,1,1,0.0,1.0,1.0,1.0,1.0,1.6845374082560989
0.9631483547582466,-0.2180074459473263,0.0,0,3.0,-0.3954904612486107,-0.8339031743276256,0,1,1,0.0,0.0,1.0,0.0,1.0,0.1571550583851332
0.4368912668945862,-0.2180074459473263,0.0,1,3.0,-0.1110207122976706,-0.4414175795659274,0,0,1,0.0,0.0,0.0,0.0,0.0,0.1571550583851332
0.4368912668945862,-0.2180074459473263,0.0,0,1.0,-1.491739737693697,-0.7100048953751711,0,0,0,0.0,0.0,0.0,0.0,0.0,-1.3702272914858324
0.4368912668945862,0.62889075692472,1.0,0,3.0,-0.1075515690177813,-0.4036785800696103,0,1,0,0.0,1.0,1.0,0.0,0.0,0.6662825083421218
-0.6156229088327345,-1.3472050497767214,1.0,1,3.0,0.0572327367769705,0.6301412849204107,0,1,0,0.0,0.0,0.0,1.0,1.0,0.6662825083421218
-1.1418799966963948,-0.5003068469046751,0.0,1,2.0,0.6088265182794033,1.2884466688616227,1,1,0,1.0,0.0,1.0,1.0,0.0,0.1571550583851332
-1.6681370845600552,1.4757889597967662,2.0,1,0.0,-1.0025905352292754,0.1278008934430692,0,1,0,0.0,0.0,0.0,0.0,1.0,-0.3519723915718554
-1.1418799966963948,0.0642919550100224,2.0,1,1.0,-1.4657211630945255,-0.3065178104572738,0,1,1,2.0,0.0,0.0,0.0,0.0,-1.3702272914858324
-1.6681370845600552,-1.3472050497767214,2.0,1,1.0,1.287044029497803,2.530448578345873,0,1,0,1.0,1.0,0.0,1.0,0.0,1.1754099582991104
0.4368912668945862,-0.7826062478620239,0.0,1,2.0,-0.6088427729618158,-0.4387872856616386,0,0,0,0.0,0.0,1.0,0.0,0.0,0.1571550583851332
-0.6156229088327345,-0.2180074459473263,1.0,1,2.0,1.3234700339366428,1.121983372901504,0,0,0,1.0,1.0,1.0,1.0,0.0,1.6845374082560989
-1.6681370845600552,-1.0649056488193729,2.0,0,1.0,1.587124923208246,2.7943928536110247,0,1,1,1.0,1.0,1.0,1.0,1.0,2.193664858213088
0.4368912668945862,-1.62950445073407,0.0,0,0.0,0.4804682169234912,-0.0133887089149705,0,0,0,0.0,1.0,1.0,1.0,1.0,1.6845374082560989
-1.1418799966963948,-1.3472050497767214,2.0,1,2.0,1.4813160531716154,2.071656705075191,0,1,1,1.0,1.0,0.0,1.0,1.0,1.6845374082560989
0.9631483547582466,-1.3472050497767214,1.0,0,1.0,-1.205535417102812,-0.7380003713651664,0,1,1,0.0,1.0,0.0,0.0,1.0,-0.3519723915718554
-0.0893658209690741,0.0642919550100224,1.0,1,2.0,0.8984999821501775,0.4033413340079982,0,1,0,1.0,0.0,0.0,1.0,0.0,0.6662825083421218
-0.6156229088327345,-1.62950445073407,2.0,0,1.0,0.466591643803933,0.9161800289815878,1,0,0,0.0,1.0,1.0,1.0,1.0,1.6845374082560989
-0.6156229088327345,0.9111901578820688,0.0,1,1.0,-0.131835571977008,0.1840205666321283,0,0,1,0.0,1.0,0.0,0.0,1.0,0.6662825083421218
-1.6681370845600552,0.9111901578820688,2.0,1,1.0,0.5932153735199004,1.5673493111998595,0,1,0,0.0,1.0,0.0,1.0,1.0,1.6845374082560989
0.9631483547582466,1.1934895588394174,0.0,1,2.0,0.8360554031121663,-0.8194022496726772,0,0,0,1.0,0.0,0.0,0.0,0.0,0.1571550583851332
-0.6156229088327345,0.0642919550100224,1.0,0,3.0,-1.661727758408283,-0.5672828609163717,0,1,1,2.0,0.0,0.0,0.0,0.0,-1.3702272914858324
0.4368912668945862,0.9111901578820688,0.0,1,2.0,-0.5949661998422577,-0.6154058033044029,0,0,0,0.0,0.0,0.0,1.0,0.0,0.1571550583851332
-1.1418799966963948,-0.7826062478620239,1.0,1,2.0,1.1135868655033274,1.5787396274114756,1,0,0,1.0,0.0,0.0,1.0,0.0,0.6662825083421218
-1.1418799966963948,0.0642919550100224,2.0,1,0.0,0.3434370573678553,1.0362357916216902,0,0,0,0.0,0.0,0.0,1.0,0.0,0.6662825083421218
0.9631483547582466,0.9111901578820688,0.0,1,3.0,0.0780475964563079,-0.909358301199353,0,0,0,1.0,0.0,0.0,0.0,0.0,-0.861099841528844
0.9631483547582466,1.4757889597967662,0.0,1,3.0,-1.2679799961408231,-0.9271070670230755,0,0,1,0.0,0.0,1.0,0.0,0.0,-0.861099841528844
0.4368912668945862,0.9111901578820688,0.0,0,2.0,0.2584430470105622,-0.4721348379438388,0,0,0,1.0,0.0,0.0,1.0,0.0,-0.3519723915718554
0.4368912668945862,0.0642919550100224,0.0,1,0.0,0.3746593468868612,-0.2575257274747821,0,0,0,1.0,0.0,0.0,0.0,0.0,-0.3519723915718554
0.9631483547582466,0.0642919550100224,0.0,1,0.0,0.9193148418295148,-0.7643261825289609,0,0,0,1.0,1.0,0.0,1.0,1.0,1.1754099582991104
0.4368912668945862,0.9111901578820688,0.0,0,2.0,0.9089074119898458,-0.3853808833441232,0,1,0,1.0,0.0,1.0,1.0,0.0,0.6662825083421218
-1.1418799966963948,0.62889075692472,2.0,0,0.0,-1.6738697598878964,-0.4940692018935165,0,0,0,2.0,0.0,0.0,0.0,0.0,-1.3702272914858324
-1.1418799966963948,0.62889075692472,0.0,1,2.0,1.2592908832586869,1.605751602202476,1,1,0,1.0,1.0,0.0,1.0,0.0,1.1754099582991104
0.9631483547582466,-1.3472050497767214,0.0,1,0.0,-0.6539416356003795,-0.6701616607554229,0,0,0,0.0,0.0,1.0,0.0,0.0,-0.3519723915718554
-0.6156229088327345,1.4757889597967662,0.0,0,2.0,0.0711093098965287,0.2742282114887799,0,0,0,0.0,1.0,1.0,1.0,1.0,1.1754099582991104
1.489405442621907,-1.62950445073407,0.0,1,2.0,0.1162081725350923,-0.9088551145394022,1,0,0,1.0,0.0,0.0,0.0,0.0,-0.861099841528844
-0.6156229088327345,1.4757889597967662,0.0,0,0.0,0.8256479732724978,0.6500171579884712,0,1,0,1.0,1.0,0.0,0.0,0.0,0.1571550583851332
0.4368912668945862,1.4757889597967662,0.0,1,2.0,1.094506577463935,-0.3924483687043425,1,0,0,1.0,0.0,0.0,1.0,0.0,0.6662825083421218
0.9631483547582466,0.0642919550100224,0.0,1,0.0,0.0450907352973574,-0.722996260050267,0,1,0,1.0,0.0,0.0,0.0,0.0,-0.861099841528844
0.9631483547582466,-1.62950445073407,0.0,1,2.0,0.2376281873312253,-0.5756540571682821,0,0,0,1.0,0.0,0.0,0.0,0.0,-0.861099841528844
0.9631483547582466,0.9111901578820688,0.0,1,2.0,0.2272207574915568,-0.8067539668111842,1,0,0,1.0,0.0,0.0,0.0,0.0,-0.861099841528844
0.4368912668945862,-1.3472050497767214,0.0,1,0.0,1.1604202997818356,0.1184919402339777,0,0,0,1.0,1.0,0.0,0.0,0.0,0.6662825083421218
-1.6681370845600552,-1.0649056488193729,2.0,1,1.0,-1.6651969016881725,-0.3215676660139869,0,0,0,2.0,0.0,0.0,0.0,0.0,-1.3702272914858324
-1.1418799966963948,1.4757889597967662,0.0,1,2.0,1.0910374341840452,1.2310147732645,0,1,1,1.0,0.0,1.0,0.0,0.0,0.6662825083421218
0.9631483547582466,-1.3472050497767214,0.0,1,2.0,0.589746230240011,-0.5915273090776422,0,1,0,1.0,0.0,0.0,0.0,0.0,-0.3519723915718554
0.4368912668945862,1.1934895588394174,0.0,1,1.0,0.1075353143353685,-0.5233455166542959,0,0,0,1.0,0.0,0.0,0.0,0.0,-0.861099841528844
0.4368912668945862,0.0642919550100224,0.0,1,1.0,-1.476128592934194,-0.68248973392422,0,0,1,0.0,0.0,0.0,0.0,0.0,-1.3702272914858324
-0.0893658209690741,-0.7826062478620239,0.0,1,2.0,0.2428319022510597,0.1122021069845915,1,1,0,1.0,0.0,0.0,0.0,0.0,-0.861099841528844
-1.1418799966963948,0.9111901578820688,0.0,1,1.0,1.2072537340603442,1.408937001798955,0,1,0,1.0,0.0,1.0,0.0,1.0,1.1754099582991104
-1.6681370845600552,-1.3472050497767214,2.0,1,1.0,-0.1196935704973944,1.1815881199847782,1,1,0,0.0,1.0,1.0,1.0,1.0,1.6845374082560989
-1.6681370845600552,1.1934895588394174,1.0,0,1.0,-0.3243730240108758,0.661201625111925,0,0,0,0.0,0.0,0.0,1.0,0.0,0.1571550583851332
-0.0893658209690741,-1.0649056488193729,0.0,0,2.0,0.5290362228419446,0.3615539691111669,0,0,0,1.0,0.0,0.0,0.0,0.0,-0.3519723915718554
-1.1418799966963948,0.3465913559673712,2.0,1,0.0,-1.5212274555727578,-0.3783820143466243,0,1,1,2.0,0.0,0.0,0.0,0.0,-1.3702272914858324
0.9631483547582466,0.3465913559673712,0.0,0,2.0,0.0867204546560317,-0.8129065673351292,0,0,0,1.0,0.0,0.0,0.0,0.0,-0.861099841528844
-0.0893658209690741,1.4757889597967662,0.0,0,3.0,0.1058007426954239,-0.1329870291369355,0,0,0,1.0,0.0,0.0,0.0,0.0,-0.861099841528844
-0.6156229088327345,-1.3472050497767214,1.0,1,2.0,1.4605011934922787,1.2884924131034363,1,0,0,1.0,1.0,1.0,1.0,0.0,1.6845374082560989
-0.6156229088327345,1.4757889597967662,0.0,1,2.0,1.1222597237030512,0.6722259873890309,0,0,0,1.0,0.0,0.0,1.0,0.0,0.6662825083421218
0.9631483547582466,-1.3472050497767214,0.0,1,2.0,-1.335628290098669,-0.8399414142470363,1,0,0,0.0,0.0,0.0,1.0,0.0,-0.861099841528844
0.9631483547582466,-1.0649056488193729,1.0,0,0.0,-0.4891573298056277,-0.6434012792943982,0,0,0,0.0,0.0,0.0,1.0,1.0,0.1571550583851332
-0.6156229088327345,-1.3472050497767214,1.0,0,2.0,0.2515047604507835,0.7843222519535464,0,0,0,1.0,0.0,1.0,0.0,0.0,-0.3519723915718554
0.9631483547582466,0.62889075692472,0.0,0,3.0,-1.6565240434884487,-0.887492553612396,0,0,0,2.0,0.0,0.0,0.0,0.0,-1.3702272914858324
-0.6156229088327345,-0.7826062478620239,1.0,1,1.0,-0.4770153283260144,0.1197270347629482,0,1,1,0.0,0.0,1.0,0.0,1.0,0.1571550583851332
0.4368912668945862,0.9111901578820688,2.0,0,3.0,-1.6704006166080068,-0.8113741352343696,0,0,0,2.0,0.0,0.0,0.0,0.0,-1.3702272914858324
0.9631483547582466,-1.3472050497767214,0.0,1,3.0,-0.4908919014455724,-0.6447278623069959,0,0,0,0.0,0.0,1.0,0.0,1.0,0.1571550583851332
-0.6156229088327345,-1.62950445073407,0.0,0,1.0,-0.2879470195720358,0.4172933277611821,0,1,1,0.0,1.0,1.0,0.0,1.0,0.6662825083421218
-0.0893658209690741,1.1934895588394174,0.0,0,0.0,0.7718762524342105,0.1671180692819597,0,1,0,1.0,0.0,0.0,1.0,0.0,0.1571550583851332
1.489405442621907,-1.62950445073407,0.0,0,3.0,-0.5776204834428103,-0.9180039629021456,0,0,0,0.0,1.0,0.0,0.0,0.0,-0.3519723915718554
0.9631483547582466,0.62889075692472,1.0,0,2.0,-1.677338903167786,-0.8958866219852132,0,0,0,2.0,0.0,0.0,0.0,0.0,-1.3702272914858324
0.9631483547582466,0.9111901578820688,0.0,0,2.0,-0.7684233638367334,-0.9205198962019002,0,0,0,0.0,0.0,0.0,0.0,0.0,-0.861099841528844
0.9631483547582466,1.4757889597967662,0.0,0,3.0,-1.6495857569286696,-0.9223039216326352,0,1,0,2.0,0.0,0.0,0.0,0.0,-1.3702272914858324
-1.6681370845600552,-1.3472050497767214,2.0,1,1.0,1.033796570065869,2.201044293045292,0,1,0,1.0,0.0,1.0,0.0,0.0,0.6662825083421218
-0.0893658209690741,0.3465913559673712,0.0,1,0.0,-0.4666078984863457,-0.2147091171371422,0,1,1,0.0,1.0,0.0,0.0,0.0,-0.3519723915718554
0.4368912668945862,-0.5003068469046751,0.0,1,1.0,0.7909565404736028,-0.2107979844620694,0,0,0,1.0,0.0,0.0,1.0,0.0,0.1571550583851332
-1.6681370845600552,-1.3472050497767214,2.0,1,0.0,1.0095125671066418,2.30831454009846,0,1,0,1.0,1.0,1.0,1.0,1.0,1.1754099582991104
0.9631483547582466,-0.5003068469046751,1.0,1,2.0,-0.6296576326411529,-0.7898972137028292,0,1,1,0.0,1.0,0.0,0.0,0.0,-0.3519723915718554
0.9631483547582466,-1.3472050497767214,0.0,0,2.0,0.9245185567493488,-0.4046163370267915,0,0,0,1.0,0.0,0.0,0.0,0.0,0.1571550583851332
0.4368912668945862,0.3465913559673712,1.0,1,1.0,0.7527959643948178,-0.1944444180136653,0,0,0,1.0,0.0,0.0,1.0,0.0,0.1571550583851332
-1.1418799966963948,-0.7826062478620239,1.0,1,2.0,1.2575563116187425,1.685666792651041,0,1,0,1.0,0.0,0.0,1.0,1.0,1.1754099582991104
0.4368912668945862,0.3465913559673712,0.0,1,3.0,0.9852285641474152,-0.2887919167544581,1,0,0,1.0,1.0,0.0,1.0,1.0,1.1754099582991104
0.4368912668945862,-1.3472050497767214,0.0,1,2.0,0.390270491646364,-0.2457237130868428,1,0,0,1.0,1.0,0.0,0.0,0.0,-0.3519723915718554
-0.6156229088327345,0.0642919550100224,0.0,0,1.0,-1.3390974333785584,-0.381515494910864,0,1,1,0.0,0.0,1.0,0.0,0.0,-0.861099841528844
0.4368912668945862,1.4757889597967662,0.0,1,3.0,0.6279068063187955,-0.4089620399990947,0,0,1,1.0,1.0,0.0,0.0,1.0,0.1571550583851332
0.4368912668945862,1.1934895588394174,0.0,0,3.0,-0.6608799221601585,-0.6526187440198622,0,0,0,0.0,0.0,0.0,0.0,0.0,-0.861099841528844
0.4368912668945862,-1.3472050497767214,0.0,1,0.0,0.5880116586000659,-0.0042398605522268,0,0,0,1.0,0.0,1.0,1.0,0.0,0.1571550583851332
0.9631483547582466,0.62889075692472,0.0,1,3.0,0.2410973306111146,-0.8699038926350214,1,0,0,1.0,0.0,0.0,0.0,0.0,-0.861099841528844
-0.0893658209690741,0.0642919550100224,0.0,1,2.0,0.3815976334466402,0.1491634543700755,0,0,0,1.0,0.0,0.0,0.0,0.0,-0.3519723915718554
0.9631483547582466,0.62889075692472,0.0,1,2.0,-1.1378871231449663,-0.9099987205847452,0,1,0,0.0,0.0,0.0,0.0,0.0,-0.861099841528844
0.9631483547582466,-1.0649056488193729,0.0,1,2.0,0.6365796645185193,-0.6728834431433393,0,1,0,1.0,0.0,0.0,1.0,0.0,0.1571550583851332
-1.6681370845600552,-1.0649056488193729,2.0,0,1.0,0.433634782644983,1.6783934582026594,0,1,0,0.0,1.0,1.0,1.0,1.0,1.6845374082560989
-0.0893658209690741,-0.2180074459473263,1.0,1,2.0,0.794425683753492,0.4417893692524278,0,1,1,1.0,1.0,1.0,0.0,0.0,0.6662825083421218
0.9631483547582466,0.9111901578820688,0.0,0,3.0,0.7371848196353153,-0.9006668952547466,0,1,1,1.0,0.0,0.0,0.0,0.0,0.1571550583851332
-0.0893658209690741,1.1934895588394174,0.0,0,0.0,0.267115905210286,-0.1369896502956358,0,0,0,1.0,0.0,0.0,0.0,0.0,-0.861099841528844
0.9631483547582466,0.62889075692472,0.0,1,2.0,0.0780475964563079,-0.909358301199353,1,0,0,1.0,0.0,0.0,0.0,0.0,-0.861099841528844
0.9631483547582466,0.62889075692472,0.0,1,1.0,0.2376281873312253,-0.8364648518691938,0,1,0,1.0,0.0,0.0,0.0,0.0,-0.861099841528844
-1.6681370845600552,0.0642919550100224,0.0,1,1.0,1.0962411491038797,2.1792929060628685,1,1,1,1.0,0.0,0.0,1.0,0.0,0.6662825083421218
0.4368912668945862,-1.62950445073407,2.0,0,0.0,-1.1396216947849114,-0.5551606368357366,0,0,1,0.0,1.0,0.0,0.0,1.0,-0.3519723915718554
-1.1418799966963948,0.0642919550100224,0.0,0,0.0,-0.5637439103232522,0.357025289171609,1,1,0,0.0,0.0,0.0,0.0,0.0,-0.861099841528844
0.4368912668945862,0.9111901578820688,1.0,0,0.0,-1.668666044968062,-0.8364191076273801,0,1,1,2.0,0.0,0.0,0.0,0.0,-1.3702272914858324
-1.6681370845600552,0.0642919550100224,2.0,0,1.0,0.466591643803933,1.5281007517236902,0,1,1,0.0,1.0,1.0,1.0,0.0,1.6845374082560989
-0.0893658209690741,0.9111901578820688,0.0,1,2.0,-1.1101339769058505,-0.4960590764124132,1,1,1,0.0,0.0,0.0,0.0,0.0,-0.861099841528844
0.9631483547582466,-1.62950445073407,0.0,1,1.0,0.5862770869601213,-0.5266162299439767,1,0,0,1.0,0.0,0.0,0.0,0.0,-0.3519723915718554
-1.1418799966963948,-0.5003068469046751,1.0,1,1.0,1.3546923234556485,1.705085223300964,0,0,0,1.0,1.0,0.0,1.0,0.0,1.1754099582991104
-1.1418799966963948,0.9111901578820688,0.0,1,0.0,1.2471488817790737,1.3539524231388664,0,1,1,1.0,0.0,1.0,1.0,0.0,1.1754099582991104
-0.0893658209690741,0.9111901578820688,0.0,0,2.0,-0.121428142137339,-0.1170680329857617,0,1,1,0.0,0.0,1.0,0.0,0.0,0.1571550583851332
0.4368912668945862,0.3465913559673712,0.0,1,2.0,0.5914808018799558,-0.2810611398879398,1,0,0,1.0,0.0,0.0,1.0,0.0,0.1571550583851332
0.4368912668945862,0.62889075692472,0.0,1,2.0,1.1760314445413385,-0.1398029211671794,1,0,0,1.0,0.0,1.0,1.0,0.0,1.1754099582991104
0.4368912668945862,0.62889075692472,0.0,1,0.0,0.1352884605744846,-0.4072466309310802,1,1,0,1.0,0.0,0.0,0.0,0.0,-0.861099841528844
-1.6681370845600552,-1.3472050497767214,1.0,1,1.0,1.0181854253063658,2.321534625982624,1,1,0,1.0,0.0,1.0,0.0,0.0,0.6662825083421218
-0.0893658209690741,0.0642919550100224,0.0,1,2.0,1.1031794356636588,0.4159438726276773,1,0,0,1.0,0.0,1.0,0.0,0.0,0.6662825083421218
-1.1418799966963948,-1.62950445073407,0.0,1,2.0,1.318266319016809,1.9845596686618725,0,0,0,1.0,0.0,1.0,1.0,0.0,1.1754099582991104
1.489405442621907,-1.62950445073407,0.0,1,3.0,0.2220170425717224,-0.9074599151640838,0,0,0,1.0,0.0,0.0,0.0,1.0,-0.3519723915718554
-1.6681370845600552,-1.3472050497767214,2.0,1,1.0,-1.4848014511339178,-0.1226717026079421,1,0,0,2.0,0.0,0.0,0.0,0.0,-1.3702272914858324
-1.1418799966963948,0.3465913559673712,2.0,0,1.0,-0.7597505056370096,0.1674154068537489,0,1,1,0.0,0.0,0.0,1.0,1.0,0.1571550583851332
-1.1418799966963948,-1.62950445073407,2.0,1,1.0,-1.4882705944138073,-0.2560390396158363,0,0,1,2.0,0.0,0.0,0.0,0.0,-1.3702272914858324
0.9631483547582466,-1.3472050497767214,0.0,0,1.0,-1.5524497450917634,-0.8292830059044402,0,0,0,2.0,0.0,0.0,0.0,0.0,-1.3702272914858324
-0.6156229088327345,-0.5003068469046751,0.0,1,0.0,-0.5897624849224236,0.1261541007377754,0,1,1,0.0,1.0,0.0,0.0,0.0,0.1571550583851332
-0.0893658209690741,-1.62950445073407,2.0,0,1.0,-1.11360312018574,-0.339041966386827,0,0,0,0.0,0.0,0.0,0.0,0.0,-0.861099841528844
-1.1418799966963948,1.1934895588394174,0.0,1,2.0,0.9644137044680784,1.2619150086096664,1,0,0,1.0,0.0,0.0,0.0,0.0,0.1571550583851332
-1.1418799966963948,0.3465913559673712,1.0,1,2.0,0.9331914149490724,1.2714755551487336,0,0,0,1.0,1.0,1.0,0.0,0.0,0.6662825083421218
-0.0893658209690741,-1.0649056488193729,1.0,1,1.0,-1.6582586151283931,-0.6466262483422652,0,0,1,2.0,0.0,0.0,0.0,0.0,-1.3702272914858324
-1.1418799966963948,0.9111901578820688,1.0,1,2.0,0.4492459274044854,0.9247113300798462,1,1,1,0.0,0.0,1.0,1.0,0.0,1.1754099582991104
0.9631483547582466,-0.5003068469046751,0.0,1,2.0,0.7579996793146523,-0.6629569426697625,0,1,1,1.0,0.0,1.0,0.0,1.0,0.6662825083421218
0.9631483547582466,-1.0649056488193729,0.0,1,2.0,0.4093507796857563,-0.6733637576823832,0,0,0,1.0,0.0,0.0,0.0,0.0,-0.3519723915718554
-1.6681370845600552,-1.0649056488193729,0.0,1,2.0,0.7649379658744314,1.8686895041477247,1,1,0,1.0,0.0,1.0,0.0,0.0,0.1571550583851332
0.9631483547582466,0.9111901578820688,0.0,1,2.0,0.0208067323381307,-0.9101130811892794,0,1,1,1.0,0.0,0.0,0.0,0.0,-0.861099841528844
-1.1418799966963948,0.9111901578820688,0.0,1,2.0,1.2193957355399574,1.5126391979906535,0,0,0,1.0,0.0,1.0,1.0,0.0,1.1754099582991104
1.489405442621907,-1.62950445073407,0.0,0,3.0,-0.5949661998422577,-0.9182326841112144,0,0,0,0.0,0.0,0.0,0.0,0.0,-0.861099841528844
-1.6681370845600552,-1.3472050497767214,1.0,1,2.0,1.443155477092831,2.569216823282999,0,1,0,1.0,0.0,1.0,1.0,1.0,1.6845374082560989
0.9631483547582466,-0.5003068469046751,0.0,0,3.0,0.2029367545323301,-0.6920731525841938,1,0,0,1.0,0.0,0.0,0.0,0.0,-0.861099841528844
0.9631483547582466,1.4757889597967662,0.0,1,2.0,0.5602585123609499,-0.8563407249372542,1,0,0,1.0,0.0,0.0,0.0,0.0,-0.3519723915718554
-1.1418799966963948,1.1934895588394174,2.0,0,3.0,-1.6634623300482276,-0.4708539991730547,0,1,1,2.0,0.0,0.0,0.0,0.0,-1.3702272914858324
-1.6681370845600552,0.9111901578820688,2.0,1,0.0,1.266229169818466,2.120054112914104,0,0,0,1.0,0.0,1.0,1.0,0.0,1.1754099582991104
-1.6681370845600552,0.0642919550100224,1.0,0,2.0,0.7579996793146523,1.697811888852583,0,1,0,1.0,1.0,1.0,1.0,0.0,0.6662825083421218
-0.0893658209690741,1.4757889597967662,1.0,0,3.0,-0.2497864434932511,-0.2107293680993487,1,1,0,0.0,0.0,0.0,1.0,0.0,0.1571550583851332
0.4368912668945862,-1.3472050497767214,0.0,1,2.0,0.390270491646364,-0.2457237130868428,1,0,0,1.0,1.0,0.0,0.0,0.0,-0.3519723915718554
-0.6156229088327345,0.62889075692472,1.0,1,2.0,1.0858337192642114,0.7760654163061702,0,1,0,1.0,1.0,0.0,1.0,1.0,1.1754099582991104
-1.6681370845600552,-1.3472050497767214,2.0,1,0.0,-0.1457121450965657,1.1009410216671938,0,0,0,0.0,1.0,1.0,1.0,1.0,1.6845374082560989
-1.6681370845600552,-1.0649056488193729,2.0,0,0.0,0.4839373602033805,1.7686239751802175,0,1,0,0.0,1.0,0.0,1.0,1.0,1.6845374082560989
1.489405442621907,-1.3472050497767214,2.0,1,0.0,-0.5325216208042466,-0.941447886831676,0,1,1,0.0,1.0,0.0,1.0,1.0,0.6662825083421218
0.9631483547582466,-1.3472050497767214,0.0,0,2.0,-1.4882705944138073,-0.7968045942167005,0,0,0,2.0,0.0,0.0,0.0,0.0,-1.3702272914858324
-0.6156229088327345,-1.62950445073407,0.0,1,1.0,1.143074583382388,1.226829175138545,0,0,0,1.0,0.0,1.0,0.0,0.0,0.6662825083421218
-1.1418799966963948,-1.3472050497767214,1.0,1,1.0,1.130932581902775,1.8164724521173663,1,1,0,1.0,0.0,0.0,1.0,0.0,0.6662825083421218
-0.0893658209690741,0.0642919550100224,0.0,1,3.0,0.8481974045917794,0.2492289833375831,0,1,0,1.0,1.0,0.0,0.0,0.0,0.6662825083421218
0.9631483547582466,0.0642919550100224,0.0,1,2.0,0.966148276108023,-0.6789902994254705,1,1,0,1.0,0.0,0.0,1.0,0.0,0.6662825083421218
0.4368912668945862,0.62889075692472,0.0,1,3.0,0.7597342509545969,-0.424949652512989,0,0,0,1.0,0.0,0.0,0.0,0.0,0.1571550583851332
0.9631483547582466,-0.7826062478620239,0.0,1,2.0,0.2289553291315015,-0.6624537560098115,0,1,0,1.0,1.0,0.0,0.0,0.0,-0.3519723915718554
-1.6681370845600552,-1.3472050497767214,2.0,0,0.0,0.0173375890582414,1.2795951580706686,0,1,1,0.0,1.0,1.0,0.0,1.0,1.1754099582991104
0.9631483547582466,0.0642919550100224,0.0,0,3.0,0.223751614211667,-0.6973566125136782,0,0,0,1.0,1.0,0.0,0.0,0.0,-0.3519723915718554
0.4368912668945862,0.62889075692472,0.0,1,2.0,0.6712710973174144,-0.3657108593642246,0,1,1,1.0,0.0,0.0,1.0,0.0,0.1571550583851332
-0.0893658209690741,-0.7826062478620239,2.0,1,2.0,-0.948818814390988,-0.3349478567444994,0,1,1,0.0,0.0,0.0,0.0,1.0,-0.3519723915718554
-1.6681370845600552,-1.3472050497767214,2.0,0,1.0,-1.0199362516287231,0.3224655144813452,0,1,1,0.0,1.0,1.0,1.0,0.0,0.1571550583851332
0.9631483547582466,-1.62950445073407,0.0,1,2.0,-1.647851185288725,-0.8263325023074553,0,0,0,2.0,0.0,0.0,0.0,0.0,-1.3702272914858324
-1.6681370845600552,-1.3472050497767214,2.0,1,2.0,1.630489214206865,2.9453031073544795,0,0,0,1.0,1.0,1.0,1.0,1.0,2.193664858213088
-0.0893658209690741,-0.7826062478620239,0.0,1,2.0,0.2428319022510597,0.1122021069845915,1,1,0,1.0,0.0,0.0,0.0,0.0,-0.861099841528844
-1.6681370845600552,-0.5003068469046751,2.0,1,1.0,1.3338774637763111,2.380384593075972,0,1,1,1.0,1.0,1.0,0.0,1.0,1.6845374082560989
-1.1418799966963948,0.62889075692472,0.0,1,2.0,0.8551356911515585,1.2448752785340564,0,1,1,1.0,0.0,1.0,0.0,1.0,0.6662825083421218
0.9631483547582466,0.3465913559673712,0.0,1,2.0,-1.675604331527841,-0.9250485761414584,0,0,1,2.0,0.0,0.0,0.0,0.0,-1.3702272914858324
0.9631483547582466,0.9111901578820688,0.0,0,2.0,-0.6574107788802689,-0.9190560804638612,0,0,1,0.0,0.0,0.0,1.0,0.0,-0.3519723915718554
-0.0893658209690741,1.1934895588394174,0.0,1,2.0,1.27490202801819,0.2215765891611906,0,1,0,1.0,0.0,1.0,1.0,0.0,1.1754099582991104
0.9631483547582466,1.4757889597967662,0.0,1,1.0,-0.6470033490406004,-0.91891884773842,1,1,1,0.0,0.0,0.0,0.0,1.0,-0.3519723915718554
0.9631483547582466,1.4757889597967662,0.0,1,3.0,0.1630416068136005,-0.8708645217131096,1,0,0,1.0,0.0,0.0,0.0,0.0,-0.861099841528844
0.9631483547582466,-0.2180074459473263,0.0,1,2.0,0.234159044051336,-0.8035747420051307,0,1,0,1.0,0.0,0.0,0.0,0.0,-0.861099841528844
-1.1418799966963948,0.62889075692472,1.0,0,1.0,-0.1751998629756266,0.6227764619884022,0,0,1,0.0,1.0,1.0,0.0,1.0,0.6662825083421218
-0.0893658209690741,0.62889075692472,0.0,0,3.0,-0.015619272100709,-0.1175483475248058,0,0,0,0.0,1.0,1.0,0.0,1.0,0.6662825083421218
-1.1418799966963948,-0.5003068469046751,0.0,1,2.0,1.1795005878212284,1.5970830683787762,1,1,0,1.0,0.0,1.0,0.0,0.0,0.6662825083421218
-1.6681370845600552,-0.5003068469046751,2.0,1,0.0,-0.2723358748125332,0.9691518610018728,0,0,0,0.0,1.0,1.0,0.0,1.0,1.1754099582991104
0.4368912668945862,0.9111901578820688,0.0,1,2.0,1.0476731431854265,-0.4564674351226405,1,1,0,1.0,0.0,1.0,1.0,0.0,0.6662825083421218
0.9631483547582466,-1.62950445073407,1.0,0,1.0,-1.6860117613675096,-0.8226729629623579,0,0,0,2.0,0.0,0.0,0.0,0.0,-1.3702272914858324
-0.6156229088327345,-0.7826062478620239,1.0,1,1.0,-0.4770153283260144,0.1197270347629482,0,1,1,0.0,0.0,1.0,0.0,1.0,0.1571550583851332
0.9631483547582466,0.0642919550100224,0.0,1,0.0,0.4076162080458116,-0.8262867580656417,0,1,0,1.0,0.0,0.0,0.0,1.0,-0.3519723915718554
-1.1418799966963948,1.4757889597967662,2.0,0,1.0,0.0849858830160865,0.674970641897854,0,0,1,1.0,0.0,0.0,0.0,0.0,-0.861099841528844
-0.6156229088327345,-0.2180074459473263,1.0,1,0.0,-1.6443820420088353,-0.5457373230221108,0,1,1,2.0,0.0,0.0,0.0,0.0,-1.3702272914858324
-0.6156229088327345,1.1934895588394174,0.0,1,2.0,1.3356120354162564,0.90691682001431,0,0,0,1.0,1.0,1.0,0.0,0.0,1.1754099582991104
0.9631483547582466,-0.2180074459473263,0.0,1,3.0,0.2463010455309491,-0.6404050314555996,0,1,0,1.0,1.0,0.0,0.0,0.0,-0.3519723915718554
0.9631483547582466,-0.5003068469046751,0.0,1,2.0,0.9297222716691832,-0.6028032646847237,0,0,0,1.0,0.0,0.0,1.0,0.0,0.6662825083421218
0.4368912668945862,-0.7826062478620239,0.0,1,2.0,0.6001536600796795,-0.230628113288316,0,0,0,1.0,0.0,0.0,0.0,0.0,-0.3519723915718554
0.9631483547582466,0.9111901578820688,0.0,1,2.0,0.8117714001529396,-0.8996833940557518,1,0,0,1.0,0.0,0.0,0.0,0.0,0.1571550583851332
0.9631483547582466,0.3465913559673712,0.0,1,2.0,-0.8152567981152419,-0.8211176587406915,1,0,0,0.0,0.0,0.0,0.0,0.0,-0.3519723915718554
-1.6681370845600552,0.0642919550100224,2.0,1,0.0,-1.6599931867683384,-0.3636752406035141,1,1,0,2.0,0.0,0.0,0.0,0.0,-1.3702272914858324
0.9631483547582466,1.4757889597967662,0.0,1,2.0,0.1769181799331588,-0.908054590307662,1,0,0,1.0,0.0,1.0,0.0,0.0,-0.3519723915718554
-1.6681370845600552,-0.5003068469046751,0.0,1,0.0,0.7527959643948178,1.8615762745456923,1,1,0,1.0,0.0,1.0,0.0,0.0,0.1571550583851332
0.4368912668945862,0.9111901578820688,0.0,1,2.0,1.1517474415821118,-0.2534316178324544,0,1,0,1.0,0.0,0.0,1.0,0.0,0.6662825083421218
0.9631483547582466,-1.62950445073407,0.0,1,2.0,-0.8412753727144132,-0.7003986045942904,1,0,0,0.0,0.0,0.0,1.0,1.0,0.1571550583851332
-1.1418799966963948,-0.5003068469046751,0.0,1,2.0,1.1795005878212284,1.5970830683787762,1,1,0,1.0,0.0,1.0,0.0,0.0,0.6662825083421218
-0.0893658209690741,0.9111901578820688,0.0,1,2.0,0.4405730692047616,0.0854874697653803,0,0,0,1.0,0.0,0.0,0.0,0.0,-0.3519723915718554
0.9631483547582466,1.1934895588394174,0.0,0,2.0,0.95400627462841,-0.8073486419547624,0,0,0,1.0,0.0,1.0,0.0,0.0,0.6662825083421218
-1.6681370845600552,-1.0649056488193729,1.0,0,1.0,1.6565077888060362,2.70384212694077,0,1,0,1.0,1.0,1.0,1.0,1.0,2.193664858213088
-1.6681370845600552,0.3465913559673712,2.0,1,0.0,-0.159588718216124,0.975098612437656,0,1,1,0.0,0.0,0.0,1.0,0.0,0.1571550583851332
0.9631483547582466,0.62889075692472,0.0,1,3.0,-0.7649542205568438,-0.9204741519600864,0,1,1,0.0,0.0,0.0,0.0,0.0,-0.861099841528844
-0.0893658209690741,-0.2180074459473263,2.0,0,3.0,-1.6981537628471228,-0.6606011142163559,0,1,1,2.0,0.0,0.0,0.0,0.0,-1.3702272914858324
-1.6681370845600552,-0.2180074459473263,0.0,1,0.0,-0.97136824571027,0.33772121912622,0,0,0,0.0,0.0,0.0,1.0,0.0,-0.3519723915718554
-0.0893658209690741,0.9111901578820688,0.0,1,2.0,1.0962411491038797,0.1422560738562042,0,0,0,1.0,0.0,1.0,1.0,0.0,1.1754099582991104
-0.0893658209690741,1.4757889597967662,1.0,0,3.0,0.2220170425717224,-0.0888667079076047,0,0,0,0.0,1.0,1.0,1.0,1.0,1.6845374082560989
0.9631483547582466,-1.0649056488193729,0.0,1,0.0,0.423227352805314,-0.6307072521910915,0,0,0,1.0,0.0,0.0,0.0,0.0,-0.3519723915718554
0.9631483547582466,1.1934895588394174,0.0,0,3.0,0.2480356171708937,-0.8486328201916427,1,0,0,1.0,0.0,0.0,1.0,0.0,-0.3519723915718554
0.4368912668945862,0.9111901578820688,0.0,1,2.0,0.8204442583526634,-0.2369636907795159,1,1,0,1.0,0.0,0.0,1.0,1.0,0.6662825083421218
-1.6681370845600552,-0.5003068469046751,2.0,0,1.0,-0.3937558896086661,0.8666618872182383,1,1,0,0.0,1.0,1.0,0.0,0.0,0.6662825083421218
0.4368912668945862,0.3465913559673712,0.0,1,3.0,-1.0025905352292754,-0.630455658861116,1,0,0,0.0,0.0,1.0,0.0,0.0,-0.3519723915718554
-1.6681370845600552,1.1934895588394174,2.0,0,1.0,0.2653813335703413,1.2121224013954348,0,1,1,0.0,1.0,1.0,1.0,1.0,1.6845374082560989
0.9631483547582466,-0.7826062478620239,0.0,1,2.0,0.4631225005240436,-0.6734095019241969,1,0,0,1.0,0.0,0.0,1.0,0.0,-0.3519723915718554
0.4368912668945862,-1.62950445073407,1.0,1,0.0,-0.8378062294345237,-0.5281029178029226,0,0,0,0.0,0.0,1.0,1.0,0.0,0.1571550583851332
-1.1418799966963948,1.4757889597967662,1.0,1,2.0,1.1361362968226094,1.4325639026957404,1,1,0,1.0,0.0,0.0,0.0,1.0,0.6662825083421218
0.9631483547582466,1.4757889597967662,0.0,1,2.0,-1.6738697598878964,-0.927175683385796,0,0,0,2.0,0.0,0.0,0.0,0.0,-1.3702272914858324
-0.0893658209690741,-0.7826062478620239,0.0,1,2.0,0.7614688225945415,0.4728497094439422,0,1,1,1.0,0.0,1.0,1.0,0.0,0.6662825083421218
0.9631483547582466,-1.62950445073407,2.0,1,3.0,-1.647851185288725,-0.8219181829724316,0,0,0,2.0,0.0,0.0,0.0,0.0,-1.3702272914858324
0.9631483547582466,1.1934895588394174,0.0,1,3.0,-0.6036390580419816,-0.8738607695519081,0,0,0,0.0,0.0,0.0,0.0,1.0,-0.3519723915718554
0.9631483547582466,1.1934895588394174,0.0,1,2.0,0.5932153735199004,-0.902565281290016,0,0,0,1.0,0.0,0.0,0.0,0.0,-0.3519723915718554
0.4368912668945862,0.62889075692472,1.0,1,3.0,-0.201218437574798,-0.4397936589815404,0,1,1,0.0,1.0,0.0,0.0,1.0,0.1571550583851332
-0.6156229088327345,-1.0649056488193729,2.0,1,3.0,-1.6426474703688907,-0.5088445919993473,0,0,0,2.0,0.0,0.0,0.0,0.0,-1.3702272914858324
0.9631483547582466,-0.2180074459473263,0.0,0,3.0,-1.3373628617386135,-0.842434475425884,0,0,0,0.0,1.0,0.0,0.0,0.0,-0.861099841528844
0.4368912668945862,-1.3472050497767214,1.0,1,1.0,-0.4041633194483345,-0.2762122502556858,0,1,1,0.0,1.0,0.0,1.0,0.0,0.1571550583851332
0.9631483547582466,1.1934895588394174,0.0,1,1.0,0.943598844788741,-0.8589938909624498,1,0,0,1.0,0.0,1.0,1.0,1.0,1.1754099582991104
0.4368912668945862,-0.5003068469046751,0.0,0,2.0,-1.3668505796176744,-0.6535565009770434,0,1,0,0.0,1.0,0.0,0.0,0.0,-0.861099841528844
-1.1418799966963948,0.3465913559673712,0.0,0,2.0,0.5619930840008945,1.0478090848005603,0,1,0,1.0,1.0,0.0,0.0,0.0,0.1571550583851332
-0.0893658209690741,-0.5003068469046751,2.0,0,3.0,-1.6582586151283931,-0.6348013618334192,0,1,1,2.0,0.0,0.0,0.0,0.0,-1.3702272914858324
0.9631483547582466,0.62889075692472,0.0,1,2.0,0.8239134016325532,-0.7742984272443514,0,1,0,1.0,0.0,1.0,0.0,0.0,0.1571550583851332
0.4368912668945862,0.0642919550100224,0.0,0,0.0,-1.4986780242534758,-0.728348336342472,0,0,0,2.0,0.0,0.0,0.0,0.0,-1.3702272914858324
-0.6156229088327345,-0.7826062478620239,1.0,1,0.0,-1.5073508824531996,-0.4537456527347243,0,1,0,2.0,0.0,0.0,0.0,0.0,-1.3702272914858324
0.9631483547582466,1.1934895588394174,0.0,0,3.0,-0.8308679428747445,-0.921343292554547,0,0,0,0.0,0.0,0.0,0.0,0.0,-0.861099841528844
-1.6681370845600552,-1.3472050497767214,2.0,0,0.0,-1.6582586151283931,-0.2731931302959804,0,1,1,2.0,0.0,0.0,0.0,0.0,-1.3702272914858324
0.9631483547582466,-0.7826062478620239,0.0,1,2.0,0.2289553291315015,-0.6624537560098115,0,1,0,1.0,1.0,0.0,0.0,0.0,-0.3519723915718554
-0.6156229088327345,0.62889075692472,1.0,1,3.0,-1.4934743093336416,-0.501273919979177,0,0,0,2.0,0.0,0.0,0.0,0.0,-1.3702272914858324
0.4368912668945862,-0.2180074459473263,0.0,1,3.0,-0.558540195403418,-0.473095467021927,0,0,0,0.0,0.0,1.0,0.0,0.0,-0.3519723915718554
0.9631483547582466,0.62889075692472,0.0,1,3.0,0.1231464590948714,-0.771462284251901,1,0,0,1.0,0.0,0.0,0.0,0.0,-0.861099841528844
0.4368912668945862,-1.3472050497767214,1.0,1,3.0,-0.600169914762092,-0.3519189704573886,0,0,0,0.0,1.0,0.0,0.0,0.0,0.1571550583851332
-1.1418799966963948,0.0642919550100224,0.0,1,2.0,1.685995506685097,1.978201219049766,1,0,0,1.0,1.0,1.0,1.0,1.0,2.193664858213088
-0.6156229088327345,-1.3472050497767214,1.0,0,3.0,0.711166245036144,0.8484785510972855,1,1,0,1.0,0.0,1.0,0.0,0.0,0.1571550583851332
0.9631483547582466,0.62889075692472,0.0,1,2.0,0.4058816364058665,-0.9050354703479568,0,0,1,1.0,0.0,0.0,0.0,0.0,-0.3519723915718554
-1.6681370845600552,0.3465913559673712,0.0,0,1.0,0.7458576778350392,1.7926397021324194,0,0,0,1.0,0.0,1.0,0.0,0.0,0.1571550583851332
-0.6156229088327345,-0.2180074459473263,1.0,1,2.0,-0.8863742353529768,-0.1562708482201178,0,1,0,0.0,1.0,1.0,1.0,0.0,0.1571550583851332
0.9631483547582466,0.9111901578820688,0.0,1,2.0,0.0815167397361972,-0.9093125569575392,0,0,0,1.0,0.0,0.0,0.0,0.0,-0.861099841528844
0.9631483547582466,0.62889075692472,0.0,1,3.0,-0.6175156311615395,-0.9185300216830036,0,0,0,0.0,0.0,0.0,0.0,0.0,-0.861099841528844
0.9631483547582466,0.0642919550100224,0.0,1,2.0,1.2974514593374713,-0.6920502804632869,0,1,0,1.0,0.0,1.0,1.0,0.0,1.1754099582991104
0.9631483547582466,-0.7826062478620239,0.0,1,2.0,-1.2992022856598289,-0.8378600512445122,0,0,0,0.0,1.0,0.0,0.0,0.0,-0.861099841528844
0.4368912668945862,-1.0649056488193729,0.0,0,3.0,0.5724005138405635,-0.055450539262684,0,1,1,1.0,1.0,1.0,0.0,1.0,0.6662825083421218
1.489405442621907,-1.62950445073407,0.0,0,3.0,-0.4232436074877267,-0.9159683441414352,0,1,0,0.0,1.0,0.0,1.0,0.0,0.1571550583851332
0.9631483547582466,0.9111901578820688,0.0,1,2.0,-1.1517636962645246,-0.9129720963026368,0,0,0,0.0,0.0,0.0,0.0,0.0,-0.861099841528844
0.9631483547582466,-1.0649056488193729,0.0,0,1.0,-1.6721351882479514,-0.8425488360304183,0,0,1,2.0,0.0,0.0,0.0,0.0,-1.3702272914858324
-0.0893658209690741,-0.5003068469046751,2.0,1,2.0,0.7302465330755362,0.4435276504413492,0,0,0,1.0,1.0,0.0,0.0,1.0,0.6662825083421218
-1.1418799966963948,-1.62950445073407,1.0,0,2.0,1.2523525966989075,1.9694640688633456,0,0,0,1.0,1.0,0.0,1.0,0.0,1.1754099582991104
0.9631483547582466,1.4757889597967662,0.0,1,1.0,-0.6470033490406004,-0.91891884773842,1,1,1,0.0,0.0,0.0,0.0,1.0,-0.3519723915718554
0.4368912668945862,-0.5003068469046751,0.0,1,0.0,1.0840991476242667,-0.046507539988102,0,0,0,1.0,0.0,1.0,0.0,1.0,1.1754099582991104
0.4368912668945862,1.1934895588394174,0.0,1,2.0,0.223751614211667,-0.5598494216216426,0,1,1,1.0,0.0,0.0,0.0,0.0,-0.861099841528844
-0.6156229088327345,1.4757889597967662,0.0,1,2.0,1.1222597237030512,0.6722259873890309,0,0,0,1.0,0.0,0.0,1.0,0.0,0.6662825083421218
-1.6681370845600552,-1.0649056488193729,1.0,1,0.0,0.2740541917700651,1.4802294026656342,0,1,1,0.0,0.0,1.0,1.0,1.0,1.1754099582991104
0.9631483547582466,-1.3472050497767214,0.0,1,0.0,0.3382333424480214,-0.6147653839190107,0,0,0,1.0,0.0,0.0,0.0,0.0,-0.3519723915718554
0.4368912668945862,-1.62950445073407,0.0,1,0.0,0.3625173454072475,-0.1007144665373576,0,0,0,0.0,1.0,1.0,1.0,1.0,1.6845374082560989
-0.6156229088327345,-1.0649056488193729,0.0,1,2.0,-0.437120180607285,0.2726271630252997,0,0,1,0.0,1.0,1.0,0.0,0.0,0.1571550583851332
0.4368912668945862,-0.2180074459473263,0.0,1,1.0,0.2064058978122195,-0.2898211621952668,0,0,0,1.0,0.0,1.0,0.0,0.0,-0.3519723915718554
0.9631483547582466,0.9111901578820688,0.0,1,2.0,0.0364178770976336,-0.9099072321011176,0,1,0,1.0,0.0,0.0,0.0,0.0,-0.861099841528844
0.9631483547582466,0.9111901578820688,0.0,0,3.0,-1.6565240434884487,-0.9027940024990846,0,0,0,2.0,0.0,0.0,0.0,0.0,-1.3702272914858324
0.9631483547582466,0.3465913559673712,0.0,1,2.0,0.2254861858516122,-0.8043523941159639,0,0,0,0.0,0.0,0.0,1.0,1.0,1.1754099582991104
-1.6681370845600552,0.0642919550100224,2.0,0,3.0,-1.4431717317752435,-0.168873386839797,0,1,1,2.0,0.0,0.0,0.0,0.0,-1.3702272914858324
0.4368912668945862,0.0642919550100224,0.0,0,1.0,-0.4475276104469535,-0.595118232060019,1,0,0,0.0,0.0,0.0,0.0,1.0,-0.3519723915718554
0.9631483547582466,0.3465913559673712,0.0,1,3.0,-0.586293341642534,-0.8014933790026066,0,0,0,0.0,0.0,1.0,0.0,0.0,0.1571550583851332
0.9631483547582466,1.1934895588394174,0.0,0,0.0,-0.0520452765395488,-0.8981967061968059,1,0,0,0.0,1.0,0.0,1.0,0.0,0.6662825083421218
0.9631483547582466,0.9111901578820688,0.0,0,3.0,-0.7909727951560152,-0.9208172337736894,1,0,0,0.0,0.0,0.0,0.0,0.0,-0.861099841528844
-1.1418799966963948,0.62889075692472,2.0,1,0.0,0.2081404694521646,0.8692235647598064,0,0,0,0.0,0.0,1.0,1.0,1.0,1.1754099582991104
0.9631483547582466,1.4757889597967662,0.0,1,2.0,0.3885359200064189,-0.9052641915570252,1,0,0,1.0,0.0,0.0,0.0,0.0,-0.3519723915718554
0.9631483547582466,-0.2180074459473263,0.0,1,1.0,1.1187905804231617,-0.5258385778331435,1,0,0,1.0,0.0,0.0,0.0,1.0,0.6662825083421218
-1.1418799966963948,0.62889075692472,1.0,0,0.0,-1.5212274555727578,-0.3459036026588847,0,0,0,2.0,0.0,0.0,0.0,0.0,-1.3702272914858324
-0.0893658209690741,1.1934895588394174,0.0,1,2.0,-1.6825426180876202,-0.6990948937025995,0,0,0,2.0,0.0,0.0,0.0,0.0,-1.3702272914858324
0.9631483547582466,1.1934895588394174,0.0,1,2.0,0.8152405434328294,-0.8528870346803186,0,0,0,1.0,0.0,0.0,1.0,0.0,0.1571550583851332
0.9631483547582466,0.3465913559673712,0.0,0,0.0,-1.6287708972493324,-0.9023365600809474,0,0,0,2.0,0.0,0.0,0.0,0.0,-1.3702272914858324
-1.1418799966963948,-1.62950445073407,2.0,1,0.0,0.0051955875786278,0.960712048387242,0,1,1,0.0,1.0,1.0,1.0,1.0,1.1754099582991104
0.9631483547582466,0.9111901578820688,0.0,1,2.0,0.466591643803933,-0.8345435937130177,1,0,0,1.0,0.0,1.0,0.0,0.0,-0.3519723915718554
0.9631483547582466,0.0642919550100224,0.0,1,2.0,0.6261722346788509,-0.7670250927959703,0,1,1,1.0,0.0,0.0,0.0,0.0,-0.3519723915718554
0.4368912668945862,-0.7826062478620239,0.0,1,2.0,0.6001536600796795,-0.230628113288316,0,0,0,1.0,0.0,0.0,0.0,0.0,-0.3519723915718554
-0.6156229088327345,0.0642919550100224,0.0,1,1.0,0.2168133276518884,0.5358166583005247,1,1,0,1.0,1.0,0.0,0.0,0.0,-0.3519723915718554
0.9631483547582466,-1.62950445073407,0.0,1,2.0,-0.4128361776480583,-0.5917102860448971,0,0,1,0.0,1.0,1.0,0.0,0.0,0.1571550583851332
-1.6681370845600552,-1.0649056488193729,1.0,1,2.0,-0.785769080236181,0.5518500150562327,1,0,0,0.0,0.0,0.0,0.0,0.0,-0.3519723915718554
0.9631483547582466,0.62889075692472,0.0,1,2.0,1.318266319016809,-0.7883647816020696,1,1,0,1.0,0.0,1.0,1.0,0.0,1.1754099582991104
-0.6156229088327345,0.0642919550100224,1.0,0,2.0,-0.8239296563149656,-0.0579893446833453,0,0,0,0.0,0.0,0.0,1.0,1.0,0.1571550583851332
0.4368912668945862,1.4757889597967662,0.0,1,2.0,0.9748211343077468,-0.4555982945281799,0,0,0,1.0,0.0,0.0,1.0,0.0,0.6662825083421218
-0.6156229088327345,-1.0649056488193729,1.0,0,1.0,-0.1804035778954608,0.3355026233982547,1,0,0,0.0,1.0,0.0,1.0,0.0,0.6662825083421218
0.9631483547582466,1.1934895588394174,0.0,1,2.0,0.0971278844957001,-0.8767426567861722,0,1,0,1.0,0.0,0.0,0.0,0.0,-0.861099841528844
-1.6681370845600552,-0.2180074459473263,2.0,0,0.0,0.1058007426954239,1.2274924666448437,0,1,0,0.0,1.0,1.0,1.0,0.0,1.1754099582991104
-0.6156229088327345,-0.2180074459473263,0.0,0,3.0,-1.675604331527841,-0.5845284400801434,0,1,1,2.0,0.0,0.0,0.0,0.0,-1.3702272914858324
0.9631483547582466,0.3465913559673712,0.0,0,3.0,-1.6669314733281173,-0.8868750063479108,0,1,1,2.0,0.0,0.0,0.0,0.0,-1.3702272914858324
-1.6681370845600552,1.1934895588394174,1.0,1,1.0,1.266229169818466,1.9884708013369448,1,1,0,1.0,0.0,1.0,1.0,0.0,1.1754099582991104
-0.6156229088327345,0.62889075692472,0.0,1,2.0,0.7389193912752601,0.7262728090919386,0,0,0,1.0,0.0,1.0,0.0,0.0,0.1571550583851332
0.9631483547582466,1.4757889597967662,0.0,1,2.0,0.3885359200064189,-0.9052641915570252,1,0,0,1.0,0.0,0.0,0.0,0.0,-0.3519723915718554
0.9631483547582466,0.3465913559673712,0.0,1,2.0,0.6157648048391824,-0.8584220879397784,0,0,0,1.0,0.0,0.0,0.0,0.0,-0.3519723915718554
0.9631483547582466,0.62889075692472,0.0,0,3.0,-1.4865360227738629,-0.8840388633554602,0,1,1,0.0,0.0,0.0,0.0,0.0,-1.3702272914858324
0.4368912668945862,1.1934895588394174,0.0,0,1.0,-0.6712873519998271,-0.7122692353449501,0,0,0,0.0,1.0,0.0,0.0,0.0,-0.3519723915718554
0.9631483547582466,1.1934895588394174,0.0,1,2.0,-0.9800411039099938,-0.9233102949525368,1,0,0,0.0,0.0,0.0,1.0,0.0,-0.3519723915718554
-1.6681370845600552,-0.2180074459473263,2.0,1,1.0,0.5724005138405635,1.6873593295981484,0,1,1,1.0,0.0,1.0,1.0,0.0,0.1571550583851332
0.9631483547582466,0.62889075692472,0.0,1,3.0,-0.7944419384359047,-0.8973275656023453,0,0,0,0.0,0.0,0.0,0.0,0.0,-0.861099841528844
-0.0893658209690741,-0.5003068469046751,0.0,1,2.0,1.0615497163049843,0.4327777536151255,1,1,0,1.0,0.0,0.0,1.0,0.0,0.6662825083421218
0.9631483547582466,-1.3472050497767214,0.0,1,2.0,0.1942638963326064,-0.5792678522715659,0,0,0,1.0,1.0,0.0,0.0,0.0,-0.3519723915718554
-1.1418799966963948,-0.5003068469046751,0.0,0,2.0,0.9019691254300672,1.3591215224638165,0,1,0,1.0,1.0,0.0,1.0,0.0,0.6662825083421218
0.9631483547582466,1.4757889597967662,0.0,0,3.0,0.6209685197590163,-0.9021993273555062,0,0,0,1.0,0.0,0.0,0.0,0.0,-0.3519723915718554
-0.0893658209690741,-1.0649056488193729,0.0,1,1.0,0.2098750410921093,0.2133426256347214,0,0,0,1.0,0.0,1.0,0.0,0.0,-0.3519723915718554
0.4368912668945862,-0.5003068469046751,0.0,0,2.0,0.4319002110050378,-0.1422044938623996,0,0,1,1.0,1.0,0.0,0.0,0.0,-0.3519723915718554
0.9631483547582466,0.9111901578820688,0.0,0,3.0,-1.6877463330074542,-0.9326421202825352,0,0,1,2.0,0.0,0.0,0.0,0.0,-1.3702272914858324
-1.6681370845600552,-0.7826062478620239,1.0,1,1.0,1.3963220428143228,2.6863220823261167,0,1,1,1.0,1.0,1.0,1.0,0.0,1.6845374082560989
0.4368912668945862,0.0642919550100224,0.0,1,2.0,0.6573945241978562,-0.2258249678978756,0,1,0,1.0,0.0,0.0,0.0,0.0,-0.3519723915718554
-1.6681370845600552,0.0642919550100224,1.0,1,0.0,0.7250428181557018,1.7589033237948026,0,0,0,0.0,1.0,1.0,1.0,1.0,2.193664858213088
-0.0893658209690741,0.3465913559673712,0.0,1,2.0,0.2636467619303966,-0.0750748190007688,1,1,0,1.0,0.0,0.0,0.0,0.0,-0.861099841528844
-0.6156229088327345,0.0642919550100224,1.0,0,3.0,-1.191658843983254,-0.2803063598980135,0,1,0,0.0,0.0,1.0,0.0,1.0,-0.3519723915718554
-1.6681370845600552,0.0642919550100224,0.0,1,0.0,0.7510613927548732,1.9738783881983688,0,1,1,1.0,0.0,1.0,0.0,0.0,0.1571550583851332
0.9631483547582466,-0.2180074459473263,0.0,1,0.0,0.0711093098965287,-0.6992321264280406,0,1,1,1.0,0.0,0.0,0.0,0.0,-0.861099841528844
-0.6156229088327345,-1.3472050497767214,2.0,0,1.0,-0.4301818940475059,0.260413450461037,0,0,0,0.0,1.0,1.0,0.0,0.0,0.1571550583851332
-1.6681370845600552,-1.3472050497767214,2.0,1,0.0,1.4518283352925547,2.687214095041484,1,1,0,1.0,0.0,1.0,1.0,1.0,1.6845374082560989
-0.0893658209690741,-1.0649056488193729,0.0,0,2.0,-0.1821381495354058,0.0991878701885889,0,1,0,0.0,1.0,1.0,0.0,1.0,0.6662825083421218
-1.1418799966963948,0.0642919550100224,0.0,0,2.0,1.4986617695710631,1.8099996419007256,0,0,0,1.0,0.0,1.0,1.0,1.0,1.6845374082560989
0.9631483547582466,0.9111901578820688,0.0,1,2.0,0.9002345537901221,-0.898516915889502,0,0,0,1.0,0.0,0.0,0.0,0.0,0.1571550583851332
0.9631483547582466,0.0642919550100224,0.0,0,0.0,-1.3217517169791109,-0.8406047057533352,1,1,0,0.0,1.0,0.0,0.0,0.0,-0.861099841528844
0.9631483547582466,-0.7826062478620239,0.0,0,2.0,0.9193148418295148,-0.5493053738835807,0,0,0,1.0,0.0,0.0,0.0,0.0,0.1571550583851332
-1.6681370845600552,-1.3472050497767214,2.0,1,1.0,0.794425683753492,1.9850857274427305,0,1,1,0.0,1.0,1.0,1.0,1.0,2.193664858213088
0.9631483547582466,1.1934895588394174,0.0,1,2.0,0.0971278844957001,-0.8767426567861722,0,1,0,1.0,0.0,0.0,0.0,0.0,-0.861099841528844
0.9631483547582466,-0.7826062478620239,0.0,1,2.0,0.5533202258011708,-0.5799997601405853,1,0,0,1.0,0.0,0.0,0.0,0.0,-0.3519723915718554
0.9631483547582466,0.0642919550100224,0.0,1,0.0,0.0676401666166389,-0.7056591924028679,0,0,0,1.0,0.0,0.0,0.0,0.0,-0.861099841528844
0.9631483547582466,1.1934895588394174,0.0,1,2.0,0.5932153735199004,-0.902565281290016,1,0,0,1.0,0.0,0.0,1.0,0.0,0.1571550583851332
0.4368912668945862,1.1934895588394174,0.0,1,2.0,1.1187905804231617,-0.29416686516757,0,0,0,1.0,0.0,1.0,0.0,0.0,0.6662825083421218
1.489405442621907,-1.62950445073407,0.0,0,3.0,0.1110044576152579,-0.9089237309021228,0,0,0,1.0,0.0,0.0,0.0,0.0,-0.861099841528844
-1.1418799966963948,1.1934895588394174,2.0,1,2.0,1.4483591920126655,1.5978835926105162,0,0,0,1.0,1.0,1.0,0.0,1.0,1.6845374082560989
-1.6681370845600552,-1.3472050497767214,2.0,1,3.0,1.4518283352925547,2.7525597444723795,1,1,0,1.0,1.0,0.0,1.0,1.0,1.6845374082560989
0.9631483547582466,0.9111901578820688,0.0,1,3.0,-0.8239296563149656,-0.9212518040709196,0,0,0,0.0,0.0,0.0,0.0,0.0,-0.861099841528844
0.4368912668945862,-0.2180074459473263,1.0,1,1.0,-1.6842771897275648,-0.7430322379646753,0,0,0,2.0,0.0,0.0,0.0,0.0,-1.3702272914858324
-0.6156229088327345,0.9111901578820688,0.0,1,0.0,1.1795005878212284,0.6803455903109659,0,0,0,1.0,0.0,1.0,1.0,0.0,1.1754099582991104
0.9631483547582466,1.1934895588394174,0.0,0,3.0,-0.4596696119265668,-0.8549455255619358,0,0,0,0.0,0.0,0.0,0.0,0.0,-0.3519723915718554
-1.1418799966963948,0.9111901578820688,2.0,0,3.0,-1.689480904647399,-0.4589604963014881,0,1,1,2.0,0.0,0.0,0.0,0.0,-1.3702272914858324
-1.1418799966963948,-1.3472050497767214,2.0,0,0.0,-0.2567247300530302,0.748550254855219,0,1,1,0.0,1.0,1.0,1.0,0.0,0.6662825083421218
-1.6681370845600552,-0.2180074459473263,2.0,1,1.0,0.0797821680962525,1.108351588841016,1,0,0,0.0,1.0,1.0,0.0,1.0,1.1754099582991104
0.9631483547582466,-1.62950445073407,0.0,0,2.0,-1.3096097154994977,-0.7666133946196468,0,0,1,0.0,0.0,1.0,0.0,0.0,-0.861099841528844
0.4368912668945862,1.4757889597967662,1.0,0,1.0,-0.5706821968830311,-0.6084984227905315,0,0,0,0.0,0.0,1.0,0.0,0.0,-0.3519723915718554
0.9631483547582466,1.1934895588394174,0.0,1,3.0,-0.8065839399155181,-0.9210230828618512,0,0,0,0.0,0.0,1.0,0.0,1.0,0.1571550583851332
0.9631483547582466,0.9111901578820688,0.0,0,2.0,0.0260104472579652,-0.9100444648265588,0,0,0,1.0,0.0,0.0,0.0,0.0,-0.861099841528844
0.9631483547582466,0.62889075692472,0.0,1,2.0,0.0450907352973574,-0.9097928714965834,0,0,0,1.0,0.0,0.0,0.0,0.0,-0.861099841528844
0.4368912668945862,1.1934895588394174,0.0,1,0.0,-0.2862124479320911,-0.5447995660649295,0,1,1,0.0,0.0,0.0,1.0,1.0,0.1571550583851332
0.4368912668945862,1.1934895588394174,0.0,1,2.0,1.2332723086595156,-0.2370780513840502,0,1,0,1.0,0.0,0.0,1.0,1.0,1.1754099582991104
0.9631483547582466,1.4757889597967662,0.0,1,2.0,0.2584430470105622,-0.9069796006250398,1,0,0,1.0,0.0,0.0,0.0,0.0,-0.861099841528844
-1.6681370845600552,-1.3472050497767214,2.0,1,2.0,0.943598844788741,2.188899196843749,0,1,1,1.0,1.0,1.0,0.0,0.0,0.6662825083421218
0.9631483547582466,-0.2180074459473263,0.0,0,0.0,-0.4024287478083899,-0.7577847559495993,0,1,1,0.0,0.0,1.0,0.0,1.0,0.1571550583851332
-0.6156229088327345,0.0642919550100224,0.0,1,0.0,0.5498510825212815,0.5560127410612812,1,1,0,1.0,1.0,0.0,1.0,0.0,0.1571550583851332
-0.0893658209690741,-0.2180074459473263,0.0,1,3.0,-1.677338903167786,-0.640016205400183,0,1,1,2.0,0.0,0.0,0.0,0.0,-1.3702272914858324
1.489405442621907,-1.62950445073407,0.0,0,1.0,-1.6825426180876202,-0.9325735039198148,0,0,0,2.0,0.0,0.0,0.0,0.0,-1.3702272914858324
-1.6681370845600552,-1.3472050497767214,0.0,1,1.0,1.2905131727776922,2.511373229509553,1,1,1,1.0,1.0,1.0,0.0,0.0,1.1754099582991104
-0.6156229088327345,-0.7826062478620239,0.0,1,2.0,0.9123765552697356,0.97354330821599,0,1,1,1.0,0.0,0.0,0.0,0.0,0.1571550583851332
0.9631483547582466,-0.2180074459473263,0.0,0,0.0,-1.6808080464476751,-0.8686230538642373,0,0,1,2.0,0.0,0.0,0.0,0.0,-1.3702272914858324
0.9631483547582466,1.1934895588394174,0.0,0,3.0,0.1110044576152579,-0.9089237309021228,0,0,0,1.0,0.0,0.0,0.0,0.0,-0.861099841528844
-1.1418799966963948,-1.62950445073407,0.0,1,2.0,1.318266319016809,1.9845596686618725,0,0,0,1.0,0.0,1.0,1.0,0.0,1.1754099582991104
0.4368912668945862,0.62889075692472,0.0,1,1.0,1.191642589300841,-0.3197836405832519,0,1,0,1.0,0.0,0.0,1.0,0.0,0.6662825083421218
-0.0893658209690741,1.4757889597967662,0.0,1,0.0,0.7371848196353153,0.0913427327175362,0,1,1,1.0,0.0,1.0,1.0,0.0,0.6662825083421218
-0.0893658209690741,1.4757889597967662,0.0,1,2.0,0.8759505508308959,0.0791290201532737,1,1,0,1.0,0.0,0.0,1.0,0.0,0.6662825083421218
-0.0893658209690741,0.62889075692472,0.0,1,2.0,1.0563460013851502,0.2091570275087664,0,0,0,1.0,0.0,0.0,1.0,0.0,0.6662825083421218
-0.0893658209690741,1.1934895588394174,0.0,1,2.0,0.2844616216097335,-0.1579862572881322,1,0,0,1.0,0.0,0.0,0.0,0.0,-0.861099841528844
-0.0893658209690741,-1.3472050497767214,1.0,1,3.0,0.2931344798094573,0.2508071596801562,0,0,0,0.0,1.0,1.0,1.0,1.0,1.6845374082560989
-0.6156229088327345,0.62889075692472,0.0,0,0.0,-0.9609608158706012,-0.2787053114345334,0,1,1,0.0,1.0,1.0,1.0,0.0,0.1571550583851332
-1.6681370845600552,-0.5003068469046751,1.0,1,1.0,1.2905131727776922,2.3680565199071757,0,1,1,1.0,1.0,1.0,1.0,1.0,1.6845374082560989
-0.0893658209690741,1.1934895588394174,1.0,1,0.0,1.4778469098917262,0.3657395672371221,1,0,0,1.0,1.0,1.0,1.0,0.0,1.6845374082560989
0.4368912668945862,0.3465913559673712,1.0,0,3.0,1.3200008906567535,-0.3244038090064374,0,1,0,1.0,1.0,1.0,0.0,1.0,1.6845374082560989
-0.0893658209690741,-1.0649056488193729,2.0,1,1.0,-1.4743940212942492,-0.5069690780849849,0,1,1,2.0,0.0,0.0,0.0,0.0,-1.3702272914858324
0.9631483547582466,-0.2180074459473263,0.0,1,2.0,-0.65047249232049,-0.8175724800001284,0,1,0,0.0,0.0,0.0,0.0,1.0,-0.3519723915718554
0.9631483547582466,0.9111901578820688,0.0,1,2.0,0.3156839111287393,-0.8326909519195621,1,0,0,1.0,0.0,0.0,0.0,0.0,-0.861099841528844
0.4368912668945862,-0.2180074459473263,0.0,1,0.0,-1.6790734748077305,-0.7525241681410217,0,0,0,2.0,0.0,0.0,0.0,0.0,-1.3702272914858324
0.9631483547582466,-0.5003068469046751,0.0,1,3.0,0.5880116586000659,-0.751357689974772,1,0,0,1.0,0.0,0.0,1.0,0.0,0.1571550583851332
0.4368912668945862,0.0642919550100224,0.0,0,2.0,0.6348450928785746,-0.3604045273138332,0,0,0,1.0,1.0,0.0,0.0,0.0,0.1571550583851332
0.9631483547582466,-0.7826062478620239,0.0,1,1.0,0.4371039259248723,-0.7296291751132561,0,0,0,1.0,0.0,0.0,0.0,0.0,-0.3519723915718554
-1.6681370845600552,0.9111901578820688,0.0,1,1.0,1.0840991476242667,1.8815207639764733,0,0,1,1.0,0.0,1.0,0.0,1.0,1.1754099582991104
-0.0893658209690741,0.3465913559673712,1.0,0,3.0,-1.6721351882479514,-0.6555235033750333,0,0,0,2.0,0.0,0.0,0.0,0.0,-1.3702272914858324
0.9631483547582466,1.4757889597967662,0.0,1,2.0,0.7354502479953702,-0.9006897673756535,0,0,0,1.0,0.0,0.0,0.0,0.0,0.1571550583851332
-1.6681370845600552,-1.3472050497767214,2.0,0,1.0,-0.4249781791276717,0.8334515676614793,0,1,1,0.0,1.0,1.0,1.0,1.0,1.1754099582991104
-1.6681370845600552,0.0642919550100224,2.0,0,1.0,-0.4752807566860695,0.716300564376548,0,1,1,0.0,1.0,1.0,1.0,1.0,1.1754099582991104
0.9631483547582466,-1.0649056488193729,0.0,1,2.0,0.4093507796857563,-0.6733637576823832,0,0,0,1.0,0.0,0.0,0.0,0.0,-0.3519723915718554
-1.1418799966963948,-0.2180074459473263,1.0,1,2.0,1.365099753295317,1.8184394545153568,0,1,0,1.0,0.0,1.0,0.0,1.0,1.1754099582991104
-1.6681370845600552,-0.5003068469046751,1.0,1,1.0,-1.3217517169791109,0.0348714661985018,1,1,0,0.0,0.0,0.0,1.0,0.0,-0.861099841528844
-0.0893658209690741,1.4757889597967662,0.0,0,2.0,0.7406539629152047,-0.0687163693886621,0,0,0,1.0,0.0,0.0,0.0,0.0,0.1571550583851332
0.9631483547582466,0.0642919550100224,2.0,0,3.0,-1.6808080464476751,-0.8658097829926938,0,0,0,2.0,0.0,0.0,0.0,0.0,-1.3702272914858324
-1.6681370845600552,-1.0649056488193729,2.0,0,0.0,1.620081784367196,2.763950060683995,0,1,1,1.0,1.0,1.0,1.0,1.0,2.193664858213088
-1.6681370845600552,-0.2180074459473263,2.0,1,1.0,1.2263340220997363,2.294682756037972,0,1,1,1.0,1.0,1.0,1.0,0.0,1.6845374082560989
-0.0893658209690741,0.62889075692472,1.0,0,3.0,-1.6495857569286696,-0.6590458099946896,0,0,0,2.0,0.0,0.0,0.0,0.0,-1.3702272914858324
0.9631483547582466,-1.62950445073407,0.0,1,2.0,0.5741350854805082,-0.4567647726944297,0,0,0,1.0,0.0,0.0,0.0,0.0,-0.3519723915718554
0.4368912668945862,-1.0649056488193729,1.0,0,3.0,-1.6599931867683384,-0.7515635390629337,0,1,1,2.0,0.0,0.0,0.0,0.0,-1.3702272914858324
-1.1418799966963948,0.9111901578820688,2.0,1,3.0,0.7406539629152047,1.186757219309728,0,0,0,0.0,1.0,1.0,1.0,1.0,2.193664858213088
0.9631483547582466,0.3465913559673712,0.0,1,2.0,-0.785769080236181,-0.9023365600809474,0,0,0,0.0,0.0,0.0,0.0,0.0,-0.3519723915718554
0.9631483547582466,0.9111901578820688,2.0,0,1.0,-1.677338903167786,-0.9099758484638384,0,1,1,2.0,0.0,0.0,0.0,0.0,-1.3702272914858324
0.9631483547582466,0.62889075692472,0.0,1,2.0,0.2254861858516122,-0.8364419797482869,0,0,0,1.0,0.0,0.0,0.0,0.0,-0.861099841528844
-1.1418799966963948,0.9111901578820688,2.0,0,1.0,-1.46745573473447,-0.3309909798276128,0,0,1,2.0,0.0,0.0,0.0,0.0,-1.3702272914858324
0.9631483547582466,1.4757889597967662,0.0,1,3.0,-1.6599931867683384,-0.9234932719197918,0,0,0,2.0,0.0,0.0,0.0,0.0,-1.3702272914858324
-0.6156229088327345,-0.5003068469046751,2.0,0,0.0,1.1031794356636588,1.1785003836623522,0,0,1,1.0,0.0,0.0,1.0,0.0,0.6662825083421218
0.9631483547582466,0.9111901578820688,0.0,1,1.0,-0.4457930388070088,-0.8944456783680811,0,0,0,0.0,0.0,1.0,0.0,1.0,0.1571550583851332
0.9631483547582466,-0.7826062478620239,0.0,0,2.0,-0.6660836370799927,-0.7858031040605015,0,1,1,0.0,0.0,0.0,1.0,0.0,-0.3519723915718554
0.9631483547582466,0.9111901578820688,0.0,0,0.0,0.0728438815364734,-0.871436324735781,0,0,0,1.0,0.0,0.0,0.0,0.0,-0.861099841528844
0.9631483547582466,0.62889075692472,0.0,1,2.0,0.0693747382565841,-0.9094726618038872,0,0,0,1.0,0.0,0.0,0.0,0.0,-0.861099841528844
0.9631483547582466,0.9111901578820688,0.0,0,3.0,-0.3885521746888317,-0.8895053002521995,0,1,1,0.0,1.0,0.0,0.0,0.0,-0.3519723915718554
0.9631483547582466,1.1934895588394174,0.0,0,3.0,0.1110044576152579,-0.9089237309021228,0,0,0,1.0,0.0,0.0,0.0,0.0,-0.861099841528844
0.9631483547582466,0.62889075692472,0.0,0,3.0,-0.6053736296819262,-0.9183699168366554,0,1,1,0.0,0.0,0.0,1.0,0.0,-0.3519723915718554
-0.6156229088327345,0.3465913559673712,2.0,1,1.0,1.0788954327044322,0.9500765121655526,0,1,0,1.0,0.0,0.0,1.0,1.0,1.1754099582991104
0.9631483547582466,0.0642919550100224,0.0,1,2.0,0.390270491646364,-0.7963242796776565,0,0,0,1.0,0.0,0.0,0.0,0.0,-0.3519723915718554
-1.6681370845600552,-1.3472050497767214,2.0,1,0.0,1.724156082763881,2.859395421228317,0,1,1,1.0,1.0,1.0,1.0,1.0,2.193664858213088
-1.6681370845600552,-1.3472050497767214,2.0,1,0.0,0.0884550262959763,1.4215624125395412,0,1,1,0.0,1.0,1.0,1.0,1.0,1.1754099582991104
-1.1418799966963948,0.3465913559673712,1.0,0,0.0,-0.8256642279549103,0.1425534114279932,0,0,0,0.0,1.0,0.0,0.0,1.0,0.1571550583851332
0.9631483547582466,1.4757889597967662,0.0,0,3.0,-0.7614850772769542,-0.9204284077182728,0,0,1,0.0,0.0,0.0,0.0,0.0,-0.861099841528844
-1.6681370845600552,0.62889075692472,0.0,1,2.0,0.789221968833658,1.7716430951399231,0,1,0,1.0,0.0,1.0,0.0,0.0,0.1571550583851332
0.4368912668945862,-0.2180074459473263,0.0,1,2.0,0.8551356911515585,-0.2483768791120385,0,1,1,1.0,0.0,0.0,0.0,0.0,0.1571550583851332
0.9631483547582466,0.9111901578820688,0.0,1,2.0,0.2254861858516122,-0.8776804137433535,0,1,0,1.0,1.0,0.0,0.0,0.0,-0.3519723915718554
-1.1418799966963948,-0.2180074459473263,2.0,0,0.0,-1.5177583122928682,-0.299999255998819,0,1,1,2.0,0.0,0.0,0.0,0.0,-1.3702272914858324
0.9631483547582466,1.4757889597967662,0.0,1,2.0,-0.2740704464524778,-0.9140013417434454,0,0,1,0.0,1.0,1.0,0.0,1.0,0.6662825083421218
0.4368912668945862,0.0642919550100224,0.0,0,2.0,0.3694556319670267,-0.2906674306688205,1,1,0,1.0,0.0,0.0,0.0,0.0,-0.3519723915718554
0.9631483547582466,0.62889075692472,0.0,1,2.0,1.0997102923837692,-0.7824180301662863,1,1,0,1.0,1.0,0.0,0.0,0.0,0.6662825083421218
0.9631483547582466,1.1934895588394174,0.0,1,2.0,-1.4830668794939732,-0.929943210015526,0,0,0,0.0,0.0,0.0,0.0,0.0,-1.3702272914858324
0.9631483547582466,-1.0649056488193729,0.0,1,2.0,0.4041470647659218,-0.6105340415512418,0,0,0,1.0,0.0,0.0,0.0,0.0,-0.3519723915718554
-1.1418799966963948,-1.62950445073407,2.0,0,1.0,0.6435179510782985,1.4259538597536583,0,0,0,0.0,1.0,0.0,1.0,1.0,1.6845374082560989
-0.6156229088327345,1.4757889597967662,1.0,0,0.0,0.5619930840008945,0.5167184373432976,0,0,0,0.0,1.0,1.0,1.0,0.0,1.6845374082560989
-1.6681370845600552,-1.0649056488193729,2.0,0,0.0,-1.524696598852647,-0.138087512099165,1,1,0,2.0,0.0,0.0,0.0,0.0,-1.3702272914858324
-1.6681370845600552,-0.7826062478620239,2.0,1,1.0,1.566310063528909,2.6581893736106803,0,1,1,1.0,1.0,1.0,1.0,1.0,2.193664858213088
-1.6681370845600552,1.1934895588394174,2.0,0,1.0,-1.6790734748077305,-0.3856096045531918,0,0,1,2.0,0.0,0.0,0.0,0.0,-1.3702272914858324
-0.0893658209690741,1.4757889597967662,0.0,1,2.0,0.8915616955903983,0.1582894306119121,1,0,0,1.0,0.0,0.0,0.0,0.0,0.1571550583851332
-0.6156229088327345,-0.5003068469046751,1.0,1,3.0,-0.4839536148857932,0.1451608332113752,0,0,0,0.0,0.0,1.0,1.0,0.0,0.6662825083421218
0.4368912668945862,-1.3472050497767214,2.0,0,3.0,-1.5160237406529231,-0.6628425820652282,0,1,1,2.0,0.0,0.0,0.0,0.0,-1.3702272914858324
0.9631483547582466,0.9111901578820688,0.0,0,3.0,-1.6721351882479514,-0.9324362711943736,0,0,0,2.0,0.0,0.0,0.0,0.0,-1.3702272914858324
-0.6156229088327345,-1.62950445073407,0.0,0,2.0,0.5932153735199004,0.8743240477220361,1,0,0,1.0,1.0,0.0,0.0,0.0,0.1571550583851332
-0.0893658209690741,-1.62950445073407,0.0,0,0.0,-1.6495857569286696,-0.6223131838182742,0,1,0,2.0,0.0,0.0,0.0,0.0,-1.3702272914858324
-1.1418799966963948,-1.62950445073407,1.0,1,0.0,0.6122956615592926,1.4609253326202454,1,1,0,1.0,0.0,1.0,0.0,1.0,0.1571550583851332
0.4368912668945862,-0.7826062478620239,0.0,1,3.0,0.3798630618066951,-0.2094256572076578,0,0,0,1.0,0.0,1.0,0.0,0.0,-0.3519723915718554
0.9631483547582466,1.1934895588394174,0.0,1,2.0,0.3208876260485738,-0.9061562042723929,0,0,0,1.0,0.0,0.0,0.0,0.0,-0.861099841528844
-1.1418799966963948,0.3465913559673712,2.0,1,0.0,-0.0902058526183337,0.6655015838424145,0,0,0,0.0,1.0,1.0,0.0,0.0,0.6662825083421218
-1.1418799966963948,-1.0649056488193729,2.0,0,0.0,-1.7172340508865152,-0.4575424248052629,0,1,0,2.0,0.0,0.0,0.0,0.0,-1.3702272914858324
-0.6156229088327345,-1.62950445073407,0.0,1,1.0,0.6036228033595689,1.0246167542010056,0,1,0,1.0,0.0,1.0,0.0,0.0,0.1571550583851332
0.4368912668945862,-0.7826062478620239,0.0,1,2.0,0.1994676112524408,-0.2719809078879169,1,1,0,1.0,0.0,1.0,0.0,0.0,-0.3519723915718554
0.9631483547582466,-1.62950445073407,1.0,0,2.0,-0.836071657794579,-0.6703446377226778,0,1,0,0.0,0.0,0.0,0.0,0.0,-0.861099841528844
0.4368912668945862,-0.2180074459473263,1.0,1,2.0,0.0277450188979098,-0.2936179342658053,0,0,0,0.0,0.0,1.0,0.0,1.0,0.6662825083421218
-1.6681370845600552,-1.3472050497767214,2.0,1,0.0,-1.6218326106895535,-0.2921541185277663,0,0,0,2.0,0.0,0.0,0.0,0.0,-1.3702272914858324
-1.6681370845600552,0.0642919550100224,2.0,1,2.0,1.2887786011377476,2.3391919033227198,1,0,0,1.0,1.0,1.0,0.0,1.0,1.6845374082560989
1.489405442621907,-1.62950445073407,0.0,0,3.0,-1.677338903167786,-0.9325048875570944,0,0,0,2.0,0.0,0.0,0.0,0.0,-1.3702272914858324
0.9631483547582466,1.4757889597967662,0.0,0,2.0,-1.1101339769058505,-0.9250257040205512,0,0,0,0.0,0.0,0.0,0.0,0.0,-0.861099841528844
-0.0893658209690741,0.3465913559673712,0.0,0,2.0,1.3130626040969744,0.298335426924609,1,1,1,1.0,0.0,1.0,1.0,0.0,1.1754099582991104
-1.6681370845600552,-1.3472050497767214,2.0,0,1.0,1.2506180250589631,2.497466979998183,0,1,1,1.0,1.0,1.0,1.0,1.0,1.6845374082560989
-0.6156229088327345,1.4757889597967662,0.0,1,2.0,1.0840991476242667,0.7124809201851026,0,0,0,1.0,0.0,1.0,0.0,0.0,0.6662825083421218
-1.6681370845600552,0.0642919550100224,1.0,1,1.0,1.3200008906567535,2.2493273402796707,1,1,0,1.0,0.0,0.0,1.0,1.0,1.1754099582991104
-0.6156229088327345,0.3465913559673712,2.0,0,3.0,-1.661727758408283,-0.5601467591934318,0,1,1,2.0,0.0,0.0,0.0,0.0,-1.3702272914858324
-1.1418799966963948,0.9111901578820688,2.0,1,1.0,0.822178829992608,1.1755041358235536,0,1,0,1.0,1.0,0.0,1.0,1.0,0.6662825083421218
0.9631483547582466,1.1934895588394174,0.0,1,2.0,0.0832513113761418,-0.9092896848366324,1,1,0,1.0,0.0,0.0,0.0,0.0,-0.861099841528844
-0.0893658209690741,0.3465913559673712,0.0,1,3.0,-0.6209847744414291,-0.266766064321153,0,1,0,0.0,0.0,0.0,1.0,0.0,-0.3519723915718554
-0.0893658209690741,-1.62950445073407,2.0,1,0.0,-1.519492883932813,-0.5472011387601498,0,1,1,2.0,0.0,0.0,0.0,0.0,-1.3702272914858324
-1.6681370845600552,0.62889075692472,0.0,1,2.0,1.231537737019571,2.0790444001281063,0,1,0,1.0,0.0,1.0,1.0,0.0,1.1754099582991104
0.4368912668945862,-1.0649056488193729,0.0,1,2.0,0.0884550262959763,-0.2685729618727949,0,1,1,1.0,0.0,0.0,0.0,0.0,-0.861099841528844
-0.0893658209690741,-0.2180074459473263,0.0,1,0.0,0.2636467619303966,0.1219685026118202,0,1,0,1.0,1.0,0.0,0.0,0.0,-0.3519723915718554
0.9631483547582466,-0.5003068469046751,0.0,0,2.0,-0.8031147966356286,-0.8175038636374078,0,0,0,0.0,0.0,0.0,0.0,0.0,-0.861099841528844
0.9631483547582466,0.3465913559673712,1.0,1,3.0,-0.6470033490406004,-0.8245256047558135,0,0,0,0.0,0.0,0.0,0.0,1.0,0.1571550583851332
-0.6156229088327345,0.62889075692472,2.0,1,0.0,1.071957146144653,0.86963526293613,0,0,0,1.0,0.0,1.0,0.0,1.0,1.1754099582991104
0.9631483547582466,1.1934895588394174,0.0,1,2.0,1.266229169818466,-0.8303808677079694,0,1,0,1.0,0.0,0.0,1.0,1.0,1.1754099582991104
-0.0893658209690741,0.3465913559673712,0.0,0,2.0,1.1291980102628305,0.4752055378973487,0,0,0,1.0,0.0,0.0,1.0,0.0,0.6662825083421218
0.9631483547582466,1.1934895588394174,0.0,0,3.0,-0.957491672590712,-0.8991344631539872,0,1,1,0.0,0.0,1.0,0.0,0.0,-0.3519723915718554
0.9631483547582466,-1.0649056488193729,0.0,1,0.0,0.2515047604507835,-0.7141447492593126,0,1,0,1.0,0.0,0.0,1.0,0.0,-0.3519723915718554
0.9631483547582466,-0.2180074459473263,0.0,1,2.0,-0.5897624849224236,-0.8382488772999288,0,1,1,0.0,0.0,0.0,0.0,0.0,-0.861099841528844
0.4368912668945862,-0.2180074459473263,0.0,0,2.0,-0.6417996341207662,-0.5412772594452733,0,0,0,0.0,1.0,0.0,0.0,0.0,-0.3519723915718554
0.4368912668945862,-0.7826062478620239,1.0,0,0.0,-1.6357091838091116,-0.7345238089873238,0,1,1,2.0,0.0,0.0,0.0,0.0,-1.3702272914858324
1.489405442621907,-1.62950445073407,0.0,1,3.0,-1.64611661364878,-0.9320931893807708,0,0,0,2.0,0.0,0.0,0.0,0.0,-1.3702272914858324
-1.6681370845600552,0.0642919550100224,1.0,1,0.0,1.342550321976035,2.3725851998467333,0,0,1,1.0,0.0,1.0,0.0,1.0,1.1754099582991104
0.4368912668945862,1.4757889597967662,0.0,1,1.0,0.981759420867526,-0.3824303797471384,0,1,0,1.0,1.0,0.0,0.0,1.0,0.6662825083421218
-1.6681370845600552,-1.3472050497767214,2.0,1,0.0,1.3390811786961456,2.420204955574813,0,0,0,1.0,0.0,0.0,1.0,1.0,1.1754099582991104
0.9631483547582466,0.62889075692472,0.0,1,2.0,0.2358936156912806,-0.9072769381968288,1,0,0,1.0,0.0,0.0,0.0,0.0,-0.861099841528844
0.4368912668945862,1.4757889597967662,0.0,0,0.0,0.4492459274044854,-0.5450969036367187,0,1,0,1.0,1.0,0.0,0.0,1.0,0.1571550583851332
-0.6156229088327345,-0.2180074459473263,0.0,1,0.0,-0.450996753726843,0.2246185812418028,0,1,1,0.0,0.0,1.0,0.0,1.0,0.1571550583851332
0.9631483547582466,-1.62950445073407,0.0,1,3.0,0.1734490366532695,-0.6434698956571187,0,0,1,0.0,0.0,0.0,1.0,1.0,1.1754099582991104
0.4368912668945862,-0.2180074459473263,0.0,1,2.0,-0.678225638559606,-0.5705993184478663,1,1,0,0.0,0.0,0.0,1.0,0.0,0.1571550583851332
-0.0893658209690741,0.62889075692472,2.0,0,3.0,-1.654789471848504,-0.6858290635766213,0,1,1,2.0,0.0,0.0,0.0,0.0,-1.3702272914858324
0.9631483547582466,-0.2180074459473263,0.0,0,0.0,0.5602585123609499,-0.7888679682620205,0,0,1,1.0,0.0,1.0,1.0,0.0,0.1571550583851332
0.9631483547582466,0.62889075692472,0.0,1,2.0,-1.6669314733281173,-0.9323676548316532,0,0,0,2.0,0.0,0.0,0.0,0.0,-1.3702272914858324
0.4368912668945862,-0.2180074459473263,0.0,1,2.0,1.342550321976035,-0.0565484010662131,0,0,0,1.0,1.0,0.0,1.0,1.0,1.6845374082560989
0.9631483547582466,1.4757889597967662,0.0,1,2.0,0.2428319022510597,-0.9071854497132014,0,0,0,1.0,0.0,0.0,1.0,0.0,-0.3519723915718554
-0.6156229088327345,0.9111901578820688,0.0,1,2.0,0.2306899007714462,0.4380840856655167,0,1,1,0.0,0.0,0.0,1.0,0.0,0.6662825083421218
0.9631483547582466,-0.7826062478620239,0.0,1,2.0,-1.5229620272127025,-0.8378143070026985,0,0,0,2.0,0.0,0.0,0.0,0.0,-1.3702272914858324
-0.6156229088327345,-1.62950445073407,0.0,1,1.0,1.143074583382388,1.226829175138545,0,0,0,1.0,0.0,1.0,0.0,0.0,0.6662825083421218
0.9631483547582466,-1.0649056488193729,0.0,1,2.0,1.0684880028647636,-0.4962420533796681,0,0,0,1.0,1.0,0.0,0.0,0.0,0.6662825083421218
-1.6681370845600552,0.9111901578820688,2.0,1,3.0,0.223751614211667,1.235772174413127,0,1,0,0.0,1.0,1.0,1.0,1.0,1.6845374082560989
-1.6681370845600552,-0.2180074459473263,1.0,1,2.0,0.3659864886871374,1.498252633940239,0,1,1,0.0,1.0,1.0,1.0,1.0,1.6845374082560989
0.4368912668945862,-0.7826062478620239,1.0,1,3.0,1.115321437143272,0.014721127679559,0,1,1,1.0,0.0,1.0,1.0,0.0,1.1754099582991104
0.9631483547582466,0.62889075692472,0.0,0,2.0,-0.6019044864020369,-0.9183241725948418,0,0,0,0.0,0.0,1.0,0.0,0.0,-0.3519723915718554
-0.0893658209690741,1.1934895588394174,2.0,1,0.0,-1.6530549002085593,-0.6952523773902471,0,0,0,2.0,0.0,0.0,0.0,0.0,-1.3702272914858324
-0.0893658209690741,-0.5003068469046751,1.0,1,3.0,-0.5706821968830311,-0.1368524175701946,0,1,0,0.0,0.0,0.0,0.0,1.0,-0.3519723915718554
-1.1418799966963948,0.3465913559673712,2.0,1,0.0,0.4180236378854801,1.0539388132035987,0,1,1,1.0,0.0,1.0,0.0,1.0,0.1571550583851332
-0.0893658209690741,0.62889075692472,0.0,1,2.0,0.959209989548244,0.2068240711762666,1,1,0,1.0,0.0,1.0,1.0,0.0,0.6662825083421218
-0.6156229088327345,-0.2180074459473263,1.0,1,1.0,1.0858337192642114,0.916774704125166,1,1,0,1.0,0.0,1.0,0.0,1.0,1.1754099582991104
-1.1418799966963948,0.9111901578820688,2.0,1,2.0,1.436217190533052,1.6803375884797425,0,0,0,1.0,1.0,0.0,1.0,1.0,1.6845374082560989
0.9631483547582466,0.3465913559673712,0.0,0,1.0,-0.5602747670433627,-0.8494562165442897,0,0,0,0.0,0.0,0.0,0.0,0.0,-0.861099841528844
0.9631483547582466,1.1934895588394174,0.0,0,2.0,-1.6426474703688907,-0.9320474451389572,0,0,0,2.0,0.0,0.0,0.0,0.0,-1.3702272914858324
-0.6156229088327345,0.3465913559673712,2.0,1,0.0,-1.6357091838091116,-0.5551606368357366,0,0,0,2.0,0.0,0.0,0.0,0.0,-1.3702272914858324
-1.6681370845600552,1.4757889597967662,1.0,1,2.0,0.9193148418295148,1.6249184395224237,0,1,0,1.0,0.0,1.0,0.0,0.0,0.6662825083421218
-0.0893658209690741,-1.0649056488193729,2.0,1,2.0,1.4240751890534389,0.8999865673795316,0,0,0,1.0,1.0,0.0,1.0,1.0,1.6845374082560989
0.4368912668945862,0.62889075692472,1.0,0,3.0,-1.6634623300482276,-0.7993662717582688,0,0,0,2.0,0.0,0.0,0.0,0.0,-1.3702272914858324
0.4368912668945862,1.4757889597967662,0.0,1,2.0,0.3538444872075238,-0.4280145167145081,0,1,0,1.0,0.0,0.0,0.0,0.0,-0.3519723915718554
0.4368912668945862,-1.3472050497767214,0.0,1,2.0,0.931456843309128,0.107742043407754,1,0,0,1.0,0.0,1.0,0.0,0.0,0.6662825083421218
-0.0893658209690741,0.3465913559673712,0.0,0,2.0,1.3130626040969744,0.298335426924609,1,1,1,1.0,0.0,1.0,1.0,0.0,1.1754099582991104
0.9631483547582466,-0.7826062478620239,0.0,1,2.0,0.5724005138405635,-0.6869497975010574,0,0,0,1.0,0.0,1.0,0.0,0.0,0.1571550583851332
0.9631483547582466,1.4757889597967662,0.0,1,2.0,0.2584430470105622,-0.9069796006250398,1,0,0,1.0,0.0,0.0,0.0,0.0,-0.861099841528844
-1.6681370845600552,-1.0649056488193729,2.0,1,1.0,1.0788954327044322,2.2888503652067227,0,1,1,1.0,1.0,1.0,1.0,0.0,1.1754099582991104
0.9631483547582466,0.62889075692472,0.0,1,2.0,0.2497701888108384,-0.907093961229574,0,0,0,1.0,0.0,0.0,0.0,0.0,-0.861099841528844
0.9631483547582466,1.1934895588394174,0.0,1,2.0,0.8152405434328294,-0.8528870346803186,0,0,0,1.0,0.0,0.0,1.0,0.0,0.1571550583851332
-1.1418799966963948,-0.7826062478620239,2.0,1,2.0,0.5689313705606737,1.307522017697943,0,1,0,0.0,1.0,0.0,1.0,1.0,1.6845374082560989
-0.6156229088327345,-1.0649056488193729,2.0,0,3.0,0.2133441843719986,0.6579080397013375,0,0,0,0.0,1.0,1.0,0.0,1.0,1.1754099582991104
-1.6681370845600552,0.9111901578820688,2.0,1,1.0,1.5160074859705106,2.2039490524004632,0,0,0,1.0,1.0,0.0,1.0,1.0,1.6845374082560989
-1.1418799966963948,0.3465913559673712,2.0,0,2.0,0.4405730692047616,1.02553163903728,0,0,0,0.0,1.0,0.0,1.0,1.0,1.6845374082560989
-0.0893658209690741,0.0642919550100224,0.0,1,0.0,0.2532393320907282,-0.0588813573987128,1,1,0,1.0,1.0,0.0,0.0,0.0,-0.3519723915718554
-1.1418799966963948,-0.2180074459473263,1.0,1,1.0,1.1049140073036037,1.6240721710488697,0,1,1,1.0,0.0,1.0,1.0,1.0,1.1754099582991104
0.9631483547582466,0.9111901578820688,0.0,0,3.0,-1.6704006166080068,-0.9056301454915352,0,0,0,2.0,0.0,0.0,0.0,0.0,-1.3702272914858324
-0.0893658209690741,-0.7826062478620239,1.0,1,3.0,-0.2463173002133618,-0.0073275968746529,0,1,1,0.0,1.0,1.0,1.0,0.0,0.6662825083421218
0.9631483547582466,0.9111901578820688,0.0,1,2.0,-1.2835911409003262,-0.9144359120406758,0,0,0,0.0,0.0,0.0,0.0,1.0,-0.861099841528844
0.9631483547582466,0.62889075692472,0.0,1,2.0,-0.7736270787565677,-0.9205885125646208,0,0,0,0.0,0.0,0.0,0.0,0.0,-0.861099841528844
0.9631483547582466,0.62889075692472,0.0,1,3.0,0.2410973306111146,-0.8699038926350214,1,0,0,1.0,0.0,0.0,0.0,0.0,-0.861099841528844
0.9631483547582466,0.62889075692472,0.0,1,2.0,0.2029367545323301,-0.7925732518489317,0,1,1,1.0,0.0,0.0,1.0,0.0,-0.3519723915718554
-0.0893658209690741,-1.62950445073407,0.0,1,2.0,0.589746230240011,0.4616194980786745,0,0,0,1.0,0.0,0.0,0.0,0.0,-0.3519723915718554
0.4368912668945862,-1.3472050497767214,1.0,0,2.0,-0.3573298851698261,-0.3157810194245516,0,1,1,0.0,1.0,1.0,1.0,0.0,1.1754099582991104
-0.6156229088327345,0.62889075692472,0.0,1,2.0,-0.4839536148857932,0.0719700463094268,1,1,0,0.0,0.0,1.0,1.0,0.0,0.6662825083421218
-1.6681370845600552,-1.3472050497767214,2.0,1,2.0,1.2402105952192948,2.5510334871620466,0,0,0,1.0,0.0,1.0,1.0,0.0,1.1754099582991104
0.4368912668945862,1.4757889597967662,0.0,1,2.0,0.9765557059476916,-0.4162582465683827,0,0,0,1.0,0.0,0.0,0.0,0.0,0.1571550583851332
0.9631483547582466,0.9111901578820688,0.0,1,2.0,0.9002345537901221,-0.8514460910631864,1,0,0,1.0,0.0,0.0,0.0,0.0,0.1571550583851332
-0.6156229088327345,0.3465913559673712,0.0,1,0.0,0.3972087782061427,0.588285303660859,1,0,0,1.0,0.0,1.0,0.0,0.0,-0.3519723915718554
0.9631483547582466,0.3465913559673712,0.0,1,2.0,0.0589673084169152,-0.8812255924839166,1,0,0,1.0,0.0,0.0,0.0,0.0,-0.861099841528844
-0.0893658209690741,-0.5003068469046751,0.0,0,0.0,-1.5142891690129787,-0.5578824192236528,0,1,1,2.0,0.0,0.0,0.0,0.0,-1.3702272914858324
0.9631483547582466,-0.7826062478620239,1.0,0,3.0,-1.64611661364878,-0.8305638446752241,0,1,1,2.0,0.0,0.0,0.0,0.0,-1.3702272914858324
0.9631483547582466,1.1934895588394174,0.0,1,2.0,0.2740541917700651,-0.8679140181161248,0,0,0,1.0,0.0,0.0,1.0,0.0,-0.3519723915718554
0.4368912668945862,1.1934895588394174,0.0,1,0.0,0.688616813716862,-0.3732129150216742,0,0,0,1.0,1.0,0.0,0.0,0.0,0.1571550583851332
0.9631483547582466,1.4757889597967662,0.0,1,3.0,-1.6929500479272883,-0.932710736645256,0,0,0,2.0,0.0,0.0,0.0,0.0,-1.3702272914858324
0.4368912668945862,1.1934895588394174,0.0,1,2.0,-1.1378871231449663,-0.7373828241006812,0,0,0,0.0,0.0,0.0,0.0,0.0,-0.861099841528844
0.4368912668945862,-1.3472050497767214,1.0,0,2.0,-1.5021471675333653,-0.6703446377226778,0,0,0,2.0,0.0,0.0,0.0,0.0,-1.3702272914858324
0.9631483547582466,-0.5003068469046751,0.0,0,1.0,0.2636467619303966,-0.6498740895110391,1,0,0,1.0,0.0,0.0,1.0,0.0,-0.3519723915718554
-0.0893658209690741,0.62889075692472,0.0,0,2.0,-1.1656402693840828,-0.481832617208347,0,0,0,0.0,0.0,1.0,0.0,1.0,-0.3519723915718554
0.9631483547582466,-1.62950445073407,0.0,1,2.0,1.0615497163049843,-0.457359447838008,0,0,0,1.0,0.0,0.0,0.0,1.0,0.6662825083421218
-0.0893658209690741,0.3465913559673712,0.0,1,2.0,0.0988624561356448,-0.0380905994943781,0,1,1,1.0,0.0,0.0,0.0,0.0,-0.861099841528844
-1.1418799966963948,-1.3472050497767214,2.0,0,2.0,1.2766365996581346,1.9559009011655784,0,0,0,1.0,0.0,1.0,1.0,0.0,1.1754099582991104
-1.1418799966963948,-0.7826062478620239,2.0,0,1.0,-1.510820025733089,-0.290118499767056,0,0,0,2.0,0.0,0.0,0.0,0.0,-1.3702272914858324
-1.1418799966963948,0.9111901578820688,1.0,0,3.0,-1.1257451216653531,-0.0453410618218523,0,1,0,0.0,1.0,0.0,1.0,0.0,-0.3519723915718554
0.4368912668945862,0.3465913559673712,0.0,1,2.0,0.7458576778350392,-0.2372381562303982,0,1,1,1.0,1.0,0.0,1.0,0.0,0.6662825083421218
-1.6681370845600552,-1.3472050497767214,1.0,1,2.0,1.1604202997818356,2.4084715575495945,0,1,0,1.0,0.0,1.0,1.0,0.0,1.1754099582991104
0.9631483547582466,-0.7826062478620239,0.0,1,2.0,1.3043897458972504,-0.5619765288659805,1,0,0,1.0,0.0,1.0,1.0,0.0,1.1754099582991104
0.9631483547582466,0.3465913559673712,0.0,1,1.0,-0.8083185115554627,-0.9046009000507264,0,1,0,0.0,0.0,0.0,0.0,0.0,-0.861099841528844
-0.0893658209690741,-0.5003068469046751,1.0,1,2.0,0.390270491646364,0.2165218504407749,0,1,1,0.0,0.0,0.0,1.0,1.0,1.1754099582991104
0.9631483547582466,-1.0649056488193729,0.0,1,2.0,0.6643328107576353,-0.5928310199693332,0,0,0,1.0,0.0,0.0,0.0,0.0,-0.3519723915718554
-1.6681370845600552,-1.3472050497767214,2.0,1,0.0,1.6322237858468096,2.8079331491878845,1,1,1,1.0,1.0,1.0,1.0,1.0,2.193664858213088
-1.6681370845600552,0.0642919550100224,0.0,1,1.0,-0.5030339029251857,0.6958071440440026,0,0,0,0.0,0.0,0.0,1.0,1.0,0.6662825083421218
-0.0893658209690741,0.0642919550100224,2.0,0,3.0,-1.6270363256093878,-0.6222903116973674,0,1,1,2.0,0.0,0.0,0.0,0.0,-1.3702272914858324
1.489405442621907,-1.62950445073407,0.0,0,3.0,-1.6738697598878964,-0.9324591433152803,0,0,0,2.0,0.0,0.0,0.0,0.0,-1.3702272914858324
0.9631483547582466,1.4757889597967662,0.0,1,3.0,-1.6808080464476751,-0.932550631798908,0,0,1,2.0,0.0,0.0,0.0,0.0,-1.3702272914858324
-0.0893658209690741,0.3465913559673712,0.0,1,2.0,0.9401297015088516,0.2008773197404833,1,0,0,1.0,1.0,1.0,0.0,0.0,0.6662825083421218
-0.0893658209690741,1.1934895588394174,1.0,0,3.0,0.3573136304874136,0.0095520283546088,0,0,0,0.0,0.0,1.0,1.0,1.0,1.6845374082560989
-1.1418799966963948,0.62889075692472,0.0,1,3.0,0.4405730692047616,1.0475574914705852,0,0,0,1.0,0.0,1.0,0.0,1.0,0.1571550583851332
-0.0893658209690741,0.3465913559673712,0.0,0,0.0,-1.089319117226513,-0.4693673113141089,1,1,0,0.0,0.0,0.0,0.0,0.0,-0.861099841528844
-0.0893658209690741,-1.3472050497767214,2.0,1,1.0,-1.712030335966681,-0.6262700607351608,0,0,0,2.0,0.0,0.0,0.0,0.0,-1.3702272914858324
-1.6681370845600552,-1.3472050497767214,2.0,1,0.0,1.6287546425669197,2.863535275112459,1,1,0,1.0,1.0,1.0,1.0,1.0,2.193664858213088
0.4368912668945862,-1.62950445073407,0.0,0,2.0,-0.4423238955271192,-0.3897494584373332,0,1,1,0.0,0.0,1.0,0.0,1.0,0.1571550583851332
0.4368912668945862,0.3465913559673712,0.0,0,2.0,0.3434370573678553,-0.3199666175505068,0,0,0,1.0,0.0,1.0,1.0,0.0,0.1571550583851332
-0.0893658209690741,1.1934895588394174,1.0,0,1.0,-1.6599931867683384,-0.6885279738436306,0,0,1,2.0,0.0,0.0,0.0,0.0,-1.3702272914858324
0.9631483547582466,-1.3472050497767214,0.0,0,0.0,-1.6565240434884487,-0.869972508997742,0,1,0,2.0,0.0,0.0,0.0,0.0,-1.3702272914858324
0.9631483547582466,1.1934895588394174,0.0,1,2.0,0.4874065034832703,-0.9039604806653344,0,0,0,1.0,0.0,0.0,0.0,0.0,-0.3519723915718554
-0.0893658209690741,-1.0649056488193729,0.0,1,2.0,1.115321437143272,0.6504517282857014,0,1,0,1.0,0.0,0.0,1.0,0.0,0.6662825083421218
-1.6681370845600552,0.3465913559673712,1.0,0,2.0,0.731981104715481,1.7568219607922788,0,1,0,1.0,1.0,1.0,0.0,1.0,0.6662825083421218
-1.6681370845600552,-1.3472050497767214,2.0,1,3.0,-1.6374437554490564,-0.2633809904269379,0,1,1,2.0,0.0,0.0,0.0,0.0,-1.3702272914858324
0.9631483547582466,0.3465913559673712,0.0,0,0.0,-0.2029530092147429,-0.887332448766048,0,0,0,0.0,0.0,0.0,0.0,0.0,-0.3519723915718554
0.9631483547582466,1.4757889597967662,0.0,0,3.0,-1.6426474703688907,-0.9320474451389572,0,1,1,2.0,0.0,0.0,0.0,0.0,-1.3702272914858324
-1.1418799966963948,0.62889075692472,1.0,0,3.0,1.065018859584874,1.48841762195029,0,0,0,1.0,1.0,1.0,1.0,0.0,1.1754099582991104
0.4368912668945862,0.62889075692472,0.0,0,2.0,0.7614688225945415,-0.289615313107105,1,0,0,1.0,0.0,1.0,0.0,0.0,0.1571550583851332
0.9631483547582466,0.62889075692472,0.0,1,2.0,0.390270491646364,-0.9052413194361184,0,0,0,1.0,0.0,1.0,0.0,0.0,-0.3519723915718554
0.9631483547582466,0.0642919550100224,1.0,0,3.0,-1.6790734748077305,-0.882620791859235,0,0,0,2.0,0.0,0.0,0.0,0.0,-1.3702272914858324
-0.0893658209690741,0.3465913559673712,1.0,0,1.0,-1.668666044968062,-0.6776637164128726,0,1,0,2.0,0.0,0.0,0.0,0.0,-1.3702272914858324
0.9631483547582466,-0.7826062478620239,0.0,1,2.0,0.395474206566198,-0.7021368857832117,0,0,0,1.0,0.0,0.0,0.0,0.0,-0.3519723915718554
-1.6681370845600552,-0.7826062478620239,2.0,1,2.0,1.620081784367196,2.664341974134625,0,0,1,1.0,1.0,1.0,1.0,1.0,2.193664858213088
0.9631483547582466,0.3465913559673712,0.0,1,2.0,0.9002345537901221,-0.8632938496929393,1,0,0,1.0,0.0,0.0,0.0,0.0,0.1571550583851332
0.9631483547582466,-1.3472050497767214,0.0,1,2.0,-0.7753616503965125,-0.7572815692896484,0,0,0,0.0,0.0,0.0,0.0,0.0,-0.861099841528844
0.9631483547582466,0.62889075692472,0.0,1,2.0,0.0502944502171914,-0.8539162801211272,0,0,0,0.0,0.0,0.0,0.0,1.0,0.6662825083421218
-1.6681370845600552,1.4757889597967662,1.0,1,2.0,1.465704908412113,2.0081636974377512,0,1,0,1.0,1.0,1.0,1.0,0.0,1.6845374082560989
-0.6156229088327345,-0.7826062478620239,1.0,1,2.0,0.9279877000292386,1.0312725413849015,0,1,0,1.0,0.0,1.0,1.0,0.0,0.6662825083421218
0.9631483547582466,1.1934895588394174,0.0,1,2.0,-1.1517636962645246,-0.925574634922316,0,0,0,0.0,0.0,0.0,0.0,0.0,-0.861099841528844
-0.0893658209690741,0.0642919550100224,0.0,1,2.0,0.7389193912752601,0.2928918621487766,0,1,1,1.0,0.0,0.0,1.0,0.0,0.1571550583851332
0.9631483547582466,-0.7826062478620239,0.0,1,2.0,0.5585239407210053,-0.6608527075463314,1,1,0,1.0,0.0,0.0,0.0,0.0,-0.3519723915718554
-1.6681370845600552,1.1934895588394174,0.0,1,3.0,-1.6825426180876202,-0.4004993552635569,0,1,1,2.0,0.0,0.0,0.0,0.0,-1.3702272914858324
-0.6156229088327345,0.3465913559673712,0.0,1,2.0,0.5880116586000659,0.5695072923963279,0,1,1,1.0,0.0,0.0,1.0,1.0,0.1571550583851332
-1.6681370845600552,-1.3472050497767214,2.0,1,1.0,1.6599769320859257,2.921058659193209,1,1,0,1.0,1.0,1.0,1.0,1.0,2.193664858213088
-1.6681370845600552,-0.5003068469046751,0.0,1,0.0,0.9522717029884648,1.97794962571979,1,1,0,1.0,0.0,1.0,1.0,0.0,0.6662825083421218
0.9631483547582466,-1.62950445073407,0.0,1,2.0,-1.326955431898945,-0.8081491661865025,1,0,0,0.0,0.0,0.0,0.0,1.0,-0.861099841528844
0.9631483547582466,-1.62950445073407,1.0,1,3.0,0.234159044051336,-0.4994441503066283,0,0,0,1.0,0.0,1.0,0.0,0.0,-0.3519723915718554
-0.6156229088327345,0.62889075692472,0.0,1,1.0,1.2696983130983557,0.9051785388253886,0,0,0,1.0,0.0,1.0,1.0,0.0,1.1754099582991104
0.4368912668945862,1.1934895588394174,0.0,1,0.0,0.9453334164286862,-0.4850804583771209,1,0,0,1.0,0.0,0.0,0.0,0.0,0.1571550583851332
0.4368912668945862,-0.7826062478620239,0.0,1,0.0,0.6279068063187955,-0.2404402531573584,0,0,0,1.0,0.0,0.0,0.0,0.0,-0.3519723915718554
0.4368912668945862,-0.2180074459473263,0.0,0,2.0,0.9002345537901221,-0.1978066197869735,0,0,0,1.0,1.0,0.0,0.0,0.0,0.6662825083421218
0.4368912668945862,0.0642919550100224,0.0,1,2.0,-1.0008559635893308,-0.6350300830424878,0,1,0,0.0,0.0,0.0,1.0,0.0,-0.3519723915718554
0.9631483547582466,-0.7826062478620239,0.0,1,3.0,-1.6426474703688907,-0.8258293156475045,0,1,0,2.0,0.0,0.0,0.0,0.0,-1.3702272914858324
0.4368912668945862,-1.3472050497767214,1.0,0,3.0,0.23936275897117,-0.1083537549202485,0,1,1,0.0,1.0,0.0,0.0,0.0,0.6662825083421218
-0.6156229088327345,-1.3472050497767214,1.0,0,0.0,-1.6634623300482276,-0.4819469778128813,0,0,0,2.0,0.0,0.0,0.0,0.0,-1.3702272914858324
-1.6681370845600552,0.3465913559673712,1.0,1,1.0,1.3945874711743778,2.3438806881086256,1,1,0,1.0,0.0,1.0,1.0,1.0,1.6845374082560989
0.4368912668945862,-0.2180074459473263,0.0,1,0.0,0.7354502479953702,-0.0817992225473853,0,0,0,1.0,1.0,0.0,0.0,0.0,0.1571550583851332
0.4368912668945862,0.3465913559673712,0.0,0,2.0,1.2905131727776922,-0.2174308995250584,0,0,0,1.0,1.0,0.0,1.0,1.0,1.6845374082560989
-1.6681370845600552,-0.7826062478620239,2.0,1,0.0,0.5862770869601213,1.7654904946159782,0,1,0,0.0,0.0,1.0,1.0,1.0,1.6845374082560989
0.4368912668945862,0.3465913559673712,0.0,1,1.0,0.2185478992918331,-0.4227539289059305,1,0,0,1.0,0.0,0.0,0.0,0.0,-0.861099841528844
0.9631483547582466,-0.5003068469046751,0.0,1,2.0,0.2064058978122195,-0.7075804505590441,0,0,0,1.0,0.0,0.0,0.0,0.0,-0.861099841528844
-0.6156229088327345,0.9111901578820688,0.0,1,1.0,0.567196798920729,0.5518728871771397,0,0,0,1.0,0.0,1.0,1.0,1.0,0.6662825083421218
0.9631483547582466,0.9111901578820688,0.0,1,2.0,0.3885359200064189,-0.8286883307608618,0,0,0,1.0,1.0,1.0,0.0,0.0,0.1571550583851332
-1.6681370845600552,-0.2180074459473263,2.0,1,1.0,1.3234700339366428,2.2521177390303078,0,1,0,1.0,1.0,0.0,1.0,0.0,1.1754099582991104
-0.6156229088327345,-0.5003068469046751,0.0,1,0.0,1.5853903515683008,1.1604771523877473,0,1,0,1.0,1.0,1.0,1.0,1.0,2.193664858213088
-0.6156229088327345,-1.0649056488193729,0.0,1,2.0,0.2532393320907282,0.5217274318218996,0,0,0,1.0,1.0,0.0,0.0,0.0,-0.3519723915718554
0.9631483547582466,1.1934895588394174,0.0,0,3.0,-1.6582586151283931,-0.9322532942271188,0,0,0,2.0,0.0,0.0,0.0,0.0,-1.3702272914858324
-1.6681370845600552,-0.2180074459473263,1.0,0,1.0,0.3070110529290156,1.4524626478847076,0,0,0,0.0,1.0,1.0,1.0,0.0,1.1754099582991104
0.9631483547582466,1.1934895588394174,0.0,1,3.0,-0.4978301880053515,-0.9169518453404302,0,0,0,0.0,0.0,0.0,0.0,0.0,-0.3519723915718554
0.4368912668945862,1.4757889597967662,2.0,1,3.0,-1.6721351882479514,-0.8208431932898091,0,1,1,2.0,0.0,0.0,0.0,0.0,-1.3702272914858324
-1.1418799966963948,-0.2180074459473263,1.0,1,0.0,-0.4804844716059039,0.4124901823707417,0,1,0,0.0,0.0,0.0,1.0,1.0,0.6662825083421218
-0.0893658209690741,0.3465913559673712,0.0,1,2.0,1.3113280324570296,0.4215017980080441,0,0,0,1.0,0.0,1.0,1.0,0.0,1.1754099582991104
0.4368912668945862,-1.0649056488193729,0.0,1,0.0,1.0025742805468627,-0.0127025452877647,1,0,0,1.0,0.0,0.0,1.0,0.0,0.6662825083421218
0.9631483547582466,0.0642919550100224,0.0,1,2.0,-1.4986780242534758,-0.8732660944083298,0,1,1,0.0,0.0,0.0,0.0,0.0,-1.3702272914858324
0.9631483547582466,1.1934895588394174,1.0,1,2.0,0.0711093098965287,-0.8406047057533352,0,0,0,0.0,0.0,0.0,1.0,0.0,0.6662825083421218
-1.6681370845600552,-1.3472050497767214,2.0,1,1.0,0.7510613927548732,2.0085296513722604,1,1,1,0.0,1.0,1.0,1.0,1.0,2.193664858213088
0.9631483547582466,-0.2180074459473263,0.0,0,2.0,-0.7597505056370096,-0.8583763436979647,1,1,1,0.0,0.0,0.0,0.0,0.0,-0.861099841528844
0.4368912668945862,0.3465913559673712,1.0,0,3.0,-1.5316348854124262,-0.7472635803324442,0,0,0,2.0,0.0,0.0,0.0,0.0,-1.3702272914858324
-0.6156229088327345,0.0642919550100224,1.0,1,2.0,1.5281494874501242,1.1330077351786096,1,1,1,1.0,0.0,1.0,1.0,1.0,1.6845374082560989
-0.0893658209690741,1.1934895588394174,0.0,0,3.0,-1.691215476287344,-0.6956412034456638,0,0,1,2.0,0.0,0.0,0.0,0.0,-1.3702272914858324
-0.0893658209690741,0.3465913559673712,0.0,1,2.0,0.4371039259248723,0.0140578361732602,0,0,0,1.0,0.0,0.0,0.0,1.0,-0.3519723915718554
0.9631483547582466,0.0642919550100224,0.0,1,1.0,-0.4579350402866219,-0.8639342690783313,0,0,1,0.0,0.0,0.0,0.0,0.0,-0.3519723915718554
-0.6156229088327345,0.3465913559673712,1.0,1,0.0,0.0884550262959763,0.2468045385214559,0,0,0,1.0,0.0,0.0,0.0,0.0,-0.861099841528844
-0.0893658209690741,-0.2180074459473263,1.0,0,3.0,0.2376281873312253,0.102870281654593,0,0,0,0.0,1.0,0.0,0.0,0.0,0.6662825083421218
-1.1418799966963948,0.9111901578820688,2.0,0,3.0,-1.4952088809735864,-0.3792054106992713,0,1,1,2.0,0.0,0.0,0.0,0.0,-1.3702272914858324
0.9631483547582466,-1.62950445073407,2.0,0,3.0,-1.6634623300482276,-0.8299920416525527,0,0,0,2.0,0.0,0.0,0.0,0.0,-1.3702272914858324
0.9631483547582466,-0.2180074459473263,0.0,0,2.0,-0.4215090358477821,-0.7370626144079852,0,1,1,0.0,0.0,1.0,0.0,0.0,-0.3519723915718554
-1.1418799966963948,0.3465913559673712,1.0,1,2.0,-0.2393790136535827,0.5603584440335844,0,0,1,0.0,0.0,1.0,1.0,1.0,0.6662825083421218
0.9631483547582466,0.9111901578820688,0.0,1,2.0,0.9002345537901221,-0.8514460910631864,1,0,0,1.0,0.0,0.0,0.0,0.0,0.1571550583851332
0.9631483547582466,0.62889075692472,0.0,1,2.0,0.0919241695758656,-0.9091753242320982,1,0,0,1.0,0.0,0.0,0.0,0.0,-0.861099841528844
0.4368912668945862,-1.0649056488193729,1.0,0,1.0,-1.4952088809735864,-0.659960694830964,0,0,0,2.0,0.0,0.0,0.0,0.0,-1.3702272914858324
-1.1418799966963948,-1.3472050497767214,2.0,0,2.0,-0.4960956163654066,0.5393160927992742,0,0,0,0.0,1.0,0.0,1.0,0.0,0.6662825083421218
-1.6681370845600552,-0.5003068469046751,2.0,1,1.0,1.4171369024936598,2.332101545841593,0,1,1,1.0,1.0,0.0,1.0,1.0,1.6845374082560989
-0.6156229088327345,1.4757889597967662,0.0,1,2.0,0.6174993764791271,0.5091706374440341,1,1,0,1.0,0.0,0.0,0.0,0.0,-0.3519723915718554
0.9631483547582466,0.62889075692472,0.0,1,0.0,0.7510613927548732,-0.8565694461463228,0,1,1,1.0,0.0,0.0,0.0,0.0,0.1571550583851332
0.9631483547582466,-1.62950445073407,2.0,0,3.0,-1.632240040529222,-0.8168634442520158,0,1,1,2.0,0.0,0.0,0.0,0.0,-1.3702272914858324
0.4368912668945862,0.3465913559673712,1.0,1,3.0,-0.4180398925678926,-0.5125956198280722,0,0,1,0.0,0.0,0.0,1.0,0.0,-0.3519723915718554
0.4368912668945862,1.1934895588394174,0.0,0,2.0,-0.4908919014455724,-0.6633228966042721,0,0,0,0.0,0.0,0.0,1.0,0.0,-0.3519723915718554
0.4368912668945862,0.62889075692472,0.0,1,1.0,0.7475922494749838,-0.287190868290978,0,1,1,1.0,0.0,1.0,1.0,0.0,0.6662825083421218
0.4368912668945862,-1.62950445073407,1.0,0,2.0,-1.6651969016881725,-0.7102336165842397,0,1,1,2.0,0.0,0.0,0.0,0.0,-1.3702272914858324
-1.6681370845600552,-1.3472050497767214,2.0,0,1.0,0.7597342509545969,2.0367081043295108,0,1,1,0.0,1.0,1.0,1.0,1.0,2.193664858213088
0.9631483547582466,0.62889075692472,0.0,1,0.0,0.0572327367769705,-0.8397584372797815,0,0,0,1.0,0.0,0.0,0.0,0.0,-0.861099841528844
-1.6681370845600552,-0.5003068469046751,2.0,1,1.0,-0.1301010003370628,1.004557904165691,0,1,1,0.0,1.0,0.0,1.0,1.0,0.6662825083421218
0.9631483547582466,1.1934895588394174,0.0,0,2.0,-1.510820025733089,-0.9223039216326352,1,0,0,0.0,0.0,0.0,0.0,0.0,-1.3702272914858324
0.9631483547582466,-1.3472050497767214,0.0,0,2.0,1.0632842879449294,-0.4800943360194257,0,0,0,1.0,1.0,0.0,0.0,0.0,0.6662825083421218
0.4368912668945862,-1.0649056488193729,0.0,0,2.0,-0.4683424701262906,-0.3699879459738071,0,0,0,0.0,1.0,0.0,0.0,0.0,-0.3519723915718554
0.9631483547582466,-0.2180074459473263,0.0,1,0.0,-0.6365959192009321,-0.7614671674156036,0,1,0,0.0,0.0,1.0,0.0,0.0,-0.3519723915718554
0.9631483547582466,1.1934895588394174,2.0,0,3.0,-1.6929500479272883,-0.9176608810885428,0,1,1,2.0,0.0,0.0,0.0,0.0,-1.3702272914858324
0.4368912668945862,-0.7826062478620239,2.0,0,3.0,-1.4449063034151883,-0.6642835256823602,0,0,0,2.0,0.0,0.0,0.0,0.0,-1.3702272914858324
-0.6156229088327345,0.9111901578820688,0.0,0,2.0,-0.015619272100709,0.3078273571009555,0,0,0,0.0,1.0,0.0,1.0,0.0,0.6662825083421218
-0.0893658209690741,-0.7826062478620239,1.0,1,0.0,0.3833322050865849,0.2694936824610599,0,1,1,1.0,0.0,0.0,0.0,0.0,-0.3519723915718554
-1.1418799966963948,-0.2180074459473263,2.0,1,3.0,-1.4952088809735864,-0.2899583949207079,0,0,1,2.0,0.0,0.0,0.0,0.0,-1.3702272914858324
0.9631483547582466,1.4757889597967662,0.0,0,3.0,-0.4405893238871743,-0.9161970653505038,0,1,0,0.0,0.0,0.0,0.0,0.0,-0.3519723915718554
0.9631483547582466,-0.5003068469046751,0.0,1,2.0,0.4371039259248723,-0.7114229668713964,0,1,1,1.0,0.0,0.0,0.0,1.0,-0.3519723915718554
0.9631483547582466,1.1934895588394174,0.0,1,2.0,-1.2887948558201603,-0.9035487824890108,1,1,0,0.0,0.0,1.0,0.0,0.0,-0.861099841528844
0.4368912668945862,-1.3472050497767214,1.0,0,0.0,0.2254861858516122,-0.1578947688045048,0,1,0,0.0,1.0,0.0,0.0,1.0,1.1754099582991104
0.9631483547582466,0.62889075692472,0.0,1,3.0,0.6036228033595689,-0.7491162221258998,0,0,0,1.0,0.0,1.0,0.0,0.0,0.1571550583851332
-1.1418799966963948,-1.0649056488193729,2.0,1,0.0,0.145695890414153,0.9774544408910628,0,1,1,0.0,0.0,0.0,1.0,1.0,0.6662825083421218
0.4368912668945862,-0.5003068469046751,2.0,0,3.0,-0.5117067611249095,-0.4002020176917677,0,0,1,0.0,1.0,1.0,1.0,1.0,1.1754099582991104
-1.6681370845600552,-1.0649056488193729,1.0,1,0.0,0.2740541917700651,1.4802294026656342,0,1,1,0.0,0.0,1.0,1.0,1.0,1.1754099582991104
-1.1418799966963948,-0.5003068469046751,1.0,0,3.0,-1.6825426180876202,-0.4558270157372485,0,1,1,2.0,0.0,0.0,0.0,0.0,-1.3702272914858324
0.9631483547582466,1.1934895588394174,0.0,0,3.0,-1.661727758408283,-0.9123545490381516,0,0,0,2.0,0.0,0.0,0.0,0.0,-1.3702272914858324
-0.0893658209690741,1.1934895588394174,0.0,1,2.0,1.0702225745047085,0.1597532463499512,0,0,0,1.0,0.0,0.0,1.0,0.0,0.6662825083421218
-0.6156229088327345,1.1934895588394174,1.0,0,1.0,0.4683262154438781,0.5286576844566779,0,0,0,1.0,0.0,1.0,0.0,0.0,-0.3519723915718554
0.9631483547582466,0.9111901578820688,0.0,1,2.0,0.5862770869601213,-0.9026567697736434,0,1,0,1.0,0.0,0.0,0.0,1.0,0.1571550583851332
-1.1418799966963948,0.3465913559673712,0.0,0,1.0,1.3200008906567535,1.5021180223734985,0,1,1,1.0,1.0,0.0,1.0,0.0,1.1754099582991104
-1.1418799966963948,1.1934895588394174,1.0,1,2.0,0.888092552310509,1.171730235873922,0,1,0,1.0,1.0,1.0,1.0,0.0,1.1754099582991104
0.9631483547582466,0.3465913559673712,0.0,1,1.0,-1.6426474703688907,-0.9180497071439594,0,1,0,2.0,0.0,0.0,0.0,0.0,-1.3702272914858324
0.9631483547582466,-0.2180074459473263,0.0,1,2.0,0.4162890662455354,-0.7930993106297894,0,0,0,1.0,0.0,0.0,0.0,0.0,-0.3519723915718554
-1.6681370845600552,0.3465913559673712,2.0,1,3.0,-0.7111824997185565,0.5119610361946709,0,0,0,0.0,1.0,1.0,1.0,1.0,0.6662825083421218
-1.1418799966963948,1.4757889597967662,2.0,1,3.0,0.4058816364058665,0.8993918922359533,0,0,0,0.0,0.0,1.0,0.0,1.0,1.1754099582991104
-0.0893658209690741,0.3465913559673712,1.0,0,0.0,-1.476128592934194,-0.6105797857930556,0,0,1,2.0,0.0,0.0,0.0,0.0,-1.3702272914858324
0.9631483547582466,0.3465913559673712,0.0,0,3.0,-0.7649542205568438,-0.9043950509625648,0,0,0,0.0,0.0,0.0,0.0,0.0,-0.861099841528844
0.4368912668945862,-0.2180074459473263,2.0,1,3.0,-1.6721351882479514,-0.7495965366649437,0,0,0,2.0,0.0,0.0,0.0,0.0,-1.3702272914858324
0.9631483547582466,0.3465913559673712,0.0,1,2.0,0.544647367601447,-0.756549661420629,0,1,1,1.0,0.0,1.0,0.0,0.0,0.1571550583851332
-0.6156229088327345,0.0642919550100224,1.0,1,1.0,0.1387576038543743,0.5101770107639358,0,1,1,0.0,1.0,0.0,0.0,1.0,0.6662825083421218
0.9631483547582466,0.0642919550100224,0.0,0,2.0,0.3937396349262534,-0.8190362957381674,0,0,0,1.0,0.0,0.0,0.0,0.0,-0.3519723915718554
-0.6156229088327345,0.3465913559673712,1.0,0,2.0,-1.4865360227738629,-0.5069462059640781,0,0,0,2.0,0.0,0.0,0.0,0.0,-1.3702272914858324
-1.6681370845600552,-1.3472050497767214,2.0,0,0.0,-1.6270363256093878,-0.2581432747392673,0,1,1,2.0,0.0,0.0,0.0,0.0,-1.3702272914858324
0.9631483547582466,0.62889075692472,0.0,0,2.0,0.2567084753706175,-0.9070024727459466,0,0,0,1.0,0.0,0.0,1.0,0.0,-0.3519723915718554
-1.6681370845600552,-1.0649056488193729,1.0,1,1.0,0.9175802701895696,1.959400335664328,0,1,1,1.0,1.0,0.0,0.0,1.0,0.6662825083421218
0.9631483547582466,1.1934895588394174,0.0,0,2.0,-1.3009368572997737,-0.9038689921817068,0,0,0,0.0,0.0,0.0,0.0,1.0,-0.861099841528844
0.9631483547582466,0.62889075692472,0.0,0,3.0,-0.4527313253667877,-0.8937823868617821,1,0,0,0.0,1.0,1.0,0.0,0.0,0.1571550583851332
-1.6681370845600552,-1.3472050497767214,2.0,1,0.0,0.6417833794383537,1.830172852540575,0,1,0,0.0,1.0,1.0,0.0,1.0,1.6845374082560989
0.9631483547582466,0.62889075692472,0.0,0,2.0,0.2567084753706175,-0.9070024727459466,0,0,0,1.0,0.0,0.0,1.0,0.0,-0.3519723915718554
-1.6681370845600552,-0.5003068469046751,2.0,1,3.0,0.8412591180320007,2.0231906808735567,0,1,1,1.0,0.0,1.0,0.0,1.0,0.6662825083421218
-1.6681370845600552,-1.0649056488193729,2.0,0,1.0,-1.6929500479272883,-0.3136310400593068,0,1,0,2.0,0.0,0.0,0.0,0.0,-1.3702272914858324
0.9631483547582466,1.4757889597967662,0.0,0,3.0,-0.4405893238871743,-0.9161970653505038,0,1,0,0.0,0.0,0.0,0.0,0.0,-0.3519723915718554
-0.0893658209690741,0.62889075692472,0.0,1,2.0,0.9002345537901221,0.1479741040829189,1,1,0,1.0,0.0,1.0,1.0,0.0,0.6662825083421218
0.4368912668945862,-0.7826062478620239,1.0,0,3.0,-1.6565240434884487,-0.7493678154558752,0,1,1,2.0,0.0,0.0,0.0,0.0,-1.3702272914858324
-0.0893658209690741,-1.0649056488193729,1.0,1,3.0,0.145695890414153,0.1999395627833022,0,0,1,0.0,0.0,0.0,0.0,1.0,0.6662825083421218
-1.6681370845600552,-1.3472050497767214,2.0,1,0.0,1.6547732171660912,2.818911767223177,0,1,1,1.0,1.0,1.0,1.0,1.0,2.193664858213088
-1.6681370845600552,-1.3472050497767214,2.0,1,2.0,1.48651976809145,2.6045085058422823,0,1,0,1.0,1.0,1.0,1.0,0.0,1.6845374082560989
-1.6681370845600552,-1.0649056488193729,2.0,0,0.0,0.4405730692047616,1.66972492437896,0,0,0,0.0,1.0,1.0,1.0,1.0,1.6845374082560989
0.9631483547582466,-0.5003068469046751,0.0,1,0.0,1.2298031653796258,-0.5538569259440457,0,0,0,1.0,1.0,0.0,0.0,1.0,1.1754099582991104
-1.1418799966963948,-0.7826062478620239,0.0,1,0.0,1.1274634386228857,1.688754528973467,1,1,0,1.0,0.0,0.0,0.0,1.0,0.6662825083421218
0.4368912668945862,0.3465913559673712,0.0,0,3.0,-1.4830668794939732,-0.7233393418638698,0,0,0,0.0,0.0,0.0,0.0,0.0,-1.3702272914858324
-0.6156229088327345,-0.7826062478620239,1.0,1,3.0,1.4448900487327756,1.2681133533754252,1,1,0,1.0,1.0,0.0,1.0,1.0,1.6845374082560989
-0.6156229088327345,-0.5003068469046751,1.0,0,0.0,-0.586293341642534,0.0944304690399622,0,1,1,0.0,0.0,1.0,1.0,1.0,0.6662825083421218
0.4368912668945862,-1.3472050497767214,2.0,0,3.0,-1.6704006166080068,-0.713595818357548,0,0,1,2.0,0.0,0.0,0.0,0.0,-1.3702272914858324
0.4368912668945862,-0.7826062478620239,0.0,1,2.0,0.9297222716691832,-0.1693079571370274,0,1,0,1.0,0.0,0.0,0.0,0.0,0.1571550583851332
-1.6681370845600552,-1.0649056488193729,2.0,1,1.0,1.5697792068087986,2.7150265940642244,0,0,0,1.0,1.0,1.0,1.0,1.0,2.193664858213088
0.9631483547582466,-0.5003068469046751,0.0,0,3.0,-0.5914970565623682,-0.7280052545288691,0,1,0,0.0,0.0,1.0,0.0,0.0,-0.3519723915718554
0.9631483547582466,0.9111901578820688,0.0,1,2.0,-0.1491812883764553,-0.8702469744486243,0,0,0,0.0,0.0,0.0,0.0,1.0,0.1571550583851332
0.9631483547582466,0.0642919550100224,1.0,0,3.0,-1.6530549002085593,-0.8823691985292595,0,0,0,2.0,0.0,0.0,0.0,0.0,-1.3702272914858324
0.9631483547582466,0.9111901578820688,0.0,1,2.0,0.3885359200064189,-0.8286883307608618,0,0,0,1.0,1.0,1.0,0.0,0.0,0.1571550583851332
-1.1418799966963948,0.3465913559673712,2.0,1,0.0,-0.281008733012257,0.5436160515297636,0,1,1,0.0,0.0,1.0,1.0,0.0,0.1571550583851332
-0.6156229088327345,-0.2180074459473263,0.0,0,0.0,-0.4041633194483345,0.1653569159721316,0,1,1,0.0,1.0,0.0,0.0,1.0,0.1571550583851332
0.9631483547582466,0.0642919550100224,0.0,1,2.0,0.2428319022510597,-0.7170495086144837,0,0,0,1.0,0.0,0.0,1.0,0.0,-0.3519723915718554
-1.6681370845600552,1.4757889597967662,1.0,1,0.0,0.8464628329518348,1.6803604606006497,0,0,0,1.0,1.0,1.0,0.0,0.0,0.6662825083421218
0.4368912668945862,1.4757889597967662,0.0,0,2.0,0.7718762524342105,-0.4895176498330515,0,0,0,1.0,0.0,0.0,0.0,1.0,0.1571550583851332
-1.1418799966963948,-1.62950445073407,2.0,0,3.0,-1.6704006166080068,-0.4271911203618612,0,0,1,2.0,0.0,0.0,0.0,0.0,-1.3702272914858324
-1.6681370845600552,-1.3472050497767214,2.0,0,2.0,-0.6435342057607109,0.6665765735250369,0,1,0,0.0,0.0,1.0,0.0,0.0,0.1571550583851332
-1.6681370845600552,-0.5003068469046751,1.0,1,2.0,1.5056000561308422,2.481182029912499,0,1,1,1.0,1.0,1.0,1.0,0.0,1.6845374082560989
0.9631483547582466,0.62889075692472,0.0,1,2.0,0.5828079436802319,-0.7619017377128339,1,0,0,1.0,0.0,1.0,0.0,0.0,0.1571550583851332
0.4368912668945862,-0.7826062478620239,0.0,1,2.0,1.2488834534190183,0.0897188121331492,0,1,0,1.0,1.0,0.0,1.0,0.0,1.1754099582991104
-0.6156229088327345,0.3465913559673712,0.0,1,1.0,-0.372941029929329,0.0880948915487623,1,0,0,0.0,1.0,1.0,0.0,0.0,0.1571550583851332
-1.1418799966963948,-1.62950445073407,2.0,1,0.0,1.4414209054528864,1.8693299235331176,0,1,0,1.0,1.0,1.0,1.0,0.0,1.6845374082560989
-0.0893658209690741,0.0642919550100224,0.0,1,2.0,1.115321437143272,0.4519903351768869,0,1,1,1.0,0.0,0.0,1.0,0.0,0.6662825083421218
0.9631483547582466,-0.7826062478620239,0.0,1,2.0,0.9522717029884648,-0.6391241926848155,0,0,0,1.0,0.0,0.0,1.0,0.0,0.6662825083421218
0.9631483547582466,1.1934895588394174,0.0,1,1.0,1.1222597237030512,-0.895589284413424,0,0,0,1.0,0.0,1.0,0.0,0.0,0.6662825083421218
0.4368912668945862,-1.3472050497767214,0.0,0,1.0,-0.400694176168445,-0.3096284189006065,0,0,0,0.0,1.0,0.0,0.0,1.0,0.1571550583851332
-1.1418799966963948,-0.2180074459473263,1.0,0,0.0,1.4535629069324996,1.8533651831401297,0,1,0,1.0,1.0,1.0,1.0,0.0,1.6845374082560989
0.4368912668945862,-0.2180074459473263,0.0,0,2.0,-0.6417996341207662,-0.5412772594452733,0,0,0,0.0,1.0,0.0,0.0,0.0,-0.3519723915718554
-0.0893658209690741,-1.0649056488193729,1.0,1,2.0,1.4032603293741015,0.7630511795101677,1,0,0,1.0,1.0,1.0,1.0,0.0,1.6845374082560989
-0.6156229088327345,0.9111901578820688,0.0,1,0.0,1.1795005878212284,0.6803455903109659,0,0,0,1.0,0.0,1.0,1.0,0.0,1.1754099582991104
-0.0893658209690741,-0.5003068469046751,0.0,1,0.0,-0.29315073449187,-0.0793290334894445,1,0,0,0.0,1.0,1.0,1.0,0.0,1.1754099582991104
-1.6681370845600552,0.3465913559673712,2.0,1,1.0,0.4024124931259771,1.4354686620509116,0,0,1,0.0,0.0,1.0,1.0,1.0,1.6845374082560989
0.4368912668945862,-0.2180074459473263,0.0,0,2.0,0.7059625301163096,-0.2732846187796078,0,1,1,1.0,0.0,0.0,1.0,0.0,0.1571550583851332
-1.6681370845600552,0.9111901578820688,0.0,0,1.0,0.234159044051336,1.285999351924589,1,0,0,0.0,0.0,1.0,1.0,1.0,1.1754099582991104
-1.6681370845600552,-1.3472050497767214,2.0,0,0.0,0.2254861858516122,1.5107865561971978,1,1,0,0.0,1.0,1.0,1.0,1.0,1.6845374082560989
-1.6681370845600552,-1.62950445073407,1.0,1,2.0,1.4344826188931072,2.768318635777206,0,1,0,1.0,0.0,1.0,1.0,1.0,1.6845374082560989
0.4368912668945862,1.1934895588394174,0.0,1,0.0,1.0754262894245428,-0.428677808220807,0,0,0,1.0,1.0,0.0,0.0,1.0,1.1754099582991104
1.489405442621907,-1.62950445073407,0.0,0,3.0,-1.6513203285686144,-0.9321618057434914,0,0,0,2.0,0.0,0.0,0.0,0.0,-1.3702272914858324
0.9631483547582466,-1.3472050497767214,0.0,1,0.0,1.2540871683388526,-0.4228682895104648,1,1,0,1.0,0.0,0.0,1.0,1.0,1.1754099582991104
0.9631483547582466,-1.0649056488193729,0.0,1,1.0,0.6001536600796795,-0.6544485136924109,0,1,0,1.0,0.0,0.0,0.0,0.0,-0.3519723915718554
0.9631483547582466,1.4757889597967662,0.0,0,2.0,0.7874873971937129,-0.9000036037484478,0,0,0,1.0,0.0,0.0,0.0,0.0,0.1571550583851332
0.9631483547582466,-1.62950445073407,0.0,0,0.0,-0.0034772706210959,-0.5561670101556384,0,0,0,0.0,1.0,1.0,0.0,1.0,1.1754099582991104
-0.6156229088327345,-0.7826062478620239,1.0,1,0.0,-1.654789471848504,-0.5546345780548788,0,1,1,2.0,0.0,0.0,0.0,0.0,-1.3702272914858324
-1.6681370845600552,-0.5003068469046751,2.0,1,2.0,1.5697792068087986,2.6522197500539897,0,1,1,1.0,1.0,1.0,1.0,1.0,2.193664858213088
0.9631483547582466,-1.3472050497767214,0.0,1,2.0,-0.664349065440048,-0.7391668495314162,0,1,0,0.0,0.0,0.0,1.0,0.0,0.1571550583851332
-0.0893658209690741,-1.3472050497767214,0.0,1,1.0,0.8343208314722216,0.5685924075600536,1,1,0,1.0,0.0,1.0,0.0,0.0,0.1571550583851332
0.4368912668945862,0.9111901578820688,2.0,0,3.0,-0.4527313253667877,-0.5223620154553009,0,0,0,0.0,1.0,1.0,1.0,1.0,1.1754099582991104
0.9631483547582466,0.3465913559673712,0.0,1,2.0,0.0416215920174676,-0.7424604349420039,0,0,0,1.0,0.0,0.0,0.0,0.0,-0.861099841528844
0.9631483547582466,1.1934895588394174,0.0,0,3.0,0.0971278844957001,-0.8382260051790219,0,0,1,0.0,0.0,0.0,0.0,1.0,0.6662825083421218
0.9631483547582466,0.0642919550100224,0.0,1,3.0,-0.7840345085962364,-0.851354602579559,0,0,0,0.0,0.0,0.0,0.0,0.0,-0.861099841528844
0.9631483547582466,0.0642919550100224,0.0,1,3.0,0.0815167397361972,-0.7896227482519468,1,0,0,1.0,0.0,0.0,0.0,0.0,-0.861099841528844
-1.6681370845600552,-0.2180074459473263,1.0,1,0.0,-0.251521015133196,0.8772974234399277,1,1,0,0.0,0.0,1.0,1.0,1.0,0.6662825083421218
-1.6681370845600552,0.9111901578820688,2.0,1,3.0,0.0138684457783516,1.0616009737073966,0,1,0,0.0,0.0,1.0,1.0,1.0,1.1754099582991104
0.9631483547582466,-0.5003068469046751,0.0,1,0.0,0.2497701888108384,-0.6885051017227237,0,0,0,1.0,0.0,0.0,0.0,0.0,-0.861099841528844
-1.6681370845600552,-0.7826062478620239,2.0,1,0.0,1.587124923208246,2.690301831363909,0,0,0,1.0,1.0,1.0,1.0,1.0,2.193664858213088
0.4368912668945862,0.0642919550100224,0.0,1,2.0,-1.0008559635893308,-0.6350300830424878,0,1,0,0.0,0.0,0.0,1.0,0.0,-0.3519723915718554
-1.1418799966963948,1.4757889597967662,0.0,0,0.0,0.0919241695758656,0.5723434353887783,1,1,1,1.0,0.0,0.0,0.0,0.0,-0.861099841528844
-1.6681370845600552,-1.3472050497767214,2.0,0,0.0,-1.6825426180876202,-0.2569081802102969,0,1,0,2.0,0.0,0.0,0.0,0.0,-1.3702272914858324
-0.6156229088327345,-1.62950445073407,0.0,0,2.0,1.0684880028647636,1.3094204037332124,0,0,0,1.0,0.0,1.0,0.0,0.0,0.6662825083421218
0.4368912668945862,-1.0649056488193729,0.0,1,1.0,0.9279877000292386,0.0212625542589207,0,0,0,1.0,0.0,0.0,0.0,0.0,0.1571550583851332
-0.6156229088327345,-0.5003068469046751,1.0,0,0.0,-1.7016229061270125,-0.5447080775813021,0,0,0,2.0,0.0,0.0,0.0,0.0,-1.3702272914858324
-1.6681370845600552,-1.3472050497767214,2.0,1,3.0,-1.4535791616149123,-0.1290301522200489,0,1,0,2.0,0.0,0.0,0.0,0.0,-1.3702272914858324
0.9631483547582466,0.0642919550100224,0.0,1,0.0,0.1040661710554792,-0.8165661066802266,0,0,0,1.0,0.0,0.0,0.0,0.0,-0.861099841528844
-1.1418799966963948,-1.3472050497767214,1.0,0,1.0,1.1239942953429958,1.6268396976785997,0,1,0,1.0,0.0,1.0,0.0,0.0,0.6662825083421218
0.4368912668945862,0.62889075692472,0.0,0,1.0,0.7822836822738789,-0.3622800412281957,1,0,0,1.0,0.0,0.0,0.0,0.0,0.1571550583851332
0.9631483547582466,0.0642919550100224,0.0,0,2.0,0.3833322050865849,-0.7683516758085681,1,0,0,1.0,0.0,0.0,0.0,0.0,-0.3519723915718554
-1.6681370845600552,-0.7826062478620239,1.0,1,2.0,1.3390811786961456,2.442253680129025,0,1,1,1.0,0.0,1.0,1.0,0.0,1.1754099582991104
-0.6156229088327345,0.62889075692472,0.0,1,1.0,0.4648570721639883,0.5180907645977091,0,0,0,1.0,1.0,0.0,0.0,0.0,-0.3519723915718554
-0.0893658209690741,0.0642919550100224,0.0,1,2.0,0.5880116586000659,0.263180977090767,1,1,0,1.0,0.0,0.0,0.0,0.0,-0.3519723915718554
0.4368912668945862,0.62889075692472,0.0,1,0.0,-0.1110207122976706,-0.5109945713645921,0,1,0,0.0,1.0,0.0,0.0,0.0,0.1571550583851332
0.9631483547582466,-0.5003068469046751,0.0,1,3.0,1.1118522938633826,-0.6909295465388507,0,0,0,1.0,0.0,0.0,1.0,1.0,1.1754099582991104
0.4368912668945862,-0.7826062478620239,1.0,0,3.0,-1.6634623300482276,-0.7431465985692096,0,1,1,2.0,0.0,0.0,0.0,0.0,-1.3702272914858324
0.9631483547582466,-0.2180074459473263,0.0,1,0.0,-0.5932316282023131,-0.8096815982872622,0,0,0,0.0,0.0,0.0,0.0,1.0,-0.3519723915718554
0.9631483547582466,-1.0649056488193729,0.0,1,1.0,-0.799645653355739,-0.742277457974749,0,0,0,0.0,0.0,0.0,0.0,0.0,-0.861099841528844
-1.6681370845600552,-0.2180074459473263,1.0,0,0.0,-0.3347804538505443,0.8772059349563002,0,1,0,0.0,1.0,0.0,0.0,1.0,0.1571550583851332
-1.1418799966963948,-0.5003068469046751,2.0,0,0.0,-1.6651969016881725,-0.4311251251578409,0,1,0,2.0,0.0,0.0,0.0,0.0,-1.3702272914858324
0.9631483547582466,-1.62950445073407,0.0,1,2.0,0.4475113557645407,-0.6152456984580549,0,0,0,1.0,0.0,0.0,0.0,0.0,-0.3519723915718554
-0.0893658209690741,-0.5003068469046751,1.0,0,0.0,0.6053573749995135,0.2160644080226377,0,0,0,0.0,1.0,1.0,1.0,1.0,2.193664858213088
-1.6681370845600552,-0.5003068469046751,1.0,1,1.0,-1.6426474703688907,-0.2996104299434024,0,1,1,2.0,0.0,0.0,0.0,0.0,-1.3702272914858324
-0.0893658209690741,-1.0649056488193729,0.0,0,1.0,-0.0919404242582784,-0.0291704723407031,0,0,0,0.0,1.0,0.0,1.0,1.0,0.6662825083421218
-1.6681370845600552,-0.5003068469046751,2.0,1,0.0,1.6114089261674722,2.5652142021242987,0,1,1,1.0,1.0,1.0,1.0,1.0,2.193664858213088
0.4368912668945862,1.4757889597967662,0.0,0,3.0,-1.6651969016881725,-0.8116486006852519,0,0,0,2.0,0.0,0.0,0.0,0.0,-1.3702272914858324
0.4368912668945862,1.4757889597967662,0.0,1,2.0,0.5741350854805082,-0.45719934299166,0,0,0,1.0,0.0,1.0,1.0,0.0,0.1571550583851332
-1.6681370845600552,-0.7826062478620239,2.0,1,1.0,0.3139493394887947,1.4783310166303651,0,1,0,0.0,1.0,0.0,0.0,1.0,1.1754099582991104
0.4368912668945862,1.1934895588394174,0.0,1,0.0,1.0754262894245428,-0.428677808220807,0,0,0,1.0,1.0,0.0,0.0,1.0,1.1754099582991104
0.9631483547582466,0.9111901578820688,0.0,0,3.0,-0.3885521746888317,-0.8895053002521995,0,1,1,0.0,1.0,0.0,0.0,0.0,-0.3519723915718554
-0.6156229088327345,0.9111901578820688,0.0,1,2.0,-0.5914970565623682,-0.0098435301744073,0,1,1,0.0,0.0,1.0,0.0,0.0,0.1571550583851332
0.4368912668945862,-0.7826062478620239,2.0,0,0.0,-0.386817603048887,-0.3445541475253801,0,0,0,0.0,0.0,0.0,1.0,1.0,0.6662825083421218
0.9631483547582466,0.0642919550100224,0.0,1,0.0,0.1040661710554792,-0.8165661066802266,0,0,0,1.0,0.0,0.0,0.0,0.0,-0.861099841528844
-0.0893658209690741,-1.62950445073407,0.0,1,3.0,0.0849858830160865,0.2263568624307242,0,0,0,1.0,0.0,0.0,0.0,0.0,-0.861099841528844
0.9631483547582466,0.9111901578820688,0.0,1,2.0,0.7632033942344867,-0.9003238134411438,0,0,0,1.0,0.0,0.0,0.0,0.0,0.1571550583851332
-1.6681370845600552,-0.2180074459473263,2.0,0,0.0,-1.4795977362140835,-0.150895899807006,0,1,0,2.0,0.0,0.0,0.0,0.0,-1.3702272914858324
0.9631483547582466,-0.5003068469046751,1.0,0,3.0,-0.6695527803598823,-0.748269953652346,0,1,1,0.0,1.0,0.0,0.0,0.0,-0.3519723915718554
0.9631483547582466,0.3465913559673712,0.0,1,2.0,-0.9280039547116512,-0.8809739991539411,1,0,0,0.0,0.0,0.0,1.0,0.0,-0.3519723915718554
-1.1418799966963948,-1.62950445073407,0.0,0,1.0,0.910641983629791,1.6805434375679045,0,1,0,1.0,0.0,1.0,1.0,1.0,1.1754099582991104
-1.1418799966963948,-0.5003068469046751,0.0,1,2.0,-0.4908919014455724,0.520538081534743,0,0,0,0.0,1.0,0.0,1.0,0.0,0.6662825083421218
0.9631483547582466,1.1934895588394174,0.0,0,1.0,-0.7528122190772305,-0.9203140471137384,0,0,0,0.0,0.0,0.0,0.0,0.0,-0.861099841528844
0.9631483547582466,1.4757889597967662,0.0,1,2.0,0.9054382687099566,-0.8984482995267814,1,0,0,1.0,0.0,0.0,0.0,0.0,0.1571550583851332
0.9631483547582466,-0.5003068469046751,0.0,0,3.0,0.2029367545323301,-0.6920731525841938,1,0,0,1.0,0.0,0.0,0.0,0.0,-0.861099841528844
0.4368912668945862,0.9111901578820688,0.0,1,2.0,0.3763939185268058,-0.3841686609360596,1,0,0,1.0,0.0,0.0,0.0,0.0,-0.3519723915718554
0.4368912668945862,0.62889075692472,0.0,0,2.0,0.7614688225945415,-0.289615313107105,1,0,0,1.0,0.0,1.0,0.0,0.0,0.1571550583851332
-0.6156229088327345,-1.3472050497767214,0.0,1,2.0,1.115321437143272,1.286777004035422,1,1,0,1.0,0.0,0.0,1.0,0.0,0.6662825083421218
-0.0893658209690741,-1.62950445073407,0.0,0,2.0,0.1508996053339875,0.2335158362745711,0,1,1,0.0,1.0,0.0,1.0,1.0,1.1754099582991104
0.9631483547582466,-1.62950445073407,2.0,0,3.0,-1.677338903167786,-0.8200884132998829,0,1,1,2.0,0.0,0.0,0.0,0.0,-1.3702272914858324
-1.1418799966963948,0.9111901578820688,1.0,0,2.0,0.5706659422006184,0.915470993233475,0,1,0,0.0,1.0,0.0,1.0,1.0,1.6845374082560989
0.9631483547582466,0.62889075692472,0.0,0,3.0,0.9626791328281336,-0.897693519536855,0,0,0,1.0,0.0,0.0,0.0,0.0,0.1571550583851332
0.9631483547582466,0.9111901578820688,0.0,1,2.0,0.5862770869601213,-0.9026567697736434,0,1,0,1.0,0.0,0.0,0.0,1.0,0.1571550583851332
-0.0893658209690741,-1.0649056488193729,0.0,1,2.0,0.2827270499697888,0.3152379242747777,1,1,1,0.0,0.0,1.0,0.0,1.0,1.1754099582991104
0.4368912668945862,0.0642919550100224,0.0,0,0.0,1.1049140073036037,-0.101469246527284,1,1,0,1.0,0.0,0.0,0.0,1.0,0.6662825083421218
-1.1418799966963948,1.1934895588394174,1.0,1,1.0,-0.2619284449728645,0.3834883330608447,0,0,0,0.0,1.0,0.0,1.0,1.0,0.6662825083421218
0.4368912668945862,0.62889075692472,0.0,0,2.0,0.7458576778350392,-0.4234629646540432,0,0,0,1.0,0.0,1.0,1.0,1.0,0.6662825083421218
-0.0893658209690741,0.0642919550100224,0.0,1,1.0,0.7857528255537682,0.3987440377057195,0,1,0,1.0,1.0,1.0,0.0,1.0,0.6662825083421218
1.489405442621907,-1.62950445073407,0.0,0,2.0,-0.8291333712347999,-0.9213204204336404,1,0,0,0.0,0.0,0.0,0.0,0.0,-0.861099841528844
-0.6156229088327345,0.62889075692472,1.0,0,3.0,-0.1006132824580021,0.2167048274080298,0,0,0,0.0,0.0,0.0,1.0,0.0,0.1571550583851332
-0.6156229088327345,1.1934895588394174,0.0,1,2.0,1.156951156501946,0.8650608387547583,1,1,0,1.0,0.0,0.0,0.0,1.0,0.6662825083421218
0.9631483547582466,0.9111901578820688,0.0,1,2.0,0.4266964960852039,-0.8586050649070333,0,0,0,1.0,0.0,0.0,0.0,0.0,-0.3519723915718554
0.9631483547582466,-1.0649056488193729,0.0,0,3.0,-1.6530549002085593,-0.8462998638591431,0,0,0,2.0,0.0,0.0,0.0,0.0,-1.3702272914858324
-1.6681370845600552,-1.3472050497767214,2.0,0,0.0,-1.6513203285686144,-0.3005024426587698,0,1,1,2.0,0.0,0.0,0.0,0.0,-1.3702272914858324
-1.6681370845600552,-1.3472050497767214,2.0,1,1.0,1.2055191624203996,2.512379602829455,1,1,0,1.0,1.0,1.0,1.0,0.0,1.1754099582991104
-1.1418799966963948,1.1934895588394174,2.0,0,1.0,-1.675604331527841,-0.4986893703167019,1,0,0,2.0,0.0,0.0,0.0,0.0,-1.3702272914858324
-0.0893658209690741,-0.7826062478620239,2.0,0,1.0,-1.6599931867683384,-0.6308444849165326,0,1,0,2.0,0.0,0.0,0.0,0.0,-1.3702272914858324
-1.6681370845600552,-0.7826062478620239,2.0,1,2.0,1.4674394800520578,2.576192820159591,0,1,1,1.0,0.0,1.0,1.0,1.0,1.6845374082560989
0.4368912668945862,-0.7826062478620239,0.0,1,2.0,0.5012830766028281,-0.0938757023862069,0,0,0,1.0,0.0,1.0,0.0,0.0,-0.3519723915718554
0.9631483547582466,0.9111901578820688,0.0,0,3.0,-1.6877463330074542,-0.9326421202825352,0,0,1,2.0,0.0,0.0,0.0,0.0,-1.3702272914858324
-1.6681370845600552,-1.0649056488193729,2.0,0,3.0,-0.3209038807309863,0.9547652969514586,0,1,1,0.0,1.0,1.0,0.0,1.0,1.1754099582991104
-0.0893658209690741,-1.0649056488193729,0.0,1,1.0,0.6261722346788509,0.2609852534837085,1,1,0,1.0,0.0,0.0,0.0,0.0,-0.3519723915718554
0.9631483547582466,0.9111901578820688,0.0,1,2.0,0.4284310677251485,-0.9047381327761675,0,0,0,1.0,0.0,0.0,0.0,0.0,-0.3519723915718554
-1.6681370845600552,-1.0649056488193729,2.0,1,2.0,0.5862770869601213,1.872920846515494,0,1,1,1.0,0.0,1.0,0.0,1.0,0.1571550583851332
0.9631483547582466,0.9111901578820688,0.0,1,2.0,0.4093507796857563,-0.904989726106143,0,0,0,1.0,0.0,0.0,0.0,0.0,-0.3519723915718554
0.9631483547582466,-0.5003068469046751,1.0,0,3.0,-0.9835102471898832,-0.7708218648665088,0,0,0,0.0,1.0,1.0,1.0,0.0,0.1571550583851332
-0.0893658209690741,-0.2180074459473263,0.0,0,1.0,-0.600169914762092,-0.18508972056276,0,1,1,0.0,0.0,0.0,1.0,0.0,0.1571550583851332
0.9631483547582466,0.62889075692472,0.0,1,3.0,-0.7944419384359047,-0.8973275656023453,0,0,0,0.0,0.0,0.0,0.0,0.0,-0.861099841528844
-1.6681370845600552,-1.0649056488193729,2.0,1,1.0,-1.5142891690129787,-0.1487230483208544,0,1,0,2.0,0.0,0.0,0.0,0.0,-1.3702272914858324
0.9631483547582466,0.9111901578820688,0.0,1,3.0,-0.6348613475609871,-0.8889792414713418,0,0,0,0.0,0.0,1.0,0.0,0.0,-0.3519723915718554
0.4368912668945862,-0.5003068469046751,0.0,1,2.0,0.6088265182794033,-0.2526082214798075,1,0,0,1.0,0.0,1.0,0.0,1.0,0.1571550583851332
-0.0893658209690741,-1.62950445073407,0.0,1,2.0,1.266229169818466,0.618247782048844,0,1,0,1.0,0.0,1.0,1.0,0.0,1.1754099582991104
-0.0893658209690741,-0.7826062478620239,1.0,1,0.0,-1.6582586151283931,-0.6294264134203074,0,1,1,2.0,0.0,0.0,0.0,0.0,-1.3702272914858324
0.9631483547582466,-0.7826062478620239,0.0,1,1.0,-1.6599931867683384,-0.8414967184687028,0,1,1,2.0,0.0,0.0,0.0,0.0,-1.3702272914858324
0.9631483547582466,1.1934895588394174,0.0,1,2.0,-0.7718925071166229,-0.9205656404437138,0,0,0,0.0,0.0,0.0,0.0,0.0,-0.861099841528844
-1.1418799966963948,-0.7826062478620239,1.0,0,3.0,-0.6209847744414291,0.3942153577661614,0,1,1,0.0,1.0,1.0,1.0,0.0,0.6662825083421218
0.9631483547582466,0.62889075692472,0.0,0,3.0,-1.1673748410240274,-0.8777032858642604,0,0,0,0.0,1.0,0.0,0.0,1.0,-0.3519723915718554
1.489405442621907,-1.62950445073407,0.0,1,2.0,-0.4596696119265668,-0.9164486586804792,0,0,0,0.0,0.0,0.0,0.0,0.0,-0.3519723915718554
-1.6681370845600552,-0.7826062478620239,0.0,1,2.0,1.2974514593374713,2.397721660723371,1,1,0,1.0,0.0,1.0,1.0,0.0,1.1754099582991104
0.9631483547582466,1.4757889597967662,0.0,1,2.0,0.1300847456546506,-0.9086721375721472,1,0,0,1.0,0.0,0.0,0.0,0.0,-0.861099841528844
0.9631483547582466,1.1934895588394174,1.0,1,3.0,-1.6808080464476751,-0.9097699993756764,0,0,0,2.0,0.0,0.0,0.0,0.0,-1.3702272914858324
-0.6156229088327345,1.4757889597967662,1.0,0,3.0,-1.6513203285686144,-0.5986634108005822,0,1,1,2.0,0.0,0.0,0.0,0.0,-1.3702272914858324
-0.6156229088327345,1.4757889597967662,0.0,1,2.0,1.0840991476242667,0.7124809201851026,0,0,0,1.0,0.0,1.0,0.0,0.0,0.6662825083421218
-1.1418799966963948,1.4757889597967662,0.0,1,2.0,0.981759420867526,1.2168798025440613,1,0,0,1.0,0.0,0.0,0.0,0.0,0.1571550583851332
0.4368912668945862,0.0642919550100224,0.0,1,1.0,-0.2202987256141904,-0.4413718353241136,0,0,0,0.0,0.0,0.0,0.0,1.0,0.1571550583851332
-1.6681370845600552,-0.7826062478620239,2.0,1,0.0,0.433634782644983,1.674139243713984,0,1,1,0.0,0.0,1.0,1.0,1.0,1.6845374082560989
0.9631483547582466,0.62889075692472,0.0,1,1.0,0.2376281873312253,-0.8364648518691938,0,1,0,1.0,0.0,0.0,0.0,0.0,-0.861099841528844
-0.6156229088327345,-1.62950445073407,2.0,1,0.0,-0.0607181347392725,0.5219104087891545,0,0,0,0.0,0.0,0.0,0.0,1.0,0.1571550583851332
-0.6156229088327345,-1.0649056488193729,1.0,1,0.0,-0.2775395897323674,0.3470073002144048,1,1,0,0.0,0.0,1.0,1.0,1.0,1.1754099582991104
0.9631483547582466,-1.0649056488193729,0.0,1,2.0,-0.2428481569334722,-0.6264987819442294,0,0,0,0.0,0.0,1.0,1.0,1.0,0.6662825083421218
-1.1418799966963948,0.62889075692472,2.0,1,3.0,0.062436451696805,0.7646293558527408,0,1,1,0.0,1.0,1.0,0.0,1.0,1.1754099582991104
-1.6681370845600552,0.9111901578820688,2.0,0,0.0,1.470908623331947,2.259413945599596,0,1,1,1.0,1.0,1.0,0.0,1.0,1.6845374082560989
-0.6156229088327345,-1.62950445073407,0.0,1,0.0,0.95400627462841,1.1691685583323537,0,1,1,1.0,0.0,0.0,0.0,0.0,0.1571550583851332
0.9631483547582466,1.1934895588394174,0.0,1,2.0,0.2254861858516122,-0.90741417092227,1,1,0,1.0,0.0,0.0,0.0,0.0,-0.861099841528844
0.4368912668945862,1.1934895588394174,0.0,1,2.0,0.8187096867127187,-0.3008912687141865,1,0,0,1.0,0.0,0.0,0.0,0.0,0.1571550583851332
-1.6681370845600552,-1.3472050497767214,2.0,1,2.0,1.6513040738862017,2.912573102336764,0,1,1,1.0,1.0,1.0,1.0,1.0,2.193664858213088
-0.0893658209690741,0.62889075692472,0.0,1,0.0,-1.1760476992237512,-0.5512495041606637,0,1,0,0.0,0.0,0.0,0.0,0.0,-0.861099841528844
0.9631483547582466,-1.3472050497767214,0.0,0,2.0,-0.4631387552064563,-0.7154484601510036,1,0,0,0.0,1.0,0.0,0.0,0.0,-0.3519723915718554
1.489405442621907,-1.62950445073407,0.0,0,0.0,-1.6704006166080068,-0.9324133990734668,0,0,0,2.0,0.0,0.0,0.0,0.0,-1.3702272914858324
-1.6681370845600552,-0.5003068469046751,2.0,1,2.0,1.5697792068087986,2.6522197500539897,0,1,1,1.0,1.0,1.0,1.0,1.0,2.193664858213088
0.4368912668945862,1.1934895588394174,0.0,1,2.0,-0.5828241983626444,-0.6161377111734223,0,1,0,0.0,0.0,0.0,0.0,0.0,-0.861099841528844
-1.1418799966963948,-0.7826062478620239,2.0,1,1.0,-1.5073508824531996,-0.2490630427392443,0,0,0,2.0,0.0,0.0,0.0,0.0,-1.3702272914858324
-0.0893658209690741,-1.62950445073407,0.0,1,2.0,0.8065676852331056,0.5997899804770089,0,0,0,1.0,1.0,0.0,0.0,0.0,0.1571550583851332
-0.6156229088327345,1.1934895588394174,1.0,0,0.0,-0.7927073667959601,-0.1223514929152461,0,0,1,0.0,1.0,0.0,0.0,1.0,0.1571550583851332
0.9631483547582466,0.9111901578820688,0.0,0,3.0,-0.8846396637130322,-0.8744783168163932,0,0,0,0.0,1.0,1.0,0.0,1.0,0.1571550583851332
0.9631483547582466,1.4757889597967662,0.0,1,2.0,0.1769181799331588,-0.908054590307662,1,0,0,1.0,0.0,1.0,0.0,0.0,-0.3519723915718554
-1.1418799966963948,0.62889075692472,1.0,0,1.0,-1.654789471848504,-0.4528307678984499,0,1,1,2.0,0.0,0.0,0.0,0.0,-1.3702272914858324
-1.1418799966963948,0.3465913559673712,1.0,1,2.0,0.9331914149490724,1.2714755551487336,0,0,0,1.0,1.0,1.0,0.0,0.0,0.6662825083421218
0.4368912668945862,1.1934895588394174,0.0,1,2.0,0.2220170425717224,-0.5112919089363813,1,0,0,1.0,0.0,0.0,1.0,0.0,-0.3519723915718554
0.4368912668945862,1.1934895588394174,0.0,1,3.0,-0.6626144938001034,-0.6120436015310946,0,0,0,0.0,0.0,0.0,0.0,0.0,-0.861099841528844
0.9631483547582466,0.62889075692472,0.0,0,2.0,-0.6019044864020369,-0.9183241725948418,0,0,0,0.0,0.0,1.0,0.0,0.0,-0.3519723915718554
0.9631483547582466,0.9111901578820688,0.0,1,2.0,0.0364178770976336,-0.9099072321011176,0,1,0,1.0,0.0,0.0,0.0,0.0,-0.861099841528844
0.4368912668945862,-0.5003068469046751,2.0,0,3.0,-1.675604331527841,-0.7628623667909219,0,0,0,2.0,0.0,0.0,0.0,0.0,-1.3702272914858324
-0.0893658209690741,1.4757889597967662,0.0,0,3.0,-0.7666887921967888,-0.4167614332283335,0,0,1,0.0,1.0,0.0,0.0,1.0,0.1571550583851332
-0.6156229088327345,-0.7826062478620239,0.0,1,1.0,0.23936275897117,0.6816950454444707,0,0,0,1.0,0.0,0.0,1.0,0.0,-0.3519723915718554
0.9631483547582466,-0.2180074459473263,0.0,0,3.0,0.9401297015088516,-0.6415943817427563,0,0,0,1.0,0.0,0.0,0.0,0.0,0.1571550583851332
0.4368912668945862,-0.5003068469046751,0.0,1,2.0,-0.7927073667959601,-0.5889427594151672,1,0,0,0.0,0.0,0.0,0.0,0.0,-0.861099841528844
-1.1418799966963948,-0.5003068469046751,2.0,0,2.0,0.8967654105102327,1.6319173085199226,1,0,0,1.0,1.0,0.0,0.0,1.0,0.6662825083421218
0.9631483547582466,1.1934895588394174,0.0,0,3.0,0.2567084753706175,-0.9070024727459466,0,0,0,1.0,1.0,0.0,0.0,0.0,-0.3519723915718554
-0.0893658209690741,1.4757889597967662,0.0,1,2.0,0.8898271239504536,0.0942246199518005,1,1,0,1.0,0.0,0.0,0.0,0.0,0.1571550583851332
-0.0893658209690741,1.4757889597967662,0.0,0,2.0,0.5342399377617786,-0.0970549271922602,0,1,1,1.0,0.0,1.0,0.0,0.0,0.1571550583851332
0.9631483547582466,1.4757889597967662,0.0,1,2.0,0.2428319022510597,-0.9071854497132014,0,0,0,1.0,0.0,0.0,1.0,0.0,-0.3519723915718554
-0.6156229088327345,0.62889075692472,0.0,0,2.0,-0.4163053209279479,0.0577664592262674,0,1,0,0.0,1.0,0.0,1.0,0.0,0.6662825083421218
-1.6681370845600552,-1.3472050497767214,2.0,1,0.0,0.5654622272807844,1.7970540214674435,0,1,1,0.0,1.0,0.0,1.0,1.0,1.6845374082560989
-0.6156229088327345,-0.2180074459473263,1.0,1,0.0,0.789221968833658,0.8764968992081876,0,1,0,1.0,0.0,0.0,0.0,0.0,0.1571550583851332
-1.6681370845600552,-0.2180074459473263,2.0,1,0.0,1.4882543397313943,2.513889162809307,0,1,0,1.0,1.0,1.0,1.0,0.0,1.6845374082560989
-0.0893658209690741,0.62889075692472,0.0,1,2.0,0.7493268211149284,0.0631642797602861,1,0,0,1.0,0.0,1.0,0.0,0.0,0.1571550583851332
0.9631483547582466,1.1934895588394174,0.0,0,0.0,-1.4952088809735864,-0.930103314861874,0,0,0,0.0,0.0,0.0,0.0,0.0,-1.3702272914858324
-1.6681370845600552,1.4757889597967662,1.0,1,1.0,1.6356929291266988,2.3216947308289724,0,0,0,1.0,1.0,1.0,1.0,1.0,2.193664858213088
-1.6681370845600552,-1.0649056488193729,1.0,1,2.0,-0.3972250328885554,0.881620254291324,1,0,0,0.0,1.0,1.0,0.0,0.0,0.6662825083421218
0.9631483547582466,0.9111901578820688,0.0,0,1.0,-1.647851185288725,-0.8982195783177128,0,0,1,2.0,0.0,0.0,0.0,0.0,-1.3702272914858324
0.4368912668945862,1.4757889597967662,0.0,1,0.0,1.0390002849857023,-0.43579103782284,0,0,0,1.0,0.0,0.0,1.0,0.0,0.6662825083421218
0.4368912668945862,-0.2180074459473263,0.0,1,2.0,0.7094316733961988,-0.1915625307794011,0,0,0,1.0,0.0,0.0,0.0,1.0,0.1571550583851332
-0.0893658209690741,0.3465913559673712,0.0,1,2.0,0.9210494134694596,0.2724441860580449,1,1,0,1.0,0.0,0.0,0.0,0.0,0.1571550583851332
-0.6156229088327345,1.4757889597967662,2.0,0,0.0,-1.647851185288725,-0.6013394489466847,0,1,0,2.0,0.0,0.0,0.0,0.0,-1.3702272914858324
0.9631483547582466,0.9111901578820688,0.0,1,2.0,-0.5446636222838598,-0.9175693926049152,0,0,0,0.0,0.0,0.0,0.0,1.0,-0.3519723915718554
-1.1418799966963948,-0.7826062478620239,2.0,1,2.0,0.6313759495986848,1.2956742590681902,0,1,0,0.0,1.0,1.0,1.0,0.0,1.6845374082560989
-0.0893658209690741,1.4757889597967662,0.0,1,2.0,0.2445664738910044,-0.1590155027289409,0,0,0,1.0,0.0,0.0,0.0,0.0,-0.861099841528844
0.9631483547582466,0.62889075692472,0.0,0,3.0,0.9626791328281336,-0.897693519536855,0,0,0,1.0,0.0,0.0,0.0,0.0,0.1571550583851332
0.9631483547582466,1.1934895588394174,0.0,1,2.0,-0.2688667315326436,-0.9139327253807248,0,0,0,0.0,0.0,0.0,0.0,0.0,-0.3519723915718554
0.9631483547582466,-1.0649056488193729,0.0,1,2.0,-0.4267127507676163,-0.6757653303776034,1,0,0,0.0,1.0,0.0,0.0,0.0,-0.3519723915718554
-1.6681370845600552,0.3465913559673712,1.0,1,2.0,1.1187905804231617,1.9924276782538315,0,0,1,1.0,0.0,0.0,1.0,0.0,0.6662825083421218
-0.6156229088327345,1.4757889597967662,1.0,0,1.0,0.9401297015088516,0.7013421973034624,1,1,0,1.0,1.0,1.0,0.0,0.0,0.6662825083421218
0.9631483547582466,0.9111901578820688,0.0,1,2.0,0.9262531283892934,-0.8981738340758991,0,0,0,1.0,0.0,0.0,0.0,0.0,0.1571550583851332
0.9631483547582466,1.1934895588394174,0.0,1,2.0,0.3972087782061427,-0.905149830952491,0,0,1,1.0,0.0,0.0,0.0,0.0,-0.3519723915718554
-0.0893658209690741,0.3465913559673712,0.0,1,1.0,0.7840182539138236,0.2460040142897159,1,0,0,1.0,1.0,0.0,0.0,0.0,0.1571550583851332
-0.0893658209690741,-1.0649056488193729,1.0,1,3.0,0.2081404694521646,0.1587240009091426,0,1,1,0.0,0.0,0.0,1.0,1.0,1.1754099582991104
0.9631483547582466,-1.62950445073407,0.0,1,2.0,1.1396054401024986,-0.4246523149411998,0,0,0,1.0,0.0,0.0,1.0,0.0,0.6662825083421218
-0.6156229088327345,0.3465913559673712,1.0,1,1.0,-0.7909727951560152,-0.0041254999476925,0,1,1,0.0,0.0,1.0,1.0,0.0,0.1571550583851332
0.4368912668945862,0.62889075692472,0.0,1,1.0,0.2567084753706175,-0.4165555841401718,1,0,0,1.0,0.0,1.0,0.0,0.0,-0.3519723915718554
0.9631483547582466,1.1934895588394174,0.0,0,2.0,0.7614688225945415,-0.8278191901664012,0,1,1,1.0,1.0,1.0,0.0,0.0,0.6662825083421218
0.9631483547582466,-0.2180074459473263,0.0,1,2.0,0.234159044051336,-0.8035747420051307,0,1,0,1.0,0.0,0.0,0.0,0.0,-0.861099841528844
0.9631483547582466,-0.2180074459473263,0.0,1,0.0,0.9609445611881886,-0.6466948647049858,1,1,0,1.0,0.0,0.0,0.0,0.0,0.1571550583851332
0.9631483547582466,0.9111901578820688,0.0,0,2.0,0.4457767841245961,-0.868508693259703,0,0,0,1.0,0.0,0.0,0.0,0.0,-0.3519723915718554
-1.1418799966963948,0.3465913559673712,0.0,1,2.0,0.6053573749995135,1.043211788498282,0,0,0,1.0,0.0,1.0,0.0,0.0,0.1571550583851332
-0.0893658209690741,1.1934895588394174,0.0,1,0.0,0.7684071091543206,0.0511106720423716,0,0,0,1.0,1.0,0.0,0.0,0.0,0.1571550583851332
0.9631483547582466,-1.3472050497767214,0.0,1,1.0,-1.3373628617386135,-0.767070837037784,1,0,0,0.0,0.0,1.0,0.0,0.0,-0.861099841528844
-0.6156229088327345,0.9111901578820688,0.0,1,3.0,0.1196773158149816,0.3609821660884954,0,1,1,0.0,1.0,1.0,0.0,1.0,1.1754099582991104
-0.6156229088327345,0.3465913559673712,1.0,1,3.0,-1.677338903167786,-0.5574707210473293,0,0,0,2.0,0.0,0.0,0.0,0.0,-1.3702272914858324
-0.0893658209690741,1.1934895588394174,0.0,0,0.0,0.267115905210286,-0.1369896502956358,0,0,0,1.0,0.0,0.0,0.0,0.0,-0.861099841528844
-0.0893658209690741,1.4757889597967662,0.0,1,2.0,1.108383150583493,0.1249876225715257,0,1,1,1.0,1.0,0.0,0.0,1.0,1.1754099582991104
0.9631483547582466,-0.7826062478620239,0.0,0,2.0,1.1604202997818356,-0.5844140794756091,1,0,0,1.0,0.0,0.0,1.0,0.0,0.6662825083421218
0.9631483547582466,-0.5003068469046751,0.0,1,2.0,0.7701416807942654,-0.7029831542567655,0,0,0,1.0,0.0,1.0,0.0,0.0,0.1571550583851332
0.9631483547582466,-0.5003068469046751,0.0,1,2.0,0.7579996793146523,-0.6629569426697625,0,1,1,1.0,0.0,1.0,0.0,1.0,0.6662825083421218
0.9631483547582466,0.3465913559673712,0.0,0,2.0,0.2653813335703413,-0.7522268305692326,0,0,0,1.0,0.0,0.0,0.0,0.0,-0.861099841528844
0.9631483547582466,-0.2180074459473263,0.0,1,2.0,0.6157648048391824,-0.7943115330378528,0,0,0,1.0,0.0,0.0,0.0,0.0,-0.3519723915718554
0.9631483547582466,-0.5003068469046751,0.0,1,0.0,0.8898271239504536,-0.696075773742894,0,0,0,1.0,0.0,0.0,0.0,0.0,0.1571550583851332
0.4368912668945862,0.3465913559673712,0.0,1,3.0,-1.677338903167786,-0.7633884255717798,0,0,0,2.0,0.0,0.0,0.0,0.0,-1.3702272914858324
-1.6681370845600552,-1.3472050497767214,2.0,1,1.0,0.1925293246926617,1.4962627594213425,1,1,0,0.0,0.0,0.0,1.0,0.0,0.6662825083421218
0.9631483547582466,0.62889075692472,0.0,1,2.0,-0.5932316282023131,-0.9182098119903076,0,0,0,0.0,0.0,0.0,0.0,1.0,-0.3519723915718554
0.9631483547582466,1.4757889597967662,0.0,0,3.0,-1.6530549002085593,-0.924614005844228,0,0,0,2.0,0.0,0.0,0.0,0.0,-1.3702272914858324
-1.6681370845600552,1.1934895588394174,1.0,1,2.0,1.321735462296698,2.0051217053571384,1,0,0,1.0,0.0,0.0,1.0,1.0,1.1754099582991104
-1.6681370845600552,1.1934895588394174,2.0,0,1.0,1.044203999905537,1.903134918233455,0,0,0,1.0,1.0,1.0,1.0,0.0,1.1754099582991104
0.9631483547582466,-1.0649056488193729,1.0,1,3.0,-1.1049302619860162,-0.7572815692896484,0,0,1,0.0,1.0,0.0,0.0,1.0,-0.3519723915718554
0.9631483547582466,1.1934895588394174,0.0,1,2.0,0.2358936156912806,-0.9072769381968288,0,1,1,1.0,0.0,1.0,0.0,0.0,-0.3519723915718554
1.489405442621907,-1.62950445073407,0.0,0,3.0,-1.654789471848504,-0.9322075499853052,0,0,0,2.0,0.0,0.0,0.0,0.0,-1.3702272914858324
-1.6681370845600552,-1.3472050497767214,1.0,0,2.0,1.4067294726539912,2.341410499050685,0,0,0,1.0,0.0,1.0,1.0,1.0,1.6845374082560989
-1.6681370845600552,0.0642919550100224,2.0,1,1.0,0.0450907352973574,1.1955629858588688,0,1,0,0.0,1.0,1.0,0.0,1.0,1.1754099582991104
0.4368912668945862,0.3465913559673712,1.0,0,1.0,-0.7458739325174516,-0.569821666337033,0,1,1,0.0,0.0,1.0,1.0,0.0,0.1571550583851332
0.4368912668945862,0.9111901578820688,0.0,1,2.0,1.3460194652559248,-0.3678608387294692,0,0,0,1.0,0.0,1.0,1.0,0.0,1.1754099582991104
-1.1418799966963948,1.1934895588394174,0.0,1,0.0,1.0806300043443768,1.2788632502016488,0,1,0,1.0,0.0,1.0,0.0,0.0,0.6662825083421218
0.9631483547582466,1.1934895588394174,0.0,1,3.0,-0.0919404242582784,-0.8454307232646825,0,0,0,0.0,0.0,0.0,0.0,1.0,0.1571550583851332
0.4368912668945862,-0.7826062478620239,2.0,0,3.0,-1.4795977362140835,-0.6823067569569651,0,0,0,2.0,0.0,0.0,0.0,0.0,-1.3702272914858324
-1.1418799966963948,-1.0649056488193729,2.0,0,3.0,-1.6790734748077305,-0.4163726071729169,0,1,1,2.0,0.0,0.0,0.0,0.0,-1.3702272914858324
-0.6156229088327345,-1.0649056488193729,2.0,0,3.0,-1.6565240434884487,-0.462871628976561,0,0,0,2.0,0.0,0.0,0.0,0.0,-1.3702272914858324
-0.6156229088327345,-1.3472050497767214,1.0,1,0.0,1.293982316057582,1.2647282794812102,0,0,1,1.0,1.0,1.0,0.0,1.0,1.6845374082560989
1.489405442621907,-1.62950445073407,0.0,0,3.0,-0.5793550550827549,-0.9180268350230524,0,0,1,0.0,1.0,0.0,0.0,0.0,-0.3519723915718554
-1.6681370845600552,-1.3472050497767214,2.0,1,1.0,0.6244376630389062,1.8538683698000809,0,1,1,0.0,1.0,0.0,1.0,1.0,1.6845374082560989
0.9631483547582466,0.62889075692472,0.0,1,0.0,0.7510613927548732,-0.8565694461463228,0,1,1,1.0,0.0,0.0,0.0,0.0,0.1571550583851332
-0.6156229088327345,0.62889075692472,0.0,1,2.0,-0.1092861406577259,0.1313460721836323,0,0,0,0.0,0.0,0.0,0.0,0.0,0.1571550583851332
0.9631483547582466,-0.2180074459473263,0.0,0,1.0,-0.4874227581656828,-0.8226043465996373,0,0,0,0.0,1.0,0.0,0.0,1.0,0.1571550583851332
0.4368912668945862,0.0642919550100224,0.0,1,3.0,-1.1430908380648006,-0.6623165232843704,0,1,1,0.0,1.0,1.0,0.0,0.0,-0.3519723915718554
-1.1418799966963948,0.0642919550100224,2.0,0,0.0,-1.4639865914545809,-0.2810611398879398,0,1,0,2.0,0.0,0.0,0.0,0.0,-1.3702272914858324
0.9631483547582466,0.3465913559673712,0.0,0,1.0,-0.5602747670433627,-0.8494562165442897,0,0,0,0.0,0.0,0.0,0.0,0.0,-0.861099841528844
-1.6681370845600552,-1.0649056488193729,1.0,1,0.0,1.2766365996581346,2.3614464769650927,0,0,0,1.0,0.0,1.0,0.0,1.0,1.1754099582991104
-0.6156229088327345,-0.2180074459473263,1.0,0,2.0,-1.4934743093336416,-0.477784251807833,0,1,1,2.0,0.0,0.0,0.0,0.0,-1.3702272914858324
0.4368912668945862,0.0642919550100224,0.0,1,1.0,-1.4743940212942492,-0.75865389654406,0,0,0,2.0,0.0,0.0,0.0,0.0,-1.3702272914858324
0.4368912668945862,0.9111901578820688,0.0,0,2.0,-1.6704006166080068,-0.7980854329874846,0,1,1,2.0,0.0,0.0,0.0,0.0,-1.3702272914858324
-1.1418799966963948,-0.7826062478620239,0.0,1,2.0,0.4024124931259771,1.0576898410323237,1,0,0,1.0,0.0,1.0,0.0,0.0,-0.3519723915718554
0.9631483547582466,-1.0649056488193729,0.0,0,3.0,-0.7961765100758494,-0.7442902046145525,0,0,0,0.0,0.0,0.0,0.0,0.0,-0.861099841528844
-0.6156229088327345,0.62889075692472,0.0,1,2.0,0.9245185567493488,0.8203687145027558,1,1,0,1.0,0.0,1.0,0.0,0.0,0.6662825083421218
-0.0893658209690741,1.1934895588394174,0.0,1,2.0,0.2844616216097335,0.0161620712966912,0,1,0,1.0,0.0,1.0,0.0,0.0,-0.3519723915718554
-0.6156229088327345,-1.62950445073407,1.0,0,3.0,-1.1517636962645246,-0.2074815269305748,0,1,0,0.0,0.0,1.0,1.0,0.0,-0.3519723915718554
0.9631483547582466,-0.5003068469046751,0.0,0,3.0,0.922783985109404,-0.6782126473146373,0,0,1,1.0,0.0,0.0,1.0,0.0,0.6662825083421218
0.9631483547582466,0.0642919550100224,0.0,1,3.0,-1.6634623300482276,-0.8739751301564423,0,0,0,2.0,0.0,0.0,0.0,0.0,-1.3702272914858324
0.9631483547582466,-0.5003068469046751,0.0,1,2.0,0.9071728403499012,-0.570164748150636,0,0,0,1.0,0.0,0.0,1.0,0.0,0.6662825083421218
-1.1418799966963948,-0.7826062478620239,1.0,1,1.0,0.9297222716691832,1.5426245484995456,0,1,1,1.0,0.0,1.0,0.0,1.0,0.6662825083421218
0.9631483547582466,1.4757889597967662,0.0,1,0.0,-0.6227193460813738,-0.918598638045724,0,0,0,0.0,0.0,0.0,0.0,0.0,-0.861099841528844
-1.1418799966963948,0.0642919550100224,1.0,0,2.0,-1.6721351882479514,-0.4199406580343869,0,1,0,2.0,0.0,0.0,0.0,0.0,-1.3702272914858324
-1.1418799966963948,0.9111901578820688,1.0,1,0.0,1.2905131727776922,1.5179455300410445,1,1,0,1.0,0.0,1.0,1.0,0.0,1.1754099582991104
0.4368912668945862,1.4757889597967662,1.0,1,3.0,-0.4735461850461248,-0.5877534091280104,0,0,0,0.0,0.0,1.0,0.0,0.0,-0.3519723915718554
-0.0893658209690741,1.4757889597967662,0.0,1,0.0,0.7371848196353153,0.0913427327175362,0,1,1,1.0,0.0,1.0,1.0,0.0,0.6662825083421218
-1.6681370845600552,-1.0649056488193729,1.0,1,0.0,0.1075353143353685,1.351299257113671,1,1,0,0.0,1.0,1.0,0.0,1.0,1.1754099582991104
-0.0893658209690741,0.0642919550100224,0.0,1,2.0,0.4024124931259771,0.0560281780373462,0,0,1,1.0,0.0,0.0,0.0,1.0,-0.3519723915718554
0.9631483547582466,0.62889075692472,0.0,1,2.0,0.5151596497223864,-0.7503513166548702,0,0,0,1.0,0.0,0.0,1.0,1.0,0.1571550583851332
0.4368912668945862,0.9111901578820688,0.0,0,0.0,0.3538444872075238,-0.5081126841303278,0,0,0,1.0,0.0,0.0,0.0,0.0,-0.3519723915718554
-1.1418799966963948,0.62889075692472,2.0,1,0.0,1.2540871683388526,1.6048595894871085,0,1,1,1.0,1.0,1.0,1.0,1.0,1.6845374082560989
0.4368912668945862,1.4757889597967662,0.0,1,2.0,1.108383150583493,-0.4881681946995469,0,1,0,1.0,0.0,1.0,0.0,1.0,1.1754099582991104
0.9631483547582466,0.0642919550100224,0.0,0,3.0,-1.6495857569286696,-0.8725570586602172,0,0,0,2.0,0.0,0.0,0.0,0.0,-1.3702272914858324
-1.1418799966963948,1.1934895588394174,1.0,1,0.0,-0.2567247300530302,0.4972771345724676,0,1,0,0.0,1.0,1.0,0.0,1.0,0.6662825083421218
0.9631483547582466,1.4757889597967662,0.0,1,2.0,-0.8672939473135846,-0.9218236070935912,0,0,0,0.0,0.0,0.0,0.0,0.0,-0.861099841528844
-0.6156229088327345,1.1934895588394174,0.0,1,2.0,0.9279877000292386,0.7164606692228962,0,1,1,1.0,0.0,1.0,1.0,0.0,0.6662825083421218
-0.6156229088327345,0.62889075692472,1.0,1,2.0,1.0858337192642114,0.7760654163061702,0,1,0,1.0,1.0,0.0,1.0,1.0,1.1754099582991104
0.9631483547582466,1.4757889597967662,0.0,0,0.0,0.062436451696805,-0.9095641502875148,0,0,0,1.0,0.0,0.0,0.0,0.0,-0.861099841528844
-1.6681370845600552,-0.5003068469046751,2.0,1,2.0,1.458766621852334,2.5507818938320703,1,1,0,1.0,0.0,1.0,1.0,1.0,1.6845374082560989
0.9631483547582466,1.1934895588394174,0.0,0,2.0,0.2948690514494024,-0.8720081277584525,0,1,0,1.0,0.0,0.0,1.0,0.0,-0.3519723915718554
-0.0893658209690741,-0.7826062478620239,0.0,1,0.0,-1.4865360227738629,-0.5513867368861048,0,0,0,0.0,0.0,0.0,0.0,0.0,-1.3702272914858324
0.9631483547582466,-1.3472050497767214,0.0,0,3.0,-1.4709248780143598,-0.8430062784485555,0,0,1,0.0,0.0,0.0,0.0,0.0,-1.3702272914858324
-0.0893658209690741,-1.62950445073407,0.0,1,2.0,0.9557408462683544,0.6477299458977852,1,0,0,1.0,0.0,0.0,0.0,0.0,0.1571550583851332
0.9631483547582466,0.0642919550100224,0.0,1,0.0,-1.481332307854028,-0.8945600389726154,1,0,0,0.0,0.0,0.0,0.0,0.0,-1.3702272914858324
-0.6156229088327345,0.3465913559673712,0.0,1,1.0,0.555054797441116,0.5377379164567008,0,0,0,1.0,1.0,1.0,1.0,0.0,0.6662825083421218
-1.6681370845600552,-1.3472050497767214,2.0,0,0.0,1.30785888917714,2.5266518062753343,0,1,0,1.0,1.0,1.0,1.0,1.0,1.6845374082560989
-0.0893658209690741,0.62889075692472,0.0,1,2.0,1.3269391772165329,0.5006393363457757,1,0,0,1.0,0.0,1.0,1.0,0.0,1.1754099582991104
-1.6681370845600552,-1.0649056488193729,2.0,1,1.0,0.4440422124846514,1.6682839807618282,0,1,0,0.0,0.0,1.0,1.0,1.0,1.6845374082560989
-1.6681370845600552,-0.7826062478620239,1.0,1,0.0,-0.3295767389307101,0.940081395329255,0,1,1,0.0,0.0,1.0,1.0,1.0,1.1754099582991104
0.9631483547582466,1.4757889597967662,0.0,1,3.0,-1.6808080464476751,-0.932550631798908,0,0,1,2.0,0.0,0.0,0.0,0.0,-1.3702272914858324
-0.0893658209690741,0.62889075692472,0.0,1,2.0,0.810036828512995,0.1343651921433379,1,0,0,1.0,0.0,0.0,0.0,0.0,0.1571550583851332
0.9631483547582466,-0.2180074459473263,0.0,1,3.0,-0.2914161628519254,-0.751174713007517,0,0,0,0.0,0.0,0.0,0.0,1.0,0.1571550583851332
-1.6681370845600552,-1.3472050497767214,2.0,1,1.0,-0.0485761332596594,1.259582052277167,0,1,1,0.0,1.0,0.0,1.0,1.0,0.6662825083421218
1.489405442621907,-1.62950445073407,0.0,0,3.0,-1.6721351882479514,-0.9324362711943736,0,1,1,2.0,0.0,0.0,0.0,0.0,-1.3702272914858324
0.9631483547582466,-0.5003068469046751,0.0,1,2.0,0.4249619244452592,-0.7653325558488627,0,1,1,1.0,0.0,1.0,0.0,0.0,-0.3519723915718554
0.4368912668945862,-0.7826062478620239,1.0,1,3.0,0.3729247752469165,-0.1803780636559471,0,1,1,0.0,0.0,0.0,1.0,1.0,1.1754099582991104
-0.6156229088327345,0.3465913559673712,0.0,1,2.0,1.5715137784487432,1.2037283330226174,1,0,0,1.0,1.0,1.0,1.0,0.0,1.6845374082560989
0.9631483547582466,-0.2180074459473263,0.0,1,0.0,-0.6331267759210425,-0.8191506563427017,0,0,0,0.0,0.0,0.0,0.0,1.0,-0.3519723915718554
-1.6681370845600552,0.0642919550100224,2.0,0,3.0,-1.6738697598878964,-0.3306707701349167,0,1,0,2.0,0.0,0.0,0.0,0.0,-1.3702272914858324
0.4368912668945862,-0.2180074459473263,0.0,1,1.0,0.7909565404736028,-0.1265828352830151,0,0,0,1.0,0.0,0.0,1.0,0.0,0.1571550583851332
0.9631483547582466,1.1934895588394174,0.0,1,2.0,-1.5420423152520948,-0.9307208621263592,0,1,0,0.0,0.0,0.0,0.0,0.0,-1.3702272914858324
-1.6681370845600552,-0.5003068469046751,2.0,1,3.0,-0.0346995601401012,1.1526777591585082,0,0,0,0.0,1.0,1.0,0.0,1.0,0.6662825083421218
-1.1418799966963948,1.1934895588394174,0.0,1,2.0,1.0702225745047085,1.132458804276845,0,1,0,1.0,1.0,1.0,1.0,0.0,1.1754099582991104
0.9631483547582466,0.62889075692472,0.0,0,0.0,0.4093507796857563,-0.8659698878390417,0,1,0,1.0,0.0,1.0,1.0,0.0,0.1571550583851332
0.9631483547582466,0.0642919550100224,1.0,1,1.0,-1.1240105500254085,-0.8272931313855434,0,0,0,0.0,0.0,0.0,1.0,1.0,-0.3519723915718554
-0.6156229088327345,-0.5003068469046751,1.0,1,1.0,-0.1856072928152953,0.3377669633680337,0,0,0,0.0,1.0,1.0,0.0,1.0,0.6662825083421218
-1.6681370845600552,-0.5003068469046751,1.0,0,0.0,0.5741350854805082,1.73394983988542,0,1,1,1.0,1.0,0.0,1.0,0.0,0.1571550583851332
-0.6156229088327345,0.62889075692472,1.0,1,1.0,0.3625173454072475,0.527491206290428,0,1,1,0.0,1.0,1.0,1.0,0.0,1.1754099582991104
-0.6156229088327345,0.3465913559673712,0.0,0,2.0,-0.4249781791276717,0.1663632892920333,1,0,0,0.0,0.0,0.0,1.0,0.0,-0.3519723915718554
-1.1418799966963948,0.62889075692472,0.0,1,2.0,-0.65047249232049,0.2254419775944498,1,0,0,0.0,0.0,1.0,0.0,0.0,0.1571550583851332
0.4368912668945862,-1.3472050497767214,0.0,1,2.0,0.5966845167997897,-0.0843380279680467,0,1,0,1.0,0.0,0.0,0.0,0.0,-0.3519723915718554
0.9631483547582466,1.1934895588394174,0.0,0,1.0,0.4249619244452592,-0.9047838770179812,0,0,0,1.0,0.0,0.0,0.0,0.0,-0.3519723915718554
-0.0893658209690741,-0.7826062478620239,0.0,1,2.0,0.981759420867526,0.5147743070662146,0,0,0,1.0,0.0,0.0,0.0,1.0,0.6662825083421218
-1.6681370845600552,-0.2180074459473263,2.0,1,0.0,1.427544332333328,2.493281381872228,0,1,1,1.0,1.0,0.0,1.0,1.0,1.6845374082560989
0.9631483547582466,0.0642919550100224,0.0,0,2.0,1.153482013222057,-0.7649208576725393,0,1,1,1.0,0.0,0.0,1.0,0.0,0.6662825083421218
0.4368912668945862,0.0642919550100224,0.0,1,2.0,0.2966036230893471,-0.3772384083012813,1,1,0,1.0,0.0,1.0,0.0,0.0,-0.3519723915718554
-1.6681370845600552,0.0642919550100224,1.0,1,0.0,-0.6435342057607109,0.5778784886482381,0,0,0,0.0,1.0,0.0,1.0,1.0,0.6662825083421218
0.4368912668945862,-1.0649056488193729,0.0,1,2.0,-1.6825426180876202,-0.7701357012393031,0,0,1,2.0,0.0,0.0,0.0,0.0,-1.3702272914858324
0.4368912668945862,-0.5003068469046751,0.0,0,3.0,-0.7718925071166229,-0.4908442328456494,0,0,1,0.0,0.0,0.0,0.0,0.0,-0.861099841528844
1.489405442621907,-1.62950445073407,0.0,0,1.0,0.2324244724113908,-0.9073226824386428,0,1,1,1.0,0.0,1.0,0.0,0.0,-0.3519723915718554
-1.1418799966963948,-0.7826062478620239,0.0,1,1.0,1.2696983130983557,1.7672287758048997,0,1,0,1.0,0.0,1.0,1.0,0.0,1.1754099582991104
0.9631483547582466,1.1934895588394174,0.0,1,2.0,0.3694556319670267,-0.8730373731992612,1,0,0,1.0,0.0,0.0,1.0,0.0,-0.3519723915718554
0.9631483547582466,-0.7826062478620239,0.0,1,2.0,0.2289553291315015,-0.6624537560098115,0,1,0,1.0,1.0,0.0,0.0,0.0,-0.3519723915718554
-1.1418799966963948,0.9111901578820688,1.0,0,1.0,-0.3451878836902127,0.4502063097461519,0,0,0,0.0,1.0,0.0,1.0,1.0,0.6662825083421218
0.9631483547582466,0.9111901578820688,0.0,1,2.0,0.0849858830160865,-0.8778405185897016,1,0,0,1.0,0.0,0.0,0.0,0.0,-0.861099841528844
0.4368912668945862,0.3465913559673712,0.0,0,3.0,-0.4041633194483345,-0.4977973576013346,0,0,0,0.0,1.0,0.0,0.0,0.0,-0.3519723915718554
-1.6681370845600552,-1.0649056488193729,1.0,1,0.0,0.1734490366532695,1.4096460375470676,1,1,1,0.0,0.0,1.0,1.0,1.0,1.1754099582991104
0.4368912668945862,-0.2180074459473263,0.0,0,3.0,-1.6495857569286696,-0.7389838725641613,0,1,1,2.0,0.0,0.0,0.0,0.0,-1.3702272914858324
-1.1418799966963948,0.3465913559673712,0.0,0,2.0,0.5619930840008945,1.0478090848005603,0,1,0,1.0,1.0,0.0,0.0,0.0,0.1571550583851332
-1.6681370845600552,0.3465913559673712,2.0,1,3.0,-1.6704006166080068,-0.326416555646241,0,1,1,2.0,0.0,0.0,0.0,0.0,-1.3702272914858324
0.9631483547582466,0.0642919550100224,0.0,1,3.0,-0.4076324627282241,-0.8645289442219096,0,1,1,0.0,0.0,1.0,1.0,0.0,0.1571550583851332
0.9631483547582466,-1.62950445073407,0.0,1,3.0,-1.6860117613675096,-0.8136842194459624,0,0,0,2.0,0.0,0.0,0.0,0.0,-1.3702272914858324
-0.6156229088327345,0.9111901578820688,1.0,1,0.0,-0.4631387552064563,0.08148484860668,0,0,0,0.0,1.0,0.0,0.0,1.0,0.6662825083421218
0.4368912668945862,-0.7826062478620239,0.0,0,2.0,0.794425683753492,-0.0489777290460428,1,1,0,1.0,0.0,0.0,1.0,0.0,0.1571550583851332
-1.1418799966963948,0.3465913559673712,1.0,1,0.0,0.931456843309128,1.4014578182624124,0,0,0,1.0,0.0,1.0,1.0,0.0,0.6662825083421218
0.4368912668945862,-0.2180074459473263,0.0,1,0.0,0.7458576778350392,-0.0855045061342964,0,0,0,1.0,1.0,0.0,1.0,0.0,0.6662825083421218
-1.6681370845600552,0.9111901578820688,2.0,0,3.0,0.0468253069373021,1.093141628437955,0,1,1,0.0,1.0,0.0,1.0,1.0,1.1754099582991104
-1.1418799966963948,0.3465913559673712,0.0,1,0.0,0.8984999821501775,1.231838169617147,1,1,0,1.0,1.0,0.0,1.0,0.0,0.6662825083421218
0.9631483547582466,-0.5003068469046751,0.0,1,3.0,0.4076162080458116,-0.6648324565841248,0,0,0,1.0,1.0,0.0,0.0,0.0,-0.3519723915718554
0.4368912668945862,-1.62950445073407,0.0,1,2.0,-0.4752807566860695,-0.4141540114449516,0,1,0,0.0,1.0,0.0,0.0,1.0,0.1571550583851332
0.9631483547582466,0.9111901578820688,0.0,1,2.0,0.6279068063187955,-0.86576403875088,0,0,0,1.0,0.0,0.0,0.0,0.0,-0.3519723915718554
-1.1418799966963948,-1.0649056488193729,1.0,1,2.0,1.420606045773549,1.9346069566012924,1,1,0,1.0,1.0,1.0,1.0,0.0,1.6845374082560989
0.4368912668945862,-1.0649056488193729,0.0,1,2.0,-1.5073508824531996,-0.7205946873550468,0,1,0,0.0,0.0,0.0,0.0,0.0,-1.3702272914858324
1.489405442621907,-1.62950445073407,0.0,0,3.0,-1.6704006166080068,-0.9324133990734668,0,0,0,2.0,0.0,0.0,0.0,0.0,-1.3702272914858324
-1.1418799966963948,0.62889075692472,0.0,1,2.0,0.9418642731487964,1.294850862715543,1,1,0,1.0,0.0,1.0,1.0,0.0,0.6662825083421218
0.9631483547582466,-0.5003068469046751,0.0,0,2.0,-0.941880527831209,-0.7770430817531744,0,0,0,0.0,0.0,1.0,0.0,0.0,-0.3519723915718554
0.9631483547582466,1.1934895588394174,0.0,1,3.0,0.1196773158149816,-0.9088093702975883,0,0,0,1.0,0.0,0.0,0.0,0.0,-0.861099841528844
0.4368912668945862,-1.62950445073407,0.0,1,0.0,-0.0728601362188861,-0.1731047292075659,0,0,0,0.0,0.0,1.0,0.0,1.0,0.6662825083421218
0.9631483547582466,-1.3472050497767214,0.0,0,3.0,-1.6513203285686144,-0.8285968422772344,0,0,0,2.0,0.0,0.0,0.0,0.0,-1.3702272914858324
0.4368912668945862,1.4757889597967662,0.0,1,2.0,0.2497701888108384,-0.4778986124123673,1,1,0,1.0,0.0,0.0,0.0,0.0,-0.861099841528844
-1.6681370845600552,-1.3472050497767214,2.0,1,0.0,1.470908623331947,2.7029501142254024,0,1,1,1.0,1.0,1.0,1.0,0.0,1.6845374082560989
0.9631483547582466,-1.62950445073407,0.0,1,1.0,0.2029367545323301,-0.5428325636669395,0,0,1,1.0,0.0,0.0,0.0,0.0,-0.861099841528844
-1.1418799966963948,-0.2180074459473263,1.0,1,1.0,-1.1031956903460711,-0.0396001594742307,0,1,1,0.0,0.0,1.0,1.0,0.0,-0.3519723915718554
0.9631483547582466,0.9111901578820688,0.0,0,3.0,-1.668666044968062,-0.93239052695256,0,0,0,2.0,0.0,0.0,0.0,0.0,-1.3702272914858324
0.4368912668945862,-1.62950445073407,0.0,1,2.0,-0.4752807566860695,-0.4141540114449516,0,1,0,0.0,1.0,0.0,0.0,1.0,0.1571550583851332
-1.1418799966963948,-0.5003068469046751,1.0,1,0.0,0.9349259865890172,1.3458556923378384,0,1,0,1.0,0.0,0.0,1.0,0.0,0.6662825083421218
0.9631483547582466,0.0642919550100224,0.0,1,1.0,0.2497701888108384,-0.8176182242419421,0,0,0,1.0,0.0,0.0,0.0,0.0,-0.861099841528844
0.9631483547582466,1.1934895588394174,0.0,0,3.0,-1.6825426180876202,-0.9325735039198148,0,0,0,2.0,0.0,0.0,0.0,0.0,-1.3702272914858324
0.9631483547582466,0.62889075692472,0.0,1,2.0,0.0659055949766943,-0.9095184060457012,0,0,0,1.0,0.0,0.0,0.0,0.0,-0.861099841528844
0.9631483547582466,0.62889075692472,0.0,1,0.0,0.5845425153201766,-0.8202942623880446,0,1,1,1.0,0.0,0.0,0.0,0.0,-0.3519723915718554
0.9631483547582466,-0.5003068469046751,0.0,1,0.0,1.0494077148253715,-0.6818721866597347,0,0,0,1.0,1.0,1.0,1.0,1.0,1.6845374082560989
-0.0893658209690741,1.1934895588394174,2.0,0,1.0,-1.6721351882479514,-0.7084724632744116,0,0,1,2.0,0.0,0.0,0.0,0.0,-1.3702272914858324
0.4368912668945862,-0.7826062478620239,0.0,1,1.0,0.766672537514376,-0.2427732094898581,0,0,0,1.0,0.0,1.0,0.0,0.0,0.1571550583851332
-0.0893658209690741,-1.0649056488193729,1.0,1,3.0,0.4006779214860325,0.2422758585818978,0,0,1,0.0,0.0,1.0,0.0,1.0,1.1754099582991104
-0.0893658209690741,1.4757889597967662,0.0,1,1.0,-0.9453496711110986,-0.5145168779842484,1,1,0,0.0,0.0,0.0,1.0,0.0,-0.3519723915718554
0.9631483547582466,1.1934895588394174,0.0,1,1.0,0.2220170425717224,-0.9074599151640838,0,0,0,1.0,0.0,1.0,0.0,0.0,-0.3519723915718554
0.9631483547582466,-0.7826062478620239,0.0,0,2.0,0.9193148418295148,-0.5493053738835807,0,0,0,1.0,0.0,0.0,0.0,0.0,0.1571550583851332
0.4368912668945862,0.0642919550100224,0.0,1,1.0,-1.519492883932813,-0.7405391767858277,0,0,1,2.0,0.0,0.0,0.0,0.0,-1.3702272914858324
-1.1418799966963948,0.9111901578820688,1.0,0,0.0,1.156951156501946,1.4835001159553154,0,1,1,1.0,0.0,0.0,1.0,0.0,0.6662825083421218
0.9631483547582466,-0.2180074459473263,0.0,1,2.0,0.4162890662455354,-0.7930993106297894,0,0,0,1.0,0.0,0.0,0.0,0.0,-0.3519723915718554
0.9631483547582466,-0.7826062478620239,0.0,1,3.0,0.6001536600796795,-0.6658159577831199,0,0,0,1.0,0.0,0.0,0.0,0.0,-0.3519723915718554
-1.1418799966963948,0.62889075692472,1.0,0,2.0,-0.2983544494117045,0.4375808990055659,0,1,1,0.0,1.0,1.0,1.0,0.0,1.1754099582991104
-0.6156229088327345,0.9111901578820688,0.0,1,2.0,-0.5949661998422577,-0.0213482069905573,0,0,0,0.0,0.0,0.0,1.0,0.0,0.1571550583851332
-0.0893658209690741,-1.0649056488193729,2.0,0,0.0,-1.6443820420088353,-0.5940889866192104,0,1,1,2.0,0.0,0.0,0.0,0.0,-1.3702272914858324
-1.1418799966963948,-0.7826062478620239,0.0,1,2.0,0.8204442583526634,1.5798146170940977,0,1,1,1.0,0.0,1.0,1.0,0.0,0.6662825083421218
-0.6156229088327345,-0.2180074459473263,1.0,1,0.0,0.6018882317196241,0.7529874463111498,0,0,0,0.0,0.0,1.0,1.0,1.0,1.6845374082560989
-1.6681370845600552,-0.5003068469046751,2.0,0,0.0,-1.654789471848504,-0.3117783982658513,0,1,1,2.0,0.0,0.0,0.0,0.0,-1.3702272914858324
0.4368912668945862,-0.5003068469046751,1.0,0,3.0,-0.1058169973778366,-0.3299388622658973,0,0,1,0.0,1.0,0.0,1.0,0.0,0.6662825083421218
-0.0893658209690741,0.62889075692472,0.0,1,2.0,0.6209685197590163,0.1748259740275711,0,1,0,1.0,0.0,1.0,1.0,0.0,0.1571550583851332
0.9631483547582466,0.0642919550100224,0.0,1,2.0,0.2827270499697888,-0.8354127343074783,1,0,0,1.0,0.0,0.0,0.0,0.0,-0.861099841528844
0.9631483547582466,-0.5003068469046751,0.0,1,1.0,0.9210494134694596,-0.60159104227666,1,0,0,1.0,0.0,0.0,1.0,0.0,0.6662825083421218
-1.6681370845600552,-0.5003068469046751,2.0,0,3.0,-1.6651969016881725,-0.3177480218225414,0,1,0,2.0,0.0,0.0,0.0,0.0,-1.3702272914858324
1.489405442621907,-1.62950445073407,0.0,1,2.0,-0.6192502028014845,-0.9185528938039104,0,0,1,0.0,0.0,0.0,0.0,0.0,-0.861099841528844
0.4368912668945862,1.1934895588394174,0.0,1,2.0,-0.8273987995948552,-0.7201829891787233,0,1,0,0.0,0.0,0.0,0.0,0.0,-0.861099841528844
-1.6681370845600552,-1.3472050497767214,2.0,0,0.0,-0.0832675660585546,1.3090315776777957,0,1,0,0.0,1.0,1.0,1.0,1.0,1.6845374082560989
0.9631483547582466,1.4757889597967662,0.0,1,3.0,-1.661727758408283,-0.9227384919298656,0,0,0,2.0,0.0,0.0,0.0,0.0,-1.3702272914858324
0.9631483547582466,0.62889075692472,0.0,1,2.0,0.223751614211667,-0.907437043043177,0,0,1,1.0,0.0,0.0,0.0,0.0,-0.861099841528844
0.9631483547582466,1.1934895588394174,0.0,1,2.0,-0.6053736296819262,-0.9183699168366554,0,0,0,0.0,0.0,0.0,0.0,0.0,-0.861099841528844
0.9631483547582466,-0.2180074459473263,0.0,0,3.0,0.234159044051336,-0.692347618035076,0,0,0,1.0,0.0,0.0,1.0,0.0,-0.3519723915718554
-1.6681370845600552,-0.5003068469046751,2.0,1,0.0,-0.2827433046522016,0.9202970107448224,0,1,1,0.0,1.0,1.0,1.0,0.0,0.6662825083421218
-2.194394172423716,1.4757889597967662,2.0,1,0.0,1.6062052112476382,2.5917916066180684,0,1,1,1.0,1.0,1.0,1.0,1.0,2.193664858213088
0.9631483547582466,0.9111901578820688,0.0,0,3.0,0.0988624561356448,-0.9090838357484708,0,0,0,1.0,0.0,0.0,0.0,0.0,-0.861099841528844
-1.1418799966963948,-1.0649056488193729,1.0,1,3.0,0.0416215920174676,0.932647956034526,0,1,0,0.0,1.0,0.0,0.0,1.0,0.6662825083421218
0.9631483547582466,1.4757889597967662,0.0,1,3.0,-1.6738697598878964,-0.9236991210079536,0,0,0,2.0,0.0,0.0,0.0,0.0,-1.3702272914858324
-1.1418799966963948,-0.5003068469046751,1.0,0,0.0,0.5047522198827179,1.0484723763068595,1,0,0,0.0,1.0,1.0,0.0,1.0,1.6845374082560989
0.9631483547582466,0.0642919550100224,0.0,1,0.0,0.9193148418295148,-0.7643261825289609,0,0,0,1.0,1.0,0.0,1.0,1.0,1.1754099582991104
-0.6156229088327345,-0.2180074459473263,1.0,1,2.0,1.1135868655033274,0.9850937292739536,0,0,0,1.0,0.0,0.0,0.0,1.0,0.6662825083421218
-0.6156229088327345,0.62889075692472,0.0,1,2.0,1.0979757207438243,0.7667564630970788,1,0,0,1.0,0.0,0.0,0.0,1.0,0.6662825083421218
1.489405442621907,-1.62950445073407,0.0,0,0.0,-1.654789471848504,-0.9322075499853052,0,0,0,2.0,0.0,0.0,0.0,0.0,-1.3702272914858324
-0.6156229088327345,-1.62950445073407,2.0,0,1.0,-0.6331267759210425,0.1609425966371078,0,1,0,0.0,0.0,1.0,0.0,0.0,0.1571550583851332
-0.0893658209690741,0.62889075692472,1.0,1,3.0,-1.4934743093336416,-0.5809603892186734,0,0,0,0.0,0.0,0.0,0.0,0.0,-1.3702272914858324
-0.0893658209690741,0.62889075692472,0.0,1,1.0,1.158685728141891,0.3449716814536942,1,1,0,1.0,0.0,0.0,0.0,1.0,0.6662825083421218
-1.1418799966963948,-0.5003068469046751,1.0,0,0.0,1.3408157503360902,1.6949300016183186,0,1,0,1.0,1.0,1.0,0.0,0.0,1.1754099582991104
-1.6681370845600552,-0.5003068469046751,1.0,1,1.0,1.3356120354162564,2.3758787852573207,0,1,0,1.0,1.0,1.0,0.0,1.0,1.6845374082560989
0.9631483547582466,0.9111901578820688,0.0,0,2.0,0.0502944502171914,-0.8217580781260835,1,0,0,1.0,0.0,0.0,0.0,0.0,-0.861099841528844
0.9631483547582466,0.3465913559673712,0.0,0,2.0,-0.4718116134061801,-0.8521093825694853,0,0,0,0.0,0.0,0.0,0.0,0.0,-0.3519723915718554
0.9631483547582466,-0.5003068469046751,0.0,1,0.0,1.2298031653796258,-0.5538569259440457,0,0,0,1.0,1.0,0.0,0.0,1.0,1.1754099582991104
0.9631483547582466,1.1934895588394174,0.0,1,3.0,-1.5073508824531996,-0.91971937197016,1,0,0,0.0,0.0,0.0,0.0,0.0,-1.3702272914858324
0.4368912668945862,0.3465913559673712,0.0,1,2.0,0.4544496423243199,-0.3412148178729786,0,0,1,1.0,0.0,0.0,0.0,0.0,-0.3519723915718554
-1.6681370845600552,0.62889075692472,0.0,1,0.0,1.4188714741336044,2.2983651675039765,1,1,0,1.0,0.0,1.0,1.0,0.0,1.1754099582991104
0.9631483547582466,0.0642919550100224,0.0,1,3.0,-1.1257451216653531,-0.8925701644537187,0,0,0,0.0,1.0,1.0,0.0,0.0,-0.3519723915718554
-0.6156229088327345,-0.7826062478620239,0.0,1,3.0,0.7510613927548732,0.822793159318883,1,0,0,1.0,0.0,0.0,0.0,0.0,0.1571550583851332
-0.0893658209690741,0.0642919550100224,0.0,0,2.0,0.5984190884397349,0.2277291896851357,0,0,0,1.0,0.0,0.0,0.0,1.0,0.1571550583851332
-0.0893658209690741,-1.0649056488193729,0.0,1,0.0,0.7545305360347629,0.504802062350824,0,1,1,1.0,0.0,1.0,0.0,0.0,0.1571550583851332
0.4368912668945862,1.4757889597967662,0.0,0,2.0,0.2966036230893471,-0.4302331124424734,0,0,0,1.0,0.0,0.0,1.0,0.0,-0.3519723915718554
0.4368912668945862,1.1934895588394174,0.0,1,0.0,-0.7805653653163468,-0.7040810160602946,0,0,0,0.0,0.0,0.0,0.0,0.0,-0.861099841528844
0.9631483547582466,1.4757889597967662,0.0,0,2.0,0.4162890662455354,-0.9048982376225156,0,0,0,1.0,0.0,0.0,0.0,0.0,-0.3519723915718554
0.9631483547582466,1.1934895588394174,0.0,1,2.0,0.594949945159845,-0.9025424091691092,1,0,0,1.0,0.0,0.0,0.0,0.0,-0.3519723915718554
0.4368912668945862,0.3465913559673712,0.0,1,0.0,0.2775233350499549,-0.3133565746084246,0,0,0,1.0,0.0,0.0,0.0,1.0,-0.3519723915718554
-0.0893658209690741,-1.62950445073407,0.0,1,1.0,0.978290277587636,0.7267531236309827,0,0,0,1.0,0.0,1.0,0.0,0.0,0.6662825083421218
0.9631483547582466,0.9111901578820688,0.0,1,2.0,0.2445664738910044,-0.9071625775922946,0,0,0,1.0,0.0,0.0,0.0,0.0,-0.861099841528844
0.9631483547582466,0.0642919550100224,0.0,1,0.0,0.5984190884397349,-0.7110798850577935,1,0,0,1.0,1.0,0.0,0.0,0.0,0.1571550583851332
0.4368912668945862,1.1934895588394174,1.0,0,3.0,-1.7033574777669571,-0.8065252456021156,0,1,0,2.0,0.0,0.0,0.0,0.0,-1.3702272914858324
-0.6156229088327345,-1.0649056488193729,2.0,0,3.0,-1.6704006166080068,-0.5073807762613084,0,1,1,2.0,0.0,0.0,0.0,0.0,-1.3702272914858324
-0.0893658209690741,1.1934895588394174,0.0,1,2.0,0.7562651076747076,0.0592302749643065,1,0,0,1.0,0.0,1.0,0.0,0.0,0.1571550583851332
-0.0893658209690741,-1.62950445073407,1.0,0,3.0,0.3937396349262534,0.3905329463001572,0,1,0,0.0,1.0,0.0,1.0,0.0,1.1754099582991104
0.9631483547582466,1.1934895588394174,0.0,1,2.0,-0.8152567981152419,-0.9211374434663854,0,0,1,0.0,0.0,0.0,0.0,0.0,-0.861099841528844
0.9631483547582466,0.3465913559673712,0.0,0,3.0,-1.6669314733281173,-0.912285932675431,0,0,0,2.0,0.0,0.0,0.0,0.0,-1.3702272914858324
0.9631483547582466,-0.5003068469046751,0.0,0,0.0,-1.6565240434884487,-0.8325079749523072,0,0,0,2.0,0.0,0.0,0.0,0.0,-1.3702272914858324
-0.6156229088327345,0.3465913559673712,1.0,0,1.0,0.4353693542849276,0.6028319725576212,0,1,0,0.0,1.0,0.0,0.0,1.0,1.1754099582991104
0.4368912668945862,0.0642919550100224,0.0,0,0.0,0.0381524487375783,-0.4863841692688119,0,0,1,1.0,0.0,0.0,0.0,0.0,-0.861099841528844
0.9631483547582466,1.4757889597967662,0.0,1,2.0,0.9054382687099566,-0.8984482995267814,1,0,0,1.0,0.0,0.0,0.0,0.0,0.1571550583851332
-1.6681370845600552,-0.2180074459473263,2.0,0,1.0,-0.1231627137772842,1.1351577145438547,0,0,0,0.0,1.0,1.0,1.0,1.0,1.6845374082560989
0.4368912668945862,-1.0649056488193729,2.0,0,3.0,-1.6305054688892775,-0.7337690289973975,0,1,1,2.0,0.0,0.0,0.0,0.0,-1.3702272914858324
-1.1418799966963948,-0.2180074459473263,1.0,1,1.0,0.0190721606981861,0.8947259795709541,1,1,0,0.0,1.0,1.0,1.0,1.0,1.1754099582991104
0.4368912668945862,-0.5003068469046751,0.0,1,1.0,0.9713519910278576,-0.1281610116255882,1,0,0,1.0,0.0,0.0,1.0,0.0,0.6662825083421218
-1.6681370845600552,-0.7826062478620239,0.0,1,1.0,1.115321437143272,2.202050666365193,1,1,0,1.0,0.0,0.0,0.0,1.0,0.6662825083421218
0.9631483547582466,0.9111901578820688,0.0,1,2.0,0.943598844788741,-0.8979451128668305,1,1,0,1.0,0.0,0.0,0.0,0.0,0.1571550583851332
-0.0893658209690741,0.9111901578820688,0.0,1,1.0,-0.450996753726843,-0.2529284311725034,0,0,0,0.0,0.0,0.0,0.0,1.0,-0.3519723915718554
0.4368912668945862,0.3465913559673712,0.0,1,2.0,0.7371848196353153,-0.2567023311221351,1,0,0,1.0,0.0,1.0,1.0,0.0,0.6662825083421218
0.9631483547582466,0.0642919550100224,0.0,1,1.0,0.1196773158149816,-0.7055219596774268,0,1,1,0.0,1.0,0.0,1.0,1.0,1.1754099582991104
0.9631483547582466,-1.0649056488193729,0.0,1,2.0,0.7493268211149284,-0.5466293357374783,0,0,0,1.0,0.0,0.0,0.0,0.0,0.1571550583851332
0.9631483547582466,0.0642919550100224,0.0,1,2.0,0.7302465330755362,-0.7789643399093507,0,0,0,1.0,0.0,1.0,0.0,0.0,0.1571550583851332
0.9631483547582466,1.1934895588394174,0.0,1,2.0,0.2705850484901758,-0.854899781320122,0,0,0,1.0,1.0,0.0,0.0,0.0,-0.3519723915718554
-1.6681370845600552,1.4757889597967662,1.0,1,2.0,0.8377899747521109,1.69149918348229,0,0,0,1.0,1.0,1.0,1.0,0.0,0.6662825083421218
-0.6156229088327345,0.9111901578820688,0.0,0,0.0,0.5533202258011708,0.6743530946333689,0,0,0,1.0,0.0,0.0,0.0,0.0,-0.3519723915718554
-0.6156229088327345,0.62889075692472,1.0,1,1.0,0.2358936156912806,0.5167184373432976,0,1,1,0.0,1.0,0.0,0.0,1.0,1.1754099582991104
-1.1418799966963948,-1.3472050497767214,0.0,1,0.0,0.7632033942344867,1.5519335017086369,0,0,0,1.0,0.0,1.0,0.0,0.0,0.1571550583851332
-1.1418799966963948,1.1934895588394174,0.0,0,0.0,0.4544496423243199,0.9275474730722966,0,0,0,1.0,0.0,1.0,0.0,0.0,-0.3519723915718554
-0.6156229088327345,-1.0649056488193729,0.0,1,2.0,0.433634782644983,0.7077235190364759,1,1,0,1.0,0.0,0.0,0.0,0.0,-0.3519723915718554
-1.6681370845600552,0.62889075692472,2.0,1,0.0,-1.477863164574139,-0.1415869465979145,0,1,1,2.0,0.0,0.0,0.0,0.0,-1.3702272914858324
-0.0893658209690741,-0.5003068469046751,0.0,1,2.0,1.0615497163049843,0.4327777536151255,1,1,0,1.0,0.0,0.0,1.0,0.0,0.6662825083421218
-1.6681370845600552,0.0642919550100224,1.0,0,2.0,-1.6426474703688907,-0.3269197423061918,0,0,0,2.0,0.0,0.0,0.0,0.0,-1.3702272914858324
-1.6681370845600552,1.1934895588394174,1.0,0,2.0,0.6122956615592926,1.384486704549523,0,1,0,1.0,0.0,0.0,0.0,0.0,-0.3519723915718554
-1.6681370845600552,-0.5003068469046751,2.0,1,0.0,0.4874065034832703,1.6208700741219093,0,1,1,0.0,0.0,1.0,1.0,1.0,1.6845374082560989
-1.6681370845600552,-0.2180074459473263,2.0,0,1.0,1.5212112008903451,2.494539348522105,0,1,1,1.0,1.0,0.0,1.0,1.0,1.6845374082560989
0.4368912668945862,1.1934895588394174,0.0,1,2.0,-1.4795977362140835,-0.7608267480302116,0,1,1,2.0,0.0,0.0,0.0,0.0,-1.3702272914858324
0.9631483547582466,1.4757889597967662,0.0,0,2.0,0.4162890662455354,-0.9048982376225156,0,0,0,1.0,0.0,0.0,0.0,0.0,-0.3519723915718554
0.9631483547582466,0.62889075692472,0.0,1,2.0,-1.091053688866458,-0.924774110690576,1,0,0,0.0,0.0,0.0,0.0,0.0,-0.861099841528844
0.9631483547582466,0.62889075692472,0.0,1,2.0,-0.5932316282023131,-0.9182098119903076,0,0,0,0.0,0.0,0.0,0.0,1.0,-0.3519723915718554
0.9631483547582466,0.62889075692472,0.0,1,2.0,-1.6270363256093878,-0.9318415960507952,0,1,1,2.0,0.0,0.0,0.0,0.0,-1.3702272914858324
-1.6681370845600552,-0.5003068469046751,0.0,1,1.0,0.4353693542849276,1.448391410363287,1,0,0,1.0,0.0,1.0,0.0,0.0,-0.3519723915718554
-0.0893658209690741,0.9111901578820688,1.0,1,2.0,0.7822836822738789,0.2063895008790364,0,1,1,1.0,0.0,0.0,0.0,1.0,0.1571550583851332
-0.6156229088327345,0.9111901578820688,0.0,0,1.0,-1.3633814363377847,-0.496104820654227,0,0,0,0.0,0.0,0.0,0.0,1.0,-0.861099841528844
0.9631483547582466,0.3465913559673712,0.0,1,2.0,-0.8100530831954077,-0.861715673350366,0,0,0,0.0,0.0,0.0,0.0,0.0,-0.3519723915718554
0.4368912668945862,0.3465913559673712,0.0,0,2.0,0.7024933868364203,-0.3053284601701171,0,1,0,1.0,0.0,0.0,0.0,0.0,0.1571550583851332
0.9631483547582466,-0.5003068469046751,0.0,1,1.0,1.2037845907804543,-0.530778955949025,0,1,1,1.0,0.0,1.0,1.0,0.0,1.1754099582991104
-1.1418799966963948,-1.3472050497767214,1.0,0,0.0,-1.5177583122928682,-0.2525853493589005,0,1,0,2.0,0.0,0.0,0.0,0.0,-1.3702272914858324
-1.6681370845600552,-1.3472050497767214,2.0,0,2.0,-1.6495857569286696,-0.3218878757066829,0,1,1,2.0,0.0,0.0,0.0,0.0,-1.3702272914858324
-0.0893658209690741,0.0642919550100224,1.0,0,1.0,-1.6582586151283931,-0.6718999419443442,0,0,1,2.0,0.0,0.0,0.0,0.0,-1.3702272914858324
0.9631483547582466,-0.2180074459473263,0.0,0,3.0,0.9401297015088516,-0.6415943817427563,0,0,0,1.0,0.0,0.0,0.0,0.0,0.1571550583851332
0.4368912668945862,-0.2180074459473263,0.0,1,2.0,0.8551356911515585,-0.2483768791120385,0,1,1,1.0,0.0,0.0,0.0,0.0,0.1571550583851332
-0.6156229088327345,-1.0649056488193729,0.0,0,2.0,1.1031794356636588,1.2301227605491325,1,1,0,1.0,0.0,0.0,1.0,0.0,0.6662825083421218
-1.1418799966963948,1.1934895588394174,0.0,0,2.0,1.2419451668592394,1.3782654876628575,0,1,1,1.0,0.0,1.0,0.0,1.0,1.1754099582991104
-1.6681370845600552,-0.7826062478620239,0.0,1,1.0,1.115321437143272,2.202050666365193,1,1,0,1.0,0.0,0.0,0.0,1.0,0.6662825083421218
-0.0893658209690741,-1.3472050497767214,1.0,0,2.0,0.5602585123609499,0.3310883040632309,0,0,0,1.0,0.0,0.0,0.0,0.0,-0.3519723915718554
-1.6681370845600552,-1.3472050497767214,2.0,1,1.0,1.2523525966989075,2.3750782610255805,0,0,0,1.0,1.0,0.0,0.0,1.0,1.1754099582991104
0.9631483547582466,0.3465913559673712,0.0,1,2.0,0.489141075123215,-0.8569811443226462,0,0,0,1.0,0.0,1.0,0.0,0.0,-0.3519723915718554
0.4368912668945862,-1.62950445073407,1.0,1,0.0,-1.6790734748077305,-0.7052703663474513,0,0,0,2.0,0.0,0.0,0.0,0.0,-1.3702272914858324
0.9631483547582466,0.62889075692472,0.0,0,3.0,-1.481332307854028,-0.9299203378946193,0,0,0,0.0,0.0,0.0,0.0,0.0,-1.3702272914858324
0.9631483547582466,1.4757889597967662,0.0,0,2.0,1.0129817103865313,-0.8572098655317147,0,1,1,1.0,1.0,0.0,0.0,0.0,0.6662825083421218
0.9631483547582466,0.3465913559673712,0.0,0,2.0,0.8030985419532158,-0.8092012837482181,1,0,0,1.0,0.0,0.0,1.0,0.0,0.1571550583851332
0.9631483547582466,1.1934895588394174,0.0,1,3.0,0.1196773158149816,-0.9088093702975883,0,0,0,1.0,0.0,0.0,0.0,0.0,-0.861099841528844
-0.6156229088327345,-1.0649056488193729,2.0,0,3.0,-1.50388173917331,-0.4106088327043884,0,1,1,2.0,0.0,0.0,0.0,0.0,-1.3702272914858324
0.9631483547582466,0.9111901578820688,0.0,0,3.0,0.1023315994155341,-0.909038091506657,1,1,0,1.0,0.0,0.0,0.0,0.0,-0.861099841528844
0.9631483547582466,1.4757889597967662,0.0,0,0.0,-1.6599931867683384,-0.9322761663480256,0,0,0,2.0,0.0,0.0,0.0,0.0,-1.3702272914858324
0.4368912668945862,0.9111901578820688,0.0,0,3.0,-1.661727758408283,-0.8153310121512563,0,0,0,2.0,0.0,0.0,0.0,0.0,-1.3702272914858324
-0.0893658209690741,-0.7826062478620239,0.0,0,1.0,0.1266156023747608,0.1689249668336015,1,1,0,1.0,0.0,0.0,0.0,0.0,-0.861099841528844
-1.6681370845600552,-1.0649056488193729,1.0,1,0.0,0.2740541917700651,1.4802294026656342,0,1,1,0.0,0.0,1.0,1.0,1.0,1.1754099582991104
0.4368912668945862,0.3465913559673712,2.0,0,1.0,-1.477863164574139,-0.7334716914256083,0,0,1,2.0,0.0,0.0,0.0,0.0,-1.3702272914858324
-0.6156229088327345,0.3465913559673712,0.0,1,2.0,1.0580805730250953,0.9742065997222888,1,0,0,1.0,0.0,0.0,1.0,0.0,0.6662825083421218
0.9631483547582466,0.3465913559673712,0.0,1,2.0,-1.136152551505022,-0.8958180056224926,0,1,0,0.0,0.0,0.0,0.0,0.0,-0.861099841528844
-1.6681370845600552,-1.62950445073407,1.0,0,1.0,1.6530386455261463,2.776461110820047,0,0,0,1.0,1.0,1.0,1.0,1.0,2.193664858213088
0.9631483547582466,1.1934895588394174,0.0,0,1.0,0.2272207574915568,-0.8403073681815462,0,0,0,1.0,0.0,1.0,0.0,0.0,-0.3519723915718554
-1.6681370845600552,-1.0649056488193729,0.0,1,1.0,1.215926592260068,2.2086149650654616,0,0,0,1.0,1.0,1.0,1.0,0.0,1.1754099582991104
-1.1418799966963948,-1.62950445073407,1.0,1,2.0,1.3824454696947646,2.041945820017181,0,0,0,1.0,1.0,1.0,1.0,0.0,1.6845374082560989
0.9631483547582466,0.62889075692472,0.0,0,3.0,-0.5984353431221473,-0.918278428353028,0,0,0,0.0,0.0,1.0,0.0,0.0,-0.3519723915718554
0.9631483547582466,-0.2180074459473263,0.0,1,1.0,0.2324244724113908,-0.6903577435161793,0,0,0,1.0,0.0,0.0,0.0,0.0,-0.861099841528844
0.9631483547582466,-1.0649056488193729,0.0,1,2.0,0.7597342509545969,-0.5232082839288548,1,1,0,1.0,0.0,0.0,1.0,0.0,0.1571550583851332
-1.1418799966963948,-1.0649056488193729,1.0,1,1.0,0.5220979362821655,1.3014609056576252,1,1,0,1.0,1.0,1.0,1.0,0.0,0.6662825083421218
1.489405442621907,-1.62950445073407,0.0,1,2.0,0.4561842139642645,-0.904372178841658,0,1,1,1.0,0.0,0.0,0.0,0.0,-0.3519723915718554
0.9631483547582466,1.4757889597967662,0.0,1,2.0,0.0745784531764181,-0.9094040454411668,0,0,0,1.0,0.0,0.0,0.0,0.0,-0.861099841528844
-0.0893658209690741,-1.0649056488193729,1.0,1,2.0,0.0381524487375783,0.1754892655338699,0,1,0,0.0,0.0,1.0,0.0,1.0,0.6662825083421218
-0.6156229088327345,0.62889075692472,0.0,1,0.0,0.7146353883160333,0.7259525993992426,0,0,1,1.0,0.0,1.0,0.0,0.0,0.1571550583851332
0.9631483547582466,0.9111901578820688,0.0,1,2.0,-0.6470033490406004,-0.8997748825393792,1,0,0,0.0,1.0,0.0,0.0,0.0,-0.3519723915718554
-1.1418799966963948,1.4757889597967662,1.0,1,1.0,0.5064867915226625,0.9702497228054022,0,0,0,0.0,1.0,0.0,1.0,1.0,1.6845374082560989
0.9631483547582466,0.3465913559673712,0.0,1,3.0,-1.5142891690129787,-0.8975105425696002,0,0,0,0.0,0.0,0.0,0.0,0.0,-1.3702272914858324
0.9631483547582466,0.9111901578820688,0.0,1,2.0,0.1075353143353685,-0.9089694751439364,0,1,1,1.0,0.0,0.0,0.0,0.0,-0.861099841528844
-1.6681370845600552,0.0642919550100224,2.0,1,0.0,-1.6877463330074542,-0.3134251909711451,0,1,1,2.0,0.0,0.0,0.0,0.0,-1.3702272914858324
-0.0893658209690741,0.3465913559673712,0.0,1,2.0,0.7684071091543206,0.2603448340983164,1,1,0,1.0,0.0,1.0,0.0,0.0,0.1571550583851332
0.4368912668945862,1.4757889597967662,1.0,1,1.0,-1.4952088809735864,-0.794288660916946,0,0,0,2.0,0.0,0.0,0.0,0.0,-1.3702272914858324
-0.0893658209690741,-1.3472050497767214,0.0,0,2.0,0.3607827737673029,0.2315717059974881,0,1,1,1.0,0.0,0.0,0.0,0.0,-0.3519723915718554
0.4368912668945862,-0.5003068469046751,0.0,1,1.0,0.7909565404736028,-0.2107979844620694,0,0,0,1.0,0.0,0.0,1.0,0.0,0.1571550583851332
-1.1418799966963948,-0.2180074459473263,1.0,1,2.0,0.8759505508308959,1.461931705940147,0,1,0,1.0,1.0,1.0,1.0,0.0,0.6662825083421218
0.4368912668945862,0.3465913559673712,0.0,1,2.0,0.7267773897956464,-0.2119415905074123,0,1,0,1.0,0.0,0.0,0.0,1.0,0.1571550583851332
-1.6681370845600552,-1.3472050497767214,2.0,1,3.0,-1.6704006166080068,-0.224635617610719,0,0,1,2.0,0.0,0.0,0.0,0.0,-1.3702272914858324
0.9631483547582466,0.9111901578820688,0.0,1,0.0,-1.6599931867683384,-0.9023365600809474,0,0,1,2.0,0.0,0.0,0.0,0.0,-1.3702272914858324
-1.6681370845600552,1.4757889597967662,2.0,1,3.0,-0.0971441391781128,0.8182187351375112,0,0,0,0.0,1.0,0.0,0.0,1.0,0.6662825083421218
0.9631483547582466,-1.3472050497767214,0.0,1,2.0,0.062436451696805,-0.6848913066194401,1,0,0,1.0,0.0,0.0,0.0,0.0,-0.861099841528844
-1.6681370845600552,-1.3472050497767214,2.0,0,1.0,0.7562651076747076,1.958416834465333,0,1,1,0.0,1.0,1.0,1.0,1.0,2.193664858213088
0.9631483547582466,-0.5003068469046751,0.0,0,3.0,0.922783985109404,-0.6782126473146373,0,0,1,1.0,0.0,0.0,1.0,0.0,0.6662825083421218
0.4368912668945862,1.1934895588394174,1.0,0,3.0,-0.7632196489168992,-0.6242344419744503,0,0,0,0.0,1.0,1.0,1.0,1.0,0.6662825083421218
0.9631483547582466,0.9111901578820688,0.0,1,2.0,0.943598844788741,-0.8979451128668305,1,1,0,1.0,0.0,0.0,0.0,0.0,0.1571550583851332
-0.0893658209690741,-0.7826062478620239,1.0,1,2.0,0.9678828477479676,0.4476903764463975,0,1,0,1.0,0.0,0.0,1.0,0.0,0.6662825083421218
0.9631483547582466,1.1934895588394174,0.0,1,2.0,0.594949945159845,-0.9025424091691092,1,0,0,1.0,0.0,0.0,0.0,0.0,-0.3519723915718554
-1.6681370845600552,-1.0649056488193729,2.0,0,0.0,-1.6669314733281173,-0.3347191355354308,0,1,1,2.0,0.0,0.0,0.0,0.0,-1.3702272914858324
1.489405442621907,-1.62950445073407,0.0,0,2.0,-0.6921022116791641,-0.9195135228819984,0,0,0,0.0,1.0,0.0,0.0,0.0,-0.3519723915718554
0.9631483547582466,-0.2180074459473263,0.0,0,0.0,0.5602585123609499,-0.7888679682620205,0,0,1,1.0,0.0,1.0,1.0,0.0,0.1571550583851332
-0.0893658209690741,-0.7826062478620239,0.0,1,1.0,0.5533202258011708,0.3011029535543391,1,0,0,1.0,0.0,1.0,1.0,0.0,0.1571550583851332
-0.6156229088327345,0.0642919550100224,1.0,1,0.0,0.567196798920729,0.6775551915603292,0,1,0,1.0,1.0,0.0,1.0,1.0,0.6662825083421218
0.9631483547582466,1.4757889597967662,0.0,1,0.0,0.2324244724113908,-0.9073226824386428,0,1,0,1.0,0.0,0.0,0.0,0.0,-0.861099841528844
0.9631483547582466,1.4757889597967662,0.0,1,2.0,0.0936587412158103,-0.9091524521111912,0,0,0,1.0,0.0,0.0,0.0,0.0,-0.861099841528844
-1.6681370845600552,-0.7826062478620239,1.0,0,1.0,0.2150787560119433,1.4474536534061058,0,1,1,0.0,1.0,1.0,1.0,1.0,1.6845374082560989
0.9631483547582466,0.0642919550100224,0.0,1,2.0,0.794425683753492,-0.7330828653701917,0,0,0,1.0,0.0,1.0,0.0,0.0,0.1571550583851332
-0.6156229088327345,-0.2180074459473263,1.0,0,1.0,-1.6790734748077305,-0.5592547464780643,0,0,0,2.0,0.0,0.0,0.0,0.0,-1.3702272914858324
0.9631483547582466,-0.2180074459473263,0.0,1,3.0,0.2254861858516122,-0.69996403429706,1,1,0,1.0,0.0,0.0,0.0,0.0,-0.861099841528844
0.9631483547582466,0.3465913559673712,0.0,1,2.0,0.489141075123215,-0.8569811443226462,0,0,0,1.0,0.0,1.0,0.0,0.0,-0.3519723915718554
-1.1418799966963948,-0.2180074459473263,0.0,1,0.0,1.3026551742573058,1.7652160291650958,0,0,0,1.0,0.0,1.0,0.0,1.0,1.1754099582991104
0.4368912668945862,-1.3472050497767214,1.0,1,2.0,-0.3313113105706547,-0.3253186938427117,0,1,0,0.0,1.0,0.0,0.0,1.0,0.1571550583851332
0.4368912668945862,-1.3472050497767214,0.0,1,2.0,0.7215736748758125,-0.1356859394039448,0,0,0,1.0,0.0,0.0,1.0,0.0,0.1571550583851332
0.4368912668945862,-1.3472050497767214,0.0,1,2.0,0.4145544946055903,-0.0916342345373346,1,1,1,1.0,1.0,0.0,0.0,0.0,-0.3519723915718554
1.489405442621907,-1.62950445073407,0.0,1,3.0,-1.4882705944138073,-0.9300118263782466,0,0,0,2.0,0.0,0.0,0.0,0.0,-1.3702272914858324
-0.6156229088327345,0.62889075692472,2.0,1,2.0,-1.6704006166080068,-0.5300013038381918,0,1,0,2.0,0.0,0.0,0.0,0.0,-1.3702272914858324
0.4368912668945862,1.4757889597967662,0.0,1,0.0,1.0390002849857023,-0.43579103782284,0,0,0,1.0,0.0,0.0,1.0,0.0,0.6662825083421218
0.9631483547582466,0.0642919550100224,0.0,0,2.0,-0.8031147966356286,-0.7888222240202067,0,1,1,0.0,0.0,0.0,0.0,0.0,-0.861099841528844
0.9631483547582466,0.62889075692472,0.0,1,1.0,-0.9540225293108224,-0.9061562042723929,0,0,0,0.0,0.0,1.0,1.0,1.0,0.1571550583851332
0.4368912668945862,-1.62950445073407,1.0,0,2.0,-1.675604331527841,-0.7533704366145755,0,1,1,2.0,0.0,0.0,0.0,0.0,-1.3702272914858324
0.9631483547582466,1.1934895588394174,0.0,1,2.0,0.0971278844957001,-0.8767426567861722,0,1,0,1.0,0.0,0.0,0.0,0.0,-0.861099841528844
0.9631483547582466,0.62889075692472,0.0,1,3.0,-0.6157810595215949,-0.9185071495620966,1,0,1,0.0,0.0,0.0,1.0,0.0,-0.3519723915718554
0.4368912668945862,-0.5003068469046751,0.0,1,1.0,1.108383150583493,-0.0299709965724431,0,0,0,1.0,0.0,1.0,0.0,0.0,0.6662825083421218
-1.1418799966963948,0.62889075692472,0.0,1,2.0,1.2592908832586869,1.605751602202476,1,1,0,1.0,1.0,0.0,1.0,0.0,1.1754099582991104
0.4368912668945862,0.9111901578820688,0.0,1,0.0,-0.1682615764158478,-0.4533339545584009,0,0,0,0.0,0.0,0.0,0.0,0.0,-0.3519723915718554
-1.1418799966963948,1.4757889597967662,0.0,0,1.0,0.2532393320907282,0.7411625598023037,0,0,1,1.0,0.0,0.0,0.0,0.0,-0.861099841528844
-0.0893658209690741,0.62889075692472,0.0,1,2.0,0.5862770869601213,-0.0066871774892608,0,0,0,1.0,0.0,0.0,0.0,0.0,-0.3519723915718554
0.4368912668945862,-1.62950445073407,1.0,0,3.0,-0.4943610447254619,-0.3214075611676389,0,1,1,0.0,0.0,1.0,1.0,0.0,0.1571550583851332
0.9631483547582466,0.62889075692472,0.0,1,2.0,0.9696174193879123,-0.8510115207659561,0,0,0,1.0,0.0,0.0,1.0,0.0,0.6662825083421218
-0.6156229088327345,-1.0649056488193729,1.0,1,2.0,0.978290277587636,1.0673876202968318,0,1,1,1.0,1.0,1.0,1.0,0.0,1.1754099582991104
0.9631483547582466,0.62889075692472,0.0,1,2.0,0.4024124931259771,-0.9050812145897704,0,0,0,1.0,0.0,0.0,0.0,0.0,-0.3519723915718554
-1.6681370845600552,-0.7826062478620239,1.0,1,0.0,-0.5845587700025894,0.7214239194596845,0,1,0,0.0,0.0,1.0,1.0,1.0,0.6662825083421218
-1.6681370845600552,-0.5003068469046751,2.0,1,2.0,1.287044029497803,2.39685252012891,0,1,1,1.0,0.0,1.0,1.0,0.0,1.1754099582991104
0.9631483547582466,1.4757889597967662,0.0,0,2.0,-1.6634623300482276,-0.9323219105898394,0,0,0,2.0,0.0,0.0,0.0,0.0,-1.3702272914858324
0.9631483547582466,0.9111901578820688,0.0,1,2.0,0.4093507796857563,-0.904989726106143,0,0,0,1.0,0.0,0.0,0.0,0.0,-0.3519723915718554
0.4368912668945862,-1.62950445073407,1.0,1,0.0,-1.6287708972493324,-0.7149452734910526,0,1,0,2.0,0.0,0.0,0.0,0.0,-1.3702272914858324
-0.0893658209690741,1.4757889597967662,1.0,0,1.0,-1.127479693305298,-0.4937947364426343,0,1,0,0.0,1.0,0.0,1.0,0.0,-0.3519723915718554
0.9631483547582466,0.62889075692472,0.0,0,2.0,0.9193148418295148,-0.8982653225595264,0,0,0,1.0,0.0,0.0,1.0,0.0,0.6662825083421218
0.9631483547582466,0.9111901578820688,0.0,0,3.0,0.1023315994155341,-0.909038091506657,1,1,0,1.0,0.0,0.0,0.0,0.0,-0.861099841528844
0.9631483547582466,-1.0649056488193729,0.0,1,2.0,0.4093507796857563,-0.6733637576823832,0,0,0,1.0,0.0,0.0,0.0,0.0,-0.3519723915718554
-0.6156229088327345,-0.5003068469046751,0.0,1,2.0,1.1066485789435485,1.006936604740004,1,1,0,1.0,0.0,0.0,1.0,0.0,0.6662825083421218
-1.1418799966963948,-1.0649056488193729,2.0,0,1.0,0.7770799673540445,1.4345309050937305,0,1,1,0.0,1.0,1.0,1.0,1.0,2.193664858213088
0.9631483547582466,0.0642919550100224,0.0,1,2.0,0.888092552310509,-0.7757622429823904,0,0,0,1.0,0.0,1.0,0.0,1.0,0.6662825083421218
0.9631483547582466,0.9111901578820688,0.0,1,2.0,0.4787336452835465,-0.9040748412698686,0,0,0,1.0,1.0,0.0,0.0,0.0,-0.3519723915718554
0.4368912668945862,-1.62950445073407,0.0,1,0.0,-0.2723358748125332,-0.3759804416514041,1,0,0,0.0,0.0,0.0,1.0,0.0,0.1571550583851332
0.9631483547582466,0.9111901578820688,2.0,1,1.0,-1.477863164574139,-0.8879499960305332,0,0,0,2.0,0.0,0.0,0.0,0.0,-1.3702272914858324
-1.6681370845600552,-0.5003068469046751,2.0,1,1.0,1.4171369024936598,2.332101545841593,0,1,1,1.0,1.0,0.0,1.0,1.0,1.6845374082560989
-1.6681370845600552,-1.3472050497767214,2.0,1,1.0,0.1769181799331588,1.4670779331441903,0,0,0,0.0,1.0,1.0,1.0,1.0,1.6845374082560989
0.4368912668945862,-1.0649056488193729,0.0,1,0.0,1.0025742805468627,-0.0127025452877647,1,0,0,1.0,0.0,0.0,1.0,0.0,0.6662825083421218
0.9631483547582466,-1.62950445073407,0.0,1,2.0,0.4353693542849276,-0.50678610111773,1,1,0,1.0,0.0,0.0,0.0,0.0,-0.3519723915718554
-1.1418799966963948,0.0642919550100224,2.0,0,0.0,-1.6842771897275648,-0.4139024181149762,0,1,1,2.0,0.0,0.0,0.0,0.0,-1.3702272914858324
-1.1418799966963948,-0.7826062478620239,1.0,1,2.0,1.1135868655033274,1.5787396274114756,1,0,0,1.0,0.0,0.0,1.0,0.0,0.6662825083421218
-0.0893658209690741,1.1934895588394174,0.0,0,3.0,-0.6088427729618158,-0.2958365299937707,0,0,0,0.0,1.0,0.0,0.0,0.0,-0.3519723915718554
0.4368912668945862,-1.3472050497767214,0.0,1,2.0,0.390270491646364,-0.1743398237365363,0,0,0,1.0,0.0,1.0,0.0,0.0,-0.3519723915718554
-1.6681370845600552,-1.3472050497767214,2.0,0,1.0,-1.6860117613675096,-0.3445770196462869,0,1,0,2.0,0.0,0.0,0.0,0.0,-1.3702272914858324
0.4368912668945862,-1.0649056488193729,0.0,1,0.0,-1.6513203285686144,-0.7261754848563204,0,0,0,2.0,0.0,0.0,0.0,0.0,-1.3702272914858324
-1.6681370845600552,1.4757889597967662,1.0,1,0.0,0.9054382687099566,1.6921396028676816,0,0,0,1.0,0.0,0.0,0.0,0.0,0.1571550583851332
0.9631483547582466,-0.7826062478620239,0.0,1,2.0,0.6053573749995135,-0.5944320684328133,0,0,0,1.0,0.0,0.0,0.0,0.0,-0.3519723915718554
-0.0893658209690741,0.62889075692472,0.0,1,2.0,0.589746230240011,0.2095687256850897,0,0,0,1.0,0.0,0.0,0.0,0.0,-0.3519723915718554
-1.6681370845600552,-1.0649056488193729,2.0,1,0.0,0.5134250780824416,1.7259903418098328,1,1,0,0.0,1.0,1.0,1.0,1.0,1.6845374082560989
0.9631483547582466,-0.2180074459473263,0.0,1,1.0,0.2653813335703413,-0.7815031453300119,1,0,0,1.0,0.0,0.0,1.0,0.0,-0.3519723915718554
0.9631483547582466,1.4757889597967662,0.0,0,0.0,-1.6582586151283931,-0.9217092464890568,0,1,0,2.0,0.0,0.0,0.0,0.0,-1.3702272914858324
-1.1418799966963948,-0.5003068469046751,2.0,1,0.0,-1.675604331527841,-0.4225938240595825,0,1,0,2.0,0.0,0.0,0.0,0.0,-1.3702272914858324
0.9631483547582466,-0.2180074459473263,0.0,0,2.0,-0.7597505056370096,-0.8583763436979647,1,1,1,0.0,0.0,0.0,0.0,0.0,-0.861099841528844
-1.1418799966963948,-0.7826062478620239,2.0,0,0.0,-0.359064456809771,0.4521046957814213,0,1,1,0.0,1.0,1.0,0.0,1.0,0.6662825083421218
0.4368912668945862,1.1934895588394174,0.0,1,0.0,0.7978948270333819,-0.3655278823969696,0,1,1,1.0,0.0,1.0,0.0,0.0,0.1571550583851332
-1.1418799966963948,1.4757889597967662,2.0,1,0.0,0.2515047604507835,0.8071028843767777,1,1,1,0.0,1.0,1.0,1.0,0.0,1.1754099582991104
-1.6681370845600552,-1.0649056488193729,2.0,0,3.0,-1.5281657421325368,-0.1765584194645017,0,1,0,2.0,0.0,0.0,0.0,0.0,-1.3702272914858324
-0.0893658209690741,-1.0649056488193729,0.0,0,0.0,0.5637276556408397,0.2414753343501578,0,1,0,1.0,0.0,1.0,0.0,0.0,0.1571550583851332
-1.6681370845600552,-1.3472050497767214,2.0,1,0.0,0.7337156763554256,1.9196028452863931,0,1,0,0.0,1.0,1.0,1.0,1.0,2.193664858213088
-0.6156229088327345,-0.2180074459473263,0.0,0,2.0,1.177766016181283,0.9277990664022722,1,1,0,1.0,1.0,0.0,0.0,0.0,0.6662825083421218
-0.0893658209690741,-1.3472050497767214,0.0,1,2.0,0.9297222716691832,0.6653186068751596,0,0,1,1.0,0.0,1.0,0.0,0.0,0.6662825083421218
-1.6681370845600552,-1.3472050497767214,2.0,1,0.0,0.4024124931259771,1.6484538519355814,0,1,1,0.0,1.0,1.0,1.0,1.0,1.6845374082560989
-1.6681370845600552,-0.7826062478620239,2.0,1,0.0,0.2636467619303966,1.4430393340710816,1,0,0,0.0,0.0,1.0,1.0,1.0,1.1754099582991104
-1.6681370845600552,-0.2180074459473263,2.0,1,1.0,1.3234700339366428,2.2521177390303078,0,1,0,1.0,1.0,0.0,1.0,0.0,1.1754099582991104
0.9631483547582466,0.9111901578820688,0.0,1,2.0,0.4249619244452592,-0.7951349293904999,0,0,0,1.0,1.0,0.0,0.0,0.0,-0.3519723915718554
0.9631483547582466,-1.0649056488193729,0.0,1,2.0,0.7493268211149284,-0.5466293357374783,0,0,0,1.0,0.0,0.0,0.0,0.0,0.1571550583851332
0.9631483547582466,0.0642919550100224,0.0,1,0.0,-1.4570483048948015,-0.879693160383157,0,1,1,2.0,0.0,0.0,0.0,0.0,-1.3702272914858324
-1.6681370845600552,1.1934895588394174,2.0,1,1.0,0.7458576778350392,1.619154665053895,0,1,1,0.0,1.0,1.0,1.0,1.0,2.193664858213088
0.4368912668945862,0.3465913559673712,0.0,1,2.0,0.2168133276518884,-0.3258447526235695,0,0,0,1.0,0.0,0.0,0.0,0.0,-0.861099841528844
1.489405442621907,-1.62950445073407,0.0,0,3.0,-1.6669314733281173,-0.9323676548316532,0,0,1,2.0,0.0,0.0,0.0,0.0,-1.3702272914858324
0.4368912668945862,0.62889075692472,0.0,1,2.0,0.4596533572441543,-0.505825472039642,0,0,0,1.0,0.0,1.0,1.0,0.0,0.1571550583851332
0.9631483547582466,0.9111901578820688,0.0,1,3.0,-0.4874227581656828,-0.8919754893101403,0,0,0,0.0,1.0,1.0,0.0,0.0,0.1571550583851332
-1.6681370845600552,0.9111901578820688,1.0,0,2.0,0.7996293986733265,1.5531685962376072,0,1,1,1.0,0.0,1.0,1.0,0.0,0.6662825083421218
0.9631483547582466,-0.5003068469046751,0.0,1,2.0,0.5186287930022757,-0.7309100138840401,0,1,0,1.0,0.0,0.0,0.0,0.0,-0.3519723915718554
-1.1418799966963948,-0.7826062478620239,2.0,0,0.0,1.4518283352925547,1.8536167764701053,0,1,0,1.0,1.0,1.0,1.0,1.0,2.193664858213088
-0.0893658209690741,-0.2180074459473263,0.0,1,2.0,-0.957491672590712,-0.4048908024776738,1,0,0,0.0,0.0,0.0,1.0,0.0,-0.3519723915718554
0.4368912668945862,0.62889075692472,0.0,1,3.0,-1.6721351882479514,-0.7848196028615064,0,0,0,2.0,0.0,0.0,0.0,0.0,-1.3702272914858324
-0.0893658209690741,1.4757889597967662,0.0,1,1.0,0.6504562376380776,0.0689280542288145,0,0,0,1.0,1.0,1.0,0.0,0.0,0.1571550583851332
0.9631483547582466,-0.2180074459473263,0.0,1,2.0,-1.1587019828243037,-0.8137070915668693,0,1,1,0.0,1.0,0.0,0.0,1.0,-0.3519723915718554
0.9631483547582466,-0.7826062478620239,0.0,0,2.0,-1.1153376918256848,-0.7631368322418043,0,0,0,0.0,0.0,1.0,0.0,1.0,-0.3519723915718554
0.4368912668945862,0.0642919550100224,0.0,1,2.0,-0.2532555867731407,-0.3477791165732472,0,0,1,0.0,1.0,1.0,1.0,0.0,0.6662825083421218
0.9631483547582466,-1.3472050497767214,0.0,1,1.0,0.2202824709317777,-0.6488448440702305,0,0,0,1.0,1.0,0.0,0.0,0.0,-0.3519723915718554
0.9631483547582466,0.9111901578820688,0.0,0,2.0,-1.6565240434884487,-0.899637649813938,0,1,0,2.0,0.0,0.0,0.0,0.0,-1.3702272914858324
0.4368912668945862,-0.5003068469046751,2.0,0,3.0,-1.1378871231449663,-0.5890342478987945,0,0,0,0.0,1.0,0.0,0.0,1.0,-0.3519723915718554
0.4368912668945862,0.62889075692472,0.0,1,2.0,0.6313759495986848,-0.3762549071022865,0,1,0,1.0,0.0,0.0,0.0,0.0,-0.3519723915718554
0.9631483547582466,1.1934895588394174,0.0,1,3.0,-0.7701579354766781,-0.920542768322807,0,0,0,0.0,0.0,0.0,0.0,0.0,-0.861099841528844
-1.6681370845600552,-1.0649056488193729,2.0,0,3.0,-1.668666044968062,-0.302743910507642,0,1,1,2.0,0.0,0.0,0.0,0.0,-1.3702272914858324
0.4368912668945862,-0.7826062478620239,0.0,1,1.0,0.7354502479953702,-0.0497096369150623,0,0,1,1.0,0.0,1.0,0.0,0.0,0.1571550583851332
0.9631483547582466,1.1934895588394174,0.0,0,3.0,-1.632240040529222,-0.9085120327257992,0,1,0,2.0,0.0,0.0,0.0,0.0,-1.3702272914858324
0.4368912668945862,1.4757889597967662,0.0,1,2.0,0.9401297015088516,-0.4289751457925962,1,0,0,1.0,0.0,1.0,0.0,0.0,0.6662825083421218
-1.1418799966963948,0.0642919550100224,1.0,0,1.0,-0.2740704464524778,0.575476915953018,1,1,0,0.0,1.0,1.0,0.0,0.0,0.1571550583851332
-1.6681370845600552,-0.7826062478620239,1.0,1,2.0,0.5238325079221101,1.6594782142126874,0,1,1,1.0,0.0,0.0,0.0,0.0,-0.3519723915718554
0.9631483547582466,0.3465913559673712,0.0,1,0.0,0.3035419096491262,-0.7888450961411136,0,0,0,1.0,0.0,1.0,0.0,0.0,-0.3519723915718554
0.9631483547582466,0.62889075692472,0.0,0,2.0,-0.7840345085962364,-0.920725745290062,0,0,0,0.0,0.0,0.0,0.0,0.0,-0.861099841528844
0.9631483547582466,-0.7826062478620239,0.0,1,1.0,-0.4492621820868981,-0.6812317672743428,0,1,0,0.0,1.0,0.0,0.0,1.0,0.1571550583851332
0.9631483547582466,0.0642919550100224,0.0,1,0.0,-0.8083185115554627,-0.8221469041815002,0,1,1,0.0,0.0,0.0,0.0,0.0,-0.861099841528844
0.4368912668945862,-1.3472050497767214,0.0,1,2.0,0.5966845167997897,-0.0843380279680467,0,1,0,1.0,0.0,0.0,0.0,0.0,-0.3519723915718554
0.4368912668945862,1.1934895588394174,0.0,1,2.0,0.9488025597085754,-0.377124047696747,1,1,0,1.0,0.0,0.0,0.0,0.0,0.1571550583851332
0.9631483547582466,-1.3472050497767214,0.0,1,1.0,0.1474304620540981,-0.5781242462262228,0,0,0,0.0,0.0,0.0,0.0,0.0,0.1571550583851332
-0.0893658209690741,-1.3472050497767214,0.0,1,1.0,0.9331914149490724,0.6896316713991507,0,0,0,1.0,0.0,1.0,0.0,0.0,0.6662825083421218
1.489405442621907,-1.62950445073407,0.0,0,2.0,-0.7493430757973412,-0.9202683028719248,1,0,0,0.0,0.0,0.0,0.0,0.0,-0.861099841528844
0.4368912668945862,0.62889075692472,0.0,0,0.0,0.4214927811653694,-0.3258904968653832,0,0,0,1.0,0.0,0.0,1.0,0.0,-0.3519723915718554
0.9631483547582466,1.4757889597967662,0.0,0,3.0,-1.6651969016881725,-0.9323447827107462,0,0,0,2.0,0.0,0.0,0.0,0.0,-1.3702272914858324
0.9631483547582466,0.9111901578820688,0.0,1,3.0,0.0953933128557554,-0.9091295799902844,0,1,1,1.0,0.0,0.0,0.0,0.0,-0.861099841528844
0.4368912668945862,1.1934895588394174,0.0,1,2.0,-1.1378871231449663,-0.7373828241006812,0,0,0,0.0,0.0,0.0,0.0,0.0,-0.861099841528844
0.9631483547582466,0.3465913559673712,0.0,1,2.0,0.2254861858516122,-0.8043523941159639,0,0,0,0.0,0.0,0.0,1.0,1.0,1.1754099582991104
0.9631483547582466,-1.62950445073407,0.0,1,1.0,0.2029367545323301,-0.5428325636669395,0,0,1,1.0,0.0,0.0,0.0,0.0,-0.861099841528844
-1.6681370845600552,-1.0649056488193729,0.0,1,2.0,0.7649379658744314,1.8686895041477247,1,1,0,1.0,0.0,1.0,0.0,0.0,0.1571550583851332
0.4368912668945862,0.0642919550100224,0.0,0,2.0,0.6348450928785746,-0.3604045273138332,0,0,0,1.0,1.0,0.0,0.0,0.0,0.1571550583851332
0.9631483547582466,0.0642919550100224,0.0,1,0.0,-0.8065839399155181,-0.7939227069824363,0,0,0,0.0,0.0,0.0,0.0,0.0,-0.861099841528844
0.9631483547582466,0.0642919550100224,0.0,0,0.0,-0.1769344346155715,-0.7500997233248947,0,0,0,0.0,0.0,0.0,1.0,1.0,0.6662825083421218
-1.6681370845600552,-1.3472050497767214,0.0,1,2.0,0.9279877000292386,2.145076213186208,0,1,0,1.0,0.0,0.0,1.0,0.0,0.6662825083421218
-1.6681370845600552,-1.3472050497767214,2.0,0,1.0,0.6504562376380776,1.8463205699008172,0,1,0,0.0,1.0,0.0,1.0,1.0,1.6845374082560989
-1.6681370845600552,-1.3472050497767214,2.0,1,0.0,0.5602585123609499,1.827107988339056,0,1,0,1.0,1.0,1.0,0.0,0.0,0.1571550583851332
-0.0893658209690741,-1.62950445073407,1.0,0,1.0,0.0069301592185725,0.192666228334921,0,1,0,0.0,1.0,0.0,1.0,1.0,0.6662825083421218
-1.1418799966963948,0.9111901578820688,0.0,1,0.0,1.2471488817790737,1.3539524231388664,0,1,1,1.0,0.0,1.0,1.0,0.0,1.1754099582991104
0.9631483547582466,0.9111901578820688,0.0,1,2.0,0.2723196201301204,-0.9067966236577848,1,0,0,1.0,0.0,0.0,0.0,0.0,-0.861099841528844
-1.1418799966963948,-0.5003068469046751,0.0,1,2.0,0.2220170425717224,0.8967158540898508,0,1,1,1.0,0.0,0.0,0.0,0.0,-0.861099841528844
0.9631483547582466,-1.3472050497767214,0.0,1,2.0,1.1222597237030512,-0.4544318163619301,0,1,1,1.0,1.0,0.0,0.0,0.0,0.6662825083421218
-0.0893658209690741,-1.0649056488193729,0.0,0,2.0,0.0919241695758656,0.1651053226421561,1,0,0,1.0,0.0,0.0,0.0,0.0,-0.861099841528844
0.4368912668945862,1.1934895588394174,0.0,1,2.0,0.9279877000292386,-0.3536115074044962,1,1,0,1.0,0.0,1.0,0.0,0.0,0.6662825083421218
-0.0893658209690741,0.9111901578820688,0.0,1,0.0,0.4145544946055903,-0.0195413094389155,0,0,0,1.0,1.0,1.0,0.0,0.0,0.1571550583851332
-1.6681370845600552,-1.3472050497767214,2.0,1,1.0,1.3737726114950408,2.651167632492274,0,0,0,1.0,0.0,0.0,1.0,1.0,1.1754099582991104
0.9631483547582466,0.62889075692472,0.0,0,3.0,-0.8152567981152419,-0.9211374434663854,0,0,0,0.0,0.0,0.0,0.0,0.0,-0.861099841528844
-1.6681370845600552,1.1934895588394174,1.0,1,2.0,1.000839708906918,1.8605699012257904,0,0,0,1.0,0.0,0.0,1.0,0.0,0.6662825083421218
-1.1418799966963948,0.9111901578820688,2.0,0,3.0,-1.6842771897275648,-0.46950454403955,0,1,1,2.0,0.0,0.0,0.0,0.0,-1.3702272914858324
-1.1418799966963948,0.0642919550100224,0.0,1,2.0,0.2116096127320539,0.9122917684274218,1,1,0,1.0,0.0,0.0,0.0,0.0,-0.861099841528844
-0.0893658209690741,-0.7826062478620239,0.0,0,0.0,-1.6738697598878964,-0.6414342768964083,0,1,0,2.0,0.0,0.0,0.0,0.0,-1.3702272914858324
0.9631483547582466,0.9111901578820688,0.0,1,2.0,0.0502944502171914,-0.9097242551338628,0,0,0,1.0,0.0,0.0,0.0,0.0,-0.861099841528844
1.489405442621907,-1.62950445073407,0.0,1,2.0,-0.6244539177213186,-0.9186215101666309,0,0,0,0.0,0.0,0.0,0.0,1.0,-0.3519723915718554
-0.6156229088327345,0.0642919550100224,0.0,0,0.0,0.0815167397361972,0.3705198405066557,0,0,0,1.0,0.0,0.0,0.0,0.0,-0.861099841528844
0.9631483547582466,0.62889075692472,0.0,1,0.0,0.3972087782061427,-0.905149830952491,0,1,0,1.0,0.0,0.0,0.0,0.0,-0.3519723915718554
-1.1418799966963948,1.4757889597967662,2.0,0,1.0,-1.6565240434884487,-0.4973399151831973,0,0,1,2.0,0.0,0.0,0.0,0.0,-1.3702272914858324
0.9631483547582466,1.4757889597967662,0.0,0,3.0,-1.6565240434884487,-0.932230422106212,0,0,0,2.0,0.0,0.0,0.0,0.0,-1.3702272914858324
0.9631483547582466,1.1934895588394174,0.0,0,3.0,-0.5776204834428103,-0.9180039629021456,0,0,0,0.0,0.0,0.0,0.0,1.0,-0.3519723915718554
0.4368912668945862,-1.0649056488193729,0.0,1,2.0,0.5498510825212815,-0.0952022853988046,0,1,1,1.0,0.0,0.0,0.0,0.0,-0.3519723915718554
-1.1418799966963948,0.0642919550100224,1.0,1,2.0,1.1187905804231617,1.5332012346859194,1,0,0,1.0,0.0,0.0,1.0,0.0,0.6662825083421218
-1.6681370845600552,-1.3472050497767214,2.0,1,0.0,1.3390811786961456,2.420204955574813,0,0,0,1.0,0.0,0.0,1.0,1.0,1.1754099582991104
0.9631483547582466,0.9111901578820688,0.0,1,3.0,0.0953933128557554,-0.9091295799902844,0,1,1,1.0,0.0,0.0,0.0,0.0,-0.861099841528844
-0.0893658209690741,-0.5003068469046751,0.0,1,2.0,-0.6209847744414291,-0.140534829036199,1,1,0,0.0,0.0,1.0,1.0,1.0,0.6662825083421218
0.9631483547582466,0.62889075692472,0.0,1,2.0,0.0450907352973574,-0.9097928714965834,0,0,0,1.0,0.0,0.0,0.0,0.0,-0.861099841528844
-0.0893658209690741,0.3465913559673712,1.0,0,0.0,0.0815167397361972,0.0644222464101634,0,1,0,0.0,0.0,1.0,1.0,1.0,1.1754099582991104
0.9631483547582466,0.9111901578820688,0.0,0,2.0,0.2584430470105622,-0.8163831297129717,1,0,0,1.0,1.0,0.0,0.0,0.0,-0.3519723915718554
-0.6156229088327345,-1.0649056488193729,1.0,0,0.0,-1.6651969016881725,-0.5101025586492246,0,1,0,2.0,0.0,0.0,0.0,0.0,-1.3702272914858324
0.9631483547582466,0.9111901578820688,0.0,1,3.0,-0.7649542205568438,-0.9204741519600864,0,0,0,0.0,0.0,0.0,0.0,0.0,-0.861099841528844
-1.6681370845600552,-1.0649056488193729,2.0,0,0.0,1.130932581902775,2.27466965024447,0,1,1,1.0,1.0,1.0,1.0,0.0,1.1754099582991104
-1.6681370845600552,0.9111901578820688,1.0,1,1.0,1.1239942953429958,2.0794103540626163,0,0,0,1.0,1.0,1.0,0.0,0.0,1.1754099582991104
0.9631483547582466,0.9111901578820688,0.0,0,3.0,-0.7909727951560152,-0.9208172337736894,1,0,0,0.0,0.0,0.0,0.0,0.0,-0.861099841528844
-1.1418799966963948,1.1934895588394174,0.0,1,2.0,1.3356120354162564,1.4042939612548628,0,0,0,1.0,0.0,1.0,1.0,0.0,1.1754099582991104
-0.6156229088327345,0.3465913559673712,2.0,0,2.0,-1.6530549002085593,-0.5592547464780643,0,1,0,2.0,0.0,0.0,0.0,0.0,-1.3702272914858324
0.9631483547582466,0.62889075692472,0.0,1,2.0,0.2827270499697888,-0.7955694996877302,0,0,0,1.0,0.0,0.0,0.0,0.0,-0.861099841528844
0.4368912668945862,-0.5003068469046751,1.0,1,2.0,-0.265397588252754,-0.3658252199687589,0,0,0,0.0,1.0,0.0,1.0,1.0,0.6662825083421218
-1.1418799966963948,0.62889075692472,0.0,1,2.0,1.2592908832586869,1.605751602202476,1,1,0,1.0,1.0,0.0,1.0,0.0,1.1754099582991104
0.4368912668945862,-1.62950445073407,0.0,1,2.0,0.0416215920174676,-0.2668346806838736,1,1,0,1.0,0.0,0.0,0.0,0.0,-0.861099841528844
-0.6156229088327345,-1.3472050497767214,0.0,1,2.0,-1.3026714289397183,-0.3194634308905559,1,1,0,0.0,0.0,1.0,0.0,0.0,-0.861099841528844
0.9631483547582466,-1.0649056488193729,0.0,1,1.0,0.5724005138405635,-0.6063713155461936,1,0,0,1.0,0.0,0.0,0.0,0.0,-0.3519723915718554
-0.0893658209690741,0.3465913559673712,0.0,0,2.0,-0.010415557180875,-0.0264715620736937,0,1,1,0.0,1.0,1.0,1.0,1.0,1.1754099582991104
0.9631483547582466,-0.5003068469046751,0.0,1,2.0,0.7701416807942654,-0.7029831542567655,0,0,0,1.0,0.0,1.0,0.0,0.0,0.1571550583851332
0.9631483547582466,0.62889075692472,0.0,1,1.0,0.8187096867127187,-0.8303122513452488,0,1,0,1.0,0.0,1.0,0.0,0.0,0.1571550583851332
0.9631483547582466,0.9111901578820688,0.0,0,3.0,0.0988624561356448,-0.9090838357484708,0,0,0,1.0,0.0,0.0,0.0,0.0,-0.861099841528844
0.9631483547582466,0.3465913559673712,0.0,1,3.0,0.6348450928785746,-0.8597029267105624,0,0,0,1.0,0.0,0.0,1.0,0.0,0.1571550583851332
0.4368912668945862,-0.2180074459473263,0.0,1,3.0,1.0632842879449294,-0.0119477652978383,0,0,0,1.0,0.0,0.0,0.0,1.0,0.6662825083421218
-0.0893658209690741,-0.2180074459473263,1.0,0,3.0,0.9331914149490724,0.491055917685802,0,1,1,1.0,1.0,1.0,1.0,0.0,1.1754099582991104
0.9631483547582466,0.0642919550100224,0.0,1,0.0,0.9193148418295148,-0.7643261825289609,0,0,0,1.0,1.0,0.0,1.0,1.0,1.1754099582991104
0.9631483547582466,0.62889075692472,0.0,0,3.0,-0.7718925071166229,-0.8540535128465683,0,0,0,0.0,0.0,0.0,0.0,0.0,-0.861099841528844
0.9631483547582466,0.9111901578820688,0.0,1,2.0,0.0849858830160865,-0.8778405185897016,1,0,0,1.0,0.0,0.0,0.0,0.0,-0.861099841528844
0.9631483547582466,1.4757889597967662,0.0,1,2.0,0.0763130248163627,-0.90938117332026,0,0,0,1.0,0.0,0.0,0.0,0.0,-0.861099841528844
1.489405442621907,-1.62950445073407,0.0,0,2.0,-0.6296576326411529,-0.9186901265293514,0,0,0,0.0,1.0,0.0,0.0,0.0,-0.3519723915718554
-1.1418799966963948,-1.62950445073407,1.0,1,2.0,1.2506180250589631,1.9967047648634144,0,0,0,1.0,0.0,1.0,1.0,0.0,1.1754099582991104
0.9631483547582466,0.0642919550100224,0.0,1,2.0,0.9956359939870836,-0.8079204449774339,0,0,0,1.0,0.0,0.0,0.0,0.0,0.1571550583851332
0.9631483547582466,0.0642919550100224,0.0,1,2.0,0.7302465330755362,-0.7789643399093507,0,0,0,1.0,0.0,1.0,0.0,0.0,0.1571550583851332
0.9631483547582466,-0.2180074459473263,0.0,1,3.0,-0.4562004686466772,-0.7374971847052155,0,1,0,0.0,0.0,1.0,1.0,0.0,0.1571550583851332
-0.6156229088327345,-1.3472050497767214,0.0,1,2.0,1.137870868462554,1.135889622412874,1,1,1,1.0,1.0,1.0,1.0,0.0,1.1754099582991104
0.4368912668945862,-1.62950445073407,2.0,0,3.0,-1.6582586151283931,-0.7191079994961009,0,1,1,2.0,0.0,0.0,0.0,0.0,-1.3702272914858324
-0.6156229088327345,-0.2180074459473263,1.0,1,1.0,1.0858337192642114,0.916774704125166,1,1,0,1.0,0.0,1.0,0.0,1.0,1.1754099582991104
0.9631483547582466,0.9111901578820688,0.0,0,3.0,-1.141356266424856,-0.8793500785695542,0,0,0,0.0,1.0,0.0,1.0,0.0,-0.3519723915718554
-1.1418799966963948,-1.3472050497767214,0.0,1,2.0,1.0684880028647636,1.7174819128324816,1,1,0,1.0,0.0,0.0,1.0,0.0,0.6662825083421218
-1.1418799966963948,-0.2180074459473263,2.0,1,0.0,-1.455313733254857,-0.280878162920685,0,0,0,2.0,0.0,0.0,0.0,0.0,-1.3702272914858324
0.4368912668945862,-0.2180074459473263,0.0,0,0.0,-1.6530549002085593,-0.7916583670126572,0,0,0,2.0,0.0,0.0,0.0,0.0,-1.3702272914858324
-1.6681370845600552,-1.3472050497767214,2.0,1,1.0,1.587124923208246,2.774905806598381,0,1,0,1.0,1.0,1.0,1.0,1.0,2.193664858213088
-0.6156229088327345,0.0642919550100224,2.0,0,1.0,1.6356929291266988,1.2977784941916213,0,0,0,1.0,1.0,1.0,1.0,1.0,2.193664858213088
0.9631483547582466,-1.3472050497767214,0.0,1,2.0,-0.6487379206805451,-0.6801796497126271,0,1,1,0.0,1.0,0.0,0.0,0.0,-0.3519723915718554
0.9631483547582466,0.62889075692472,0.0,1,2.0,-1.1881897007033646,-0.8783894494914661,0,0,0,0.0,1.0,1.0,0.0,0.0,-0.3519723915718554
0.9631483547582466,1.1934895588394174,1.0,0,3.0,-1.6669314733281173,-0.9250257040205512,0,1,1,2.0,0.0,0.0,0.0,0.0,-1.3702272914858324
-0.0893658209690741,1.1934895588394174,0.0,0,3.0,-0.5012993312852408,-0.2729186648450981,0,0,0,0.0,1.0,0.0,0.0,1.0,0.1571550583851332
0.9631483547582466,1.1934895588394174,0.0,1,1.0,-1.6357091838091116,-0.9107535005746716,0,0,0,2.0,0.0,0.0,0.0,0.0,-1.3702272914858324
1.489405442621907,-1.62950445073407,0.0,0,3.0,-1.6669314733281173,-0.9323676548316532,0,0,0,2.0,0.0,0.0,0.0,0.0,-1.3702272914858324
-1.6681370845600552,-1.3472050497767214,2.0,1,0.0,1.6894646499649864,2.872455402266134,0,1,1,1.0,1.0,1.0,1.0,1.0,2.193664858213088
-0.6156229088327345,-1.62950445073407,0.0,1,1.0,-0.5463981939238046,0.2404689610302561,0,1,0,0.0,0.0,0.0,0.0,0.0,-0.861099841528844
0.9631483547582466,0.62889075692472,0.0,0,1.0,-0.2237678688940798,-0.8364419797482869,0,1,1,0.0,0.0,0.0,0.0,1.0,0.1571550583851332
-0.0893658209690741,1.4757889597967662,0.0,1,2.0,0.2445664738910044,-0.1590155027289409,0,0,0,1.0,0.0,0.0,0.0,0.0,-0.861099841528844
0.9631483547582466,0.9111901578820688,0.0,1,2.0,0.0797821680962525,-0.8132039049069184,1,1,0,1.0,0.0,0.0,0.0,0.0,-0.861099841528844
0.9631483547582466,1.4757889597967662,0.0,0,3.0,-1.6634623300482276,-0.9239964585797428,0,0,0,2.0,0.0,0.0,0.0,0.0,-1.3702272914858324
0.9631483547582466,-1.3472050497767214,0.0,0,2.0,0.6435179510782985,-0.5613818537224022,0,0,0,1.0,0.0,0.0,0.0,0.0,-0.3519723915718554
-0.0893658209690741,0.62889075692472,0.0,1,2.0,0.395474206566198,0.1630697038814458,1,1,0,1.0,0.0,0.0,0.0,1.0,-0.3519723915718554
0.4368912668945862,-1.0649056488193729,0.0,1,2.0,1.2107228773402336,0.0238242318004889,0,1,1,1.0,0.0,1.0,1.0,1.0,1.6845374082560989
-0.0893658209690741,0.3465913559673712,0.0,1,1.0,0.922783985109404,0.2750744799623336,0,0,0,1.0,1.0,1.0,0.0,0.0,0.6662825083421218
0.9631483547582466,0.9111901578820688,0.0,1,2.0,0.6036228033595689,-0.8203171345089515,0,0,0,1.0,0.0,0.0,0.0,0.0,-0.3519723915718554
0.4368912668945862,1.4757889597967662,0.0,1,2.0,0.9748211343077468,-0.4555982945281799,0,0,0,1.0,0.0,0.0,1.0,0.0,0.6662825083421218
0.4368912668945862,1.4757889597967662,0.0,1,2.0,0.1717144650133243,-0.6264301655815088,1,0,0,1.0,0.0,1.0,0.0,0.0,-0.3519723915718554
-0.0893658209690741,-0.5003068469046751,1.0,0,1.0,-1.6582586151283931,-0.6575819942566506,0,1,1,2.0,0.0,0.0,0.0,0.0,-1.3702272914858324
-1.1418799966963948,-0.2180074459473263,1.0,1,2.0,-0.2584593016929749,0.5151631331216312,0,1,0,0.0,0.0,1.0,1.0,1.0,1.1754099582991104
0.9631483547582466,0.3465913559673712,0.0,0,0.0,-1.6287708972493324,-0.9023365600809474,0,0,0,2.0,0.0,0.0,0.0,0.0,-1.3702272914858324
0.9631483547582466,1.1934895588394174,0.0,1,2.0,-0.8048493682755732,-0.8985855322522225,1,0,0,0.0,0.0,0.0,0.0,0.0,-0.861099841528844
0.4368912668945862,-0.5003068469046751,0.0,1,3.0,-1.6634623300482276,-0.7509688639193554,0,0,0,2.0,0.0,0.0,0.0,0.0,-1.3702272914858324
-2.194394172423716,0.9111901578820688,1.0,1,0.0,1.7310943693236605,3.0313480262060817,0,1,0,1.0,1.0,1.0,1.0,1.0,2.193664858213088
-1.6681370845600552,-1.3472050497767214,2.0,0,3.0,0.5741350854805082,1.8183479660317288,0,1,0,0.0,1.0,1.0,1.0,1.0,2.193664858213088
-0.0893658209690741,1.1934895588394174,0.0,1,1.0,1.215926592260068,0.2006485985314147,1,0,0,1.0,0.0,1.0,1.0,0.0,1.1754099582991104
-1.6681370845600552,0.62889075692472,2.0,1,1.0,0.860339406071393,1.7887514415782535,1,1,0,1.0,1.0,1.0,0.0,0.0,0.6662825083421218
0.9631483547582466,-1.0649056488193729,0.0,1,2.0,0.6452525227182431,-0.6749876782667702,0,1,0,1.0,0.0,0.0,0.0,0.0,-0.3519723915718554
0.4368912668945862,0.9111901578820688,0.0,1,3.0,1.1118522938633826,-0.4232799876867883,0,0,0,1.0,0.0,0.0,0.0,1.0,0.6662825083421218
-0.0893658209690741,0.0642919550100224,0.0,0,1.0,0.7198391032358677,0.2859616095139983,0,1,0,1.0,0.0,0.0,1.0,0.0,0.1571550583851332
-1.6681370845600552,-1.3472050497767214,2.0,1,1.0,1.458766621852334,2.650572957348696,0,1,0,1.0,1.0,1.0,0.0,1.0,1.6845374082560989
-1.1418799966963948,-0.7826062478620239,1.0,1,2.0,1.1135868655033274,1.5787396274114756,1,0,0,1.0,0.0,0.0,1.0,0.0,0.6662825083421218
0.9631483547582466,1.4757889597967662,0.0,1,2.0,0.1769181799331588,-0.908054590307662,1,0,0,1.0,0.0,1.0,0.0,0.0,-0.3519723915718554
0.9631483547582466,0.62889075692472,0.0,0,3.0,-0.7718925071166229,-0.8540535128465683,0,0,0,0.0,0.0,0.0,0.0,0.0,-0.861099841528844
0.9631483547582466,-0.2180074459473263,0.0,1,2.0,0.0225413039780754,-0.68329025815596,0,1,1,0.0,0.0,0.0,0.0,1.0,0.6662825083421218
-1.1418799966963948,0.0642919550100224,0.0,1,2.0,0.9279877000292386,1.2601081110580246,0,1,0,1.0,0.0,0.0,0.0,0.0,0.1571550583851332
0.9631483547582466,-1.0649056488193729,0.0,1,1.0,0.9297222716691832,-0.633543395183542,1,1,0,1.0,1.0,1.0,0.0,0.0,0.6662825083421218
-1.1418799966963948,1.4757889597967662,0.0,1,2.0,0.9418642731487964,1.119124357788147,1,0,0,1.0,0.0,1.0,0.0,1.0,0.6662825083421218
0.9631483547582466,0.9111901578820688,0.0,1,2.0,-1.4848014511339178,-0.929966082136433,1,0,0,0.0,0.0,0.0,0.0,0.0,-1.3702272914858324
-0.6156229088327345,1.4757889597967662,1.0,1,2.0,1.4847851964515053,1.084381606130628,0,1,0,1.0,1.0,0.0,1.0,1.0,1.6845374082560989
-0.6156229088327345,1.1934895588394174,0.0,1,2.0,0.6816785271570829,0.4666056204363697,0,0,0,1.0,0.0,0.0,1.0,1.0,0.6662825083421218
0.4368912668945862,-0.2180074459473263,1.0,0,3.0,-1.6391783270890012,-0.7504656772594045,0,1,0,2.0,0.0,0.0,0.0,0.0,-1.3702272914858324
-1.6681370845600552,-0.7826062478620239,2.0,0,3.0,-1.476128592934194,-0.1568655233636961,0,1,1,2.0,0.0,0.0,0.0,0.0,-1.3702272914858324
-2.194394172423716,1.4757889597967662,2.0,1,0.0,0.8950308388702881,2.070970541447985,0,1,0,1.0,0.0,0.0,0.0,0.0,0.1571550583851332
0.9631483547582466,0.9111901578820688,0.0,1,2.0,-0.6470033490406004,-0.8997748825393792,1,0,0,0.0,1.0,0.0,0.0,0.0,-0.3519723915718554
-0.0893658209690741,-1.3472050497767214,0.0,1,2.0,0.9141111269096804,0.5303959656455992,1,1,0,1.0,0.0,1.0,1.0,0.0,0.6662825083421218
0.9631483547582466,-0.7826062478620239,0.0,1,2.0,0.3868013483664743,-0.7426891561510724,0,0,0,1.0,1.0,0.0,0.0,0.0,-0.3519723915718554
0.9631483547582466,1.4757889597967662,0.0,1,2.0,-0.7718925071166229,-0.9205656404437138,0,0,0,0.0,0.0,0.0,0.0,0.0,-0.861099841528844
0.9631483547582466,-1.3472050497767214,0.0,1,2.0,0.8395245463920556,-0.6075377937124433,1,0,0,1.0,0.0,0.0,1.0,0.0,0.6662825083421218
0.9631483547582466,1.4757889597967662,1.0,0,3.0,-1.6634623300482276,-0.9196278834865328,0,0,0,2.0,0.0,0.0,0.0,0.0,-1.3702272914858324
-0.6156229088327345,0.3465913559673712,0.0,1,2.0,1.158685728141891,0.9400585232083486,0,1,0,1.0,0.0,1.0,0.0,0.0,0.6662825083421218
0.4368912668945862,1.4757889597967662,0.0,1,3.0,0.2463010455309491,-0.484257062024474,0,0,0,1.0,0.0,0.0,0.0,0.0,-0.861099841528844
-0.6156229088327345,1.4757889597967662,2.0,1,3.0,-1.6634623300482276,-0.595438441752715,0,1,1,2.0,0.0,0.0,0.0,0.0,-1.3702272914858324
0.9631483547582466,0.9111901578820688,0.0,1,2.0,0.0364178770976336,-0.9099072321011176,0,1,0,1.0,0.0,0.0,0.0,0.0,-0.861099841528844
0.4368912668945862,1.4757889597967662,0.0,1,2.0,-0.7476085041573963,-0.6337263721507967,1,0,0,0.0,0.0,0.0,0.0,0.0,-0.3519723915718554
-1.6681370845600552,1.4757889597967662,1.0,0,2.0,0.5741350854805082,1.3270776810733071,1,0,0,1.0,0.0,0.0,0.0,0.0,-0.3519723915718554
-1.6681370845600552,-0.5003068469046751,2.0,0,3.0,-1.6825426180876202,-0.3256389035354077,0,1,1,2.0,0.0,0.0,0.0,0.0,-1.3702272914858324
-0.0893658209690741,1.4757889597967662,1.0,1,1.0,0.489141075123215,0.0114504143898782,0,1,1,0.0,0.0,0.0,1.0,1.0,1.1754099582991104
-0.6156229088327345,-0.5003068469046751,0.0,1,2.0,0.2792579066898996,0.5561271016658155,0,0,0,0.0,1.0,0.0,1.0,0.0,1.1754099582991104
-0.6156229088327345,1.1934895588394174,0.0,1,0.0,1.130932581902775,0.729749371469781,1,1,0,1.0,1.0,1.0,0.0,1.0,1.1754099582991104
1.489405442621907,-1.62950445073407,0.0,1,3.0,-0.437120180607285,-0.91615132110869,0,1,0,0.0,0.0,0.0,0.0,0.0,-0.3519723915718554
0.4368912668945862,0.9111901578820688,0.0,1,3.0,1.1118522938633826,-0.4232799876867883,0,0,0,1.0,0.0,0.0,0.0,1.0,0.6662825083421218
0.9631483547582466,0.9111901578820688,0.0,0,3.0,-1.668666044968062,-0.93239052695256,0,0,0,2.0,0.0,0.0,0.0,0.0,-1.3702272914858324
-0.6156229088327345,-0.2180074459473263,0.0,1,2.0,0.3451716290078,0.5982346762553425,0,0,0,1.0,0.0,1.0,0.0,0.0,-0.3519723915718554
0.4368912668945862,1.1934895588394174,0.0,1,2.0,0.5307707944818892,-0.4562844581553857,0,0,0,1.0,0.0,0.0,1.0,0.0,0.1571550583851332
-1.1418799966963948,-0.7826062478620239,1.0,1,2.0,1.1135868655033274,1.5787396274114756,1,0,0,1.0,0.0,0.0,1.0,0.0,0.6662825083421218
0.9631483547582466,0.9111901578820688,0.0,1,3.0,0.1266156023747608,-0.9087178818139612,0,0,0,1.0,0.0,0.0,0.0,0.0,-0.861099841528844
0.4368912668945862,-0.5003068469046751,0.0,1,2.0,-1.4518445899749677,-0.682649838770568,0,1,1,0.0,0.0,0.0,0.0,0.0,-1.3702272914858324
0.4368912668945862,-1.3472050497767214,0.0,0,2.0,-1.3460357199383373,-0.626727503153298,0,1,0,0.0,0.0,0.0,1.0,0.0,-0.861099841528844
-1.1418799966963948,1.1934895588394174,0.0,1,2.0,1.3356120354162564,1.4042939612548628,0,0,0,1.0,0.0,1.0,1.0,0.0,1.1754099582991104
0.4368912668945862,1.1934895588394174,0.0,0,2.0,-0.3104964508913176,-0.504521761147951,0,0,0,0.0,1.0,0.0,1.0,1.0,0.6662825083421218
-0.6156229088327345,-0.5003068469046751,0.0,1,0.0,1.3269391772165329,1.1228525134959644,0,1,0,1.0,0.0,0.0,1.0,1.0,1.1754099582991104
-2.194394172423716,0.9111901578820688,1.0,1,0.0,1.7310943693236605,3.0313480262060817,0,1,0,1.0,1.0,1.0,1.0,1.0,2.193664858213088
-1.6681370845600552,-0.7826062478620239,1.0,1,2.0,1.2801057429380238,2.401975875212047,1,1,0,1.0,0.0,1.0,1.0,0.0,1.1754099582991104
0.4368912668945862,0.62889075692472,0.0,1,0.0,-0.664349065440048,-0.6517038591835879,0,1,0,0.0,0.0,0.0,1.0,0.0,0.1571550583851332
0.9631483547582466,1.1934895588394174,0.0,1,2.0,0.4319002110050378,-0.8253490011084604,0,0,0,1.0,0.0,0.0,0.0,0.0,-0.3519723915718554
1.489405442621907,-1.62950445073407,0.0,0,3.0,-1.6443820420088353,-0.932070317259864,0,0,0,2.0,0.0,0.0,0.0,0.0,-1.3702272914858324
0.9631483547582466,1.1934895588394174,0.0,0,1.0,-0.8048493682755732,-0.9210002107409442,0,1,0,0.0,0.0,0.0,0.0,0.0,-0.861099841528844
-0.0893658209690741,0.0642919550100224,0.0,1,1.0,1.065018859584874,0.4003222140482926,0,0,0,1.0,0.0,0.0,1.0,0.0,0.6662825083421218
-1.6681370845600552,0.62889075692472,0.0,1,2.0,1.0840991476242667,1.8078039182936672,0,1,1,1.0,0.0,1.0,0.0,0.0,0.6662825083421218
-0.6156229088327345,1.4757889597967662,1.0,1,1.0,0.6261722346788509,0.4812437778167594,0,0,0,0.0,1.0,0.0,1.0,1.0,1.6845374082560989
0.9631483547582466,-0.2180074459473263,1.0,1,3.0,-0.8482136592741921,-0.7834015313652812,0,1,1,0.0,0.0,0.0,0.0,0.0,-0.861099841528844
0.9631483547582466,1.4757889597967662,0.0,0,3.0,-1.6738697598878964,-0.9324591433152803,0,0,0,2.0,0.0,0.0,0.0,0.0,-1.3702272914858324
0.9631483547582466,-1.3472050497767214,0.0,1,3.0,-0.7892382235160705,-0.7409051307203374,0,0,0,0.0,0.0,0.0,0.0,0.0,-0.861099841528844
0.9631483547582466,-0.2180074459473263,0.0,0,3.0,0.7527959643948178,-0.7741840666398171,0,0,1,1.0,0.0,1.0,0.0,0.0,0.1571550583851332
0.4368912668945862,0.62889075692472,1.0,1,3.0,-0.2064221524946322,-0.4516642897322001,0,1,1,0.0,0.0,0.0,1.0,1.0,0.1571550583851332
0.4368912668945862,-0.5003068469046751,0.0,1,1.0,0.9713519910278576,-0.1281610116255882,1,0,0,1.0,0.0,0.0,1.0,0.0,0.6662825083421218
0.9631483547582466,0.0642919550100224,0.0,1,2.0,0.8013639703132711,-0.6985459628008348,0,1,0,1.0,0.0,1.0,1.0,0.0,0.6662825083421218
-1.1418799966963948,1.1934895588394174,0.0,1,2.0,1.3356120354162564,1.4042939612548628,0,0,0,1.0,0.0,1.0,1.0,0.0,1.1754099582991104
0.9631483547582466,1.1934895588394174,0.0,1,2.0,1.1413400117424433,-0.8953376910834486,1,1,0,1.0,0.0,0.0,1.0,0.0,0.6662825083421218
0.9631483547582466,-0.5003068469046751,2.0,0,3.0,-1.6704006166080068,-0.8450876414510796,0,1,1,2.0,0.0,0.0,0.0,0.0,-1.3702272914858324
0.4368912668945862,-1.62950445073407,0.0,1,2.0,0.3798630618066951,-0.1307455612880633,1,1,0,1.0,1.0,0.0,0.0,0.0,-0.3519723915718554
0.9631483547582466,-1.3472050497767214,0.0,0,1.0,-1.6599931867683384,-0.8200197969371623,0,0,0,2.0,0.0,0.0,0.0,0.0,-1.3702272914858324
0.9631483547582466,0.0642919550100224,2.0,0,3.0,-1.6669314733281173,-0.8755075622572018,0,1,1,2.0,0.0,0.0,0.0,0.0,-1.3702272914858324
-1.6681370845600552,-1.0649056488193729,1.0,1,2.0,1.318266319016809,2.4994111102752656,1,0,0,1.0,0.0,1.0,1.0,0.0,1.1754099582991104
1.489405442621907,-1.62950445073407,0.0,1,3.0,-1.6530549002085593,-0.9321846778643982,0,0,0,2.0,0.0,0.0,0.0,0.0,-1.3702272914858324
1.489405442621907,-1.62950445073407,0.0,0,3.0,-1.3443011482983926,-0.9281134403429772,0,0,0,0.0,0.0,0.0,0.0,1.0,-0.861099841528844
-1.6681370845600552,-1.3472050497767214,2.0,1,3.0,-1.633974612169167,-0.2455864803614017,0,0,0,2.0,0.0,0.0,0.0,0.0,-1.3702272914858324
-0.6156229088327345,-1.3472050497767214,1.0,1,2.0,1.011247138746587,1.205306509365191,0,1,0,1.0,0.0,1.0,1.0,0.0,1.1754099582991104
-1.6681370845600552,-1.0649056488193729,2.0,0,1.0,-1.4865360227738629,-0.0843380279680467,0,1,0,2.0,0.0,0.0,0.0,0.0,-1.3702272914858324
0.4368912668945862,-1.0649056488193729,0.0,1,2.0,-1.6825426180876202,-0.7701357012393031,0,0,1,2.0,0.0,0.0,0.0,0.0,-1.3702272914858324
-0.6156229088327345,0.62889075692472,2.0,0,3.0,-1.661727758408283,-0.5707822954151212,0,0,0,2.0,0.0,0.0,0.0,0.0,-1.3702272914858324
-0.6156229088327345,-0.7826062478620239,0.0,1,2.0,-0.8308679428747445,-0.0229721275749444,0,1,0,0.0,0.0,0.0,0.0,0.0,-0.3519723915718554
0.4368912668945862,0.3465913559673712,0.0,1,2.0,0.1110044576152579,-0.3706741096010129,0,0,0,1.0,0.0,0.0,0.0,0.0,-0.861099841528844
-1.6681370845600552,1.1934895588394174,1.0,1,0.0,1.0962411491038797,1.7854121119258524,0,1,0,1.0,0.0,0.0,1.0,0.0,0.6662825083421218
-1.6681370845600552,-1.3472050497767214,2.0,0,0.0,1.1361362968226094,2.41345767990729,0,1,0,1.0,1.0,1.0,1.0,0.0,1.1754099582991104
0.9631483547582466,-0.2180074459473263,0.0,1,0.0,0.9349259865890172,-0.7297435357177904,0,0,0,1.0,0.0,0.0,0.0,0.0,0.1571550583851332
0.9631483547582466,-1.3472050497767214,0.0,1,2.0,0.4162890662455354,-0.6021628452993315,0,1,0,1.0,0.0,1.0,1.0,0.0,0.1571550583851332
-0.0893658209690741,0.62889075692472,1.0,0,0.0,-1.477863164574139,-0.6320567073245962,0,0,0,2.0,0.0,0.0,0.0,0.0,-1.3702272914858324
-1.1418799966963948,0.9111901578820688,1.0,1,0.0,1.134401725182664,1.3776250682774651,0,0,1,1.0,0.0,0.0,0.0,1.0,0.6662825083421218
0.4368912668945862,0.3465913559673712,0.0,1,2.0,1.0702225745047085,-0.215235175918,1,1,0,1.0,0.0,0.0,1.0,0.0,0.6662825083421218
-1.6681370845600552,-0.7826062478620239,2.0,0,0.0,0.4093507796857563,1.685781153255575,0,1,1,0.0,1.0,1.0,1.0,1.0,1.6845374082560989
0.9631483547582466,0.9111901578820688,0.0,1,2.0,0.423227352805314,-0.7876786179748638,0,0,0,1.0,1.0,0.0,0.0,0.0,-0.3519723915718554
-1.1418799966963948,-0.2180074459473263,0.0,1,2.0,1.2627600265385763,1.4730018124590667,0,1,0,1.0,0.0,1.0,1.0,0.0,1.1754099582991104
-0.6156229088327345,0.62889075692472,2.0,0,0.0,-1.6860117613675096,-0.5881193630625201,0,1,1,2.0,0.0,0.0,0.0,0.0,-1.3702272914858324
0.9631483547582466,0.3465913559673712,0.0,0,1.0,0.766672537514376,-0.8545109552647054,0,1,1,1.0,0.0,0.0,1.0,1.0,0.6662825083421218
0.4368912668945862,-0.2180074459473263,0.0,1,2.0,-0.2740704464524778,-0.3653677775506217,1,1,0,0.0,0.0,1.0,0.0,0.0,0.1571550583851332
0.9631483547582466,-0.2180074459473263,0.0,1,1.0,-0.9644299591504908,-0.8072800255920419,0,0,0,0.0,0.0,1.0,0.0,0.0,-0.3519723915718554
0.9631483547582466,-0.5003068469046751,0.0,0,3.0,0.2029367545323301,-0.6920731525841938,1,0,0,1.0,0.0,0.0,0.0,0.0,-0.861099841528844
-1.6681370845600552,-1.0649056488193729,2.0,1,2.0,1.016450853666421,2.219616455221661,0,1,1,1.0,1.0,0.0,0.0,0.0,0.6662825083421218
-1.6681370845600552,1.4757889597967662,2.0,0,2.0,0.6313759495986848,1.4442286843582386,0,1,1,0.0,1.0,1.0,1.0,1.0,2.193664858213088
0.9631483547582466,0.9111901578820688,0.0,0,1.0,-1.325220860259,-0.8995004170884968,0,1,1,0.0,1.0,0.0,0.0,0.0,-0.861099841528844
0.9631483547582466,1.1934895588394174,0.0,1,2.0,0.2358936156912806,-0.9072769381968288,0,1,1,1.0,0.0,1.0,0.0,0.0,-0.3519723915718554
0.9631483547582466,0.0642919550100224,0.0,1,2.0,0.0832513113761418,-0.8459110378037266,0,1,0,1.0,0.0,0.0,0.0,0.0,-0.861099841528844
0.9631483547582466,0.3465913559673712,0.0,1,2.0,0.7129008166760887,-0.7718968545491312,0,0,0,1.0,0.0,0.0,0.0,0.0,0.1571550583851332
0.4368912668945862,1.1934895588394174,0.0,1,2.0,-1.4414371601352989,-0.7682601873249407,0,0,0,2.0,0.0,0.0,0.0,0.0,-1.3702272914858324
0.4368912668945862,-1.0649056488193729,1.0,0,0.0,-0.4197744642078375,-0.334032971908225,0,0,0,0.0,0.0,1.0,1.0,0.0,0.1571550583851332
-0.0893658209690741,0.3465913559673712,1.0,1,1.0,0.395474206566198,0.1688106062290672,0,0,0,0.0,1.0,0.0,1.0,0.0,1.1754099582991104
0.9631483547582466,0.62889075692472,0.0,1,2.0,0.0607018800568603,-0.9095870224084216,0,0,0,1.0,0.0,0.0,0.0,0.0,-0.861099841528844
0.9631483547582466,-1.62950445073407,0.0,0,3.0,-0.3902867463287766,-0.6418917193145455,0,0,0,0.0,1.0,0.0,0.0,1.0,0.1571550583851332
0.9631483547582466,0.3465913559673712,0.0,0,1.0,0.3729247752469165,-0.7203659661459783,0,0,0,0.0,1.0,0.0,1.0,1.0,1.6845374082560989
0.9631483547582466,0.62889075692472,0.0,1,2.0,0.0971278844957001,-0.8720767441211731,0,0,0,1.0,0.0,0.0,0.0,0.0,-0.861099841528844
0.9631483547582466,-0.7826062478620239,0.0,1,2.0,0.6556599525579115,-0.657673482740278,0,0,0,1.0,0.0,0.0,0.0,0.0,-0.3519723915718554
0.9631483547582466,0.0642919550100224,1.0,0,3.0,-1.6599931867683384,-0.8971674607559973,0,0,1,2.0,0.0,0.0,0.0,0.0,-1.3702272914858324
-0.6156229088327345,0.62889075692472,1.0,1,2.0,0.7510613927548732,0.64791292286504,0,1,1,1.0,0.0,1.0,1.0,1.0,0.6662825083421218
-1.6681370845600552,0.62889075692472,2.0,0,0.0,-1.4362334452154646,-0.1644590675047733,0,0,0,2.0,0.0,0.0,0.0,0.0,-1.3702272914858324
-0.6156229088327345,0.3465913559673712,0.0,1,1.0,-0.6574107788802689,-0.0810673146783659,0,0,0,0.0,1.0,1.0,0.0,1.0,0.6662825083421218
0.4368912668945862,1.1934895588394174,0.0,1,0.0,1.299186030977416,-0.2281807963512821,0,1,1,1.0,0.0,1.0,1.0,0.0,1.1754099582991104
-0.6156229088327345,1.1934895588394174,0.0,1,1.0,1.1118522938633826,0.7819206792583262,0,1,1,1.0,0.0,0.0,0.0,1.0,0.6662825083421218
0.4368912668945862,-0.2180074459473263,0.0,1,2.0,0.9210494134694596,-0.2501609045427735,1,0,0,1.0,0.0,0.0,0.0,1.0,0.6662825083421218
0.4368912668945862,1.1934895588394174,0.0,0,3.0,-1.6964191912071782,-0.8346122100757383,0,1,1,2.0,0.0,0.0,0.0,0.0,-1.3702272914858324
-1.6681370845600552,-0.5003068469046751,1.0,0,1.0,0.1578378918937666,1.1874205108160272,0,1,1,0.0,1.0,1.0,1.0,0.0,1.1754099582991104
-1.6681370845600552,0.62889075692472,2.0,0,0.0,0.1075353143353685,1.0649860476016115,0,1,0,0.0,1.0,1.0,1.0,0.0,1.1754099582991104
-1.6681370845600552,-0.2180074459473263,1.0,0,1.0,0.6435179510782985,1.6947698967719704,0,1,0,1.0,0.0,1.0,1.0,0.0,0.1571550583851332
0.9631483547582466,-0.5003068469046751,0.0,0,3.0,0.2029367545323301,-0.6920731525841938,1,0,0,1.0,0.0,0.0,0.0,0.0,-0.861099841528844
-0.6156229088327345,0.62889075692472,0.0,1,3.0,0.6383142361584639,0.5525590508043454,0,1,1,1.0,0.0,1.0,0.0,0.0,0.1571550583851332
0.9631483547582466,0.62889075692472,0.0,0,2.0,0.2584430470105622,-0.7867866052594964,0,0,0,1.0,0.0,0.0,0.0,0.0,-0.861099841528844
0.9631483547582466,1.1934895588394174,0.0,0,2.0,-1.677338903167786,-0.9135210272044014,0,0,0,2.0,0.0,0.0,0.0,0.0,-1.3702272914858324
-1.1418799966963948,1.1934895588394174,2.0,1,3.0,-1.490005166053752,-0.3823388912635109,0,1,1,2.0,0.0,0.0,0.0,0.0,-1.3702272914858324
-1.6681370845600552,0.9111901578820688,2.0,1,3.0,0.7874873971937129,1.7197005085604469,0,1,1,0.0,1.0,1.0,1.0,1.0,2.193664858213088
0.4368912668945862,0.3465913559673712,0.0,0,2.0,0.7024933868364203,-0.3053284601701171,0,1,0,1.0,0.0,0.0,0.0,0.0,0.1571550583851332
0.9631483547582466,1.4757889597967662,0.0,1,3.0,-1.4639865914545809,-0.9296916166855506,1,0,0,0.0,0.0,0.0,0.0,0.0,-1.3702272914858324
0.4368912668945862,-0.2180074459473263,0.0,0,3.0,-1.6825426180876202,-0.7514263063374925,0,0,0,2.0,0.0,0.0,0.0,0.0,-1.3702272914858324
0.4368912668945862,-0.5003068469046751,0.0,1,1.0,0.9713519910278576,-0.1281610116255882,1,0,0,1.0,0.0,0.0,1.0,0.0,0.6662825083421218
-0.0893658209690741,-0.2180074459473263,0.0,0,0.0,-1.6651969016881725,-0.666273400201257,0,0,0,2.0,0.0,0.0,0.0,0.0,-1.3702272914858324
0.9631483547582466,0.0642919550100224,0.0,0,2.0,0.981759420867526,-0.6488219719493237,0,0,0,1.0,0.0,0.0,0.0,0.0,0.1571550583851332
0.9631483547582466,1.1934895588394174,0.0,1,3.0,-1.6651969016881725,-0.9205198962019002,0,1,0,2.0,0.0,0.0,0.0,0.0,-1.3702272914858324
0.9631483547582466,1.4757889597967662,0.0,0,2.0,-1.505616310813255,-0.9202225586301108,0,0,0,0.0,0.0,0.0,0.0,0.0,-1.3702272914858324
-1.6681370845600552,0.62889075692472,0.0,1,1.0,1.4969271979311185,2.309595378869244,0,0,0,1.0,1.0,1.0,1.0,0.0,1.6845374082560989
0.9631483547582466,0.62889075692472,0.0,1,2.0,-0.4041633194483345,-0.9157167508114598,0,0,0,0.0,0.0,0.0,0.0,0.0,-0.3519723915718554
0.4368912668945862,-1.0649056488193729,2.0,1,0.0,0.3208876260485738,-0.136623696361126,0,1,1,0.0,1.0,0.0,1.0,1.0,1.1754099582991104
-0.0893658209690741,-0.2180074459473263,0.0,1,0.0,0.0329487338177438,-0.0400576018923679,0,0,0,0.0,1.0,1.0,1.0,0.0,1.1754099582991104
-1.1418799966963948,-0.7826062478620239,2.0,0,1.0,-1.6513203285686144,-0.4104715999789473,0,1,1,2.0,0.0,0.0,0.0,0.0,-1.3702272914858324
-1.6681370845600552,0.9111901578820688,1.0,0,1.0,0.7753453957140998,1.633564101225216,0,1,1,1.0,0.0,0.0,1.0,0.0,0.1571550583851332
-0.6156229088327345,-1.0649056488193729,0.0,1,1.0,0.7423885345551493,0.896029690462645,0,0,0,1.0,0.0,1.0,0.0,0.0,0.1571550583851332
-0.0893658209690741,-1.3472050497767214,0.0,1,2.0,0.2532393320907282,0.2370152707733203,0,1,0,1.0,0.0,0.0,0.0,0.0,-0.861099841528844
0.9631483547582466,0.62889075692472,0.0,0,1.0,-0.5030339029251857,-0.8551285025291906,0,0,0,0.0,0.0,0.0,0.0,0.0,-0.3519723915718554
0.9631483547582466,0.3465913559673712,0.0,0,2.0,0.0867204546560317,-0.8129065673351292,0,0,0,1.0,0.0,0.0,0.0,0.0,-0.861099841528844
1.489405442621907,-1.62950445073407,0.0,1,3.0,-0.7753616503965125,-0.9206113846855276,0,0,0,0.0,0.0,0.0,0.0,0.0,-0.861099841528844
-1.1418799966963948,0.62889075692472,1.0,1,2.0,1.295716887697527,1.6093882694266666,0,1,1,1.0,0.0,1.0,1.0,0.0,1.1754099582991104
-0.6156229088327345,0.9111901578820688,0.0,1,0.0,1.1795005878212284,0.6803455903109659,0,0,0,1.0,0.0,1.0,1.0,0.0,1.1754099582991104
0.9631483547582466,1.4757889597967662,0.0,1,3.0,-0.7840345085962364,-0.920725745290062,0,0,0,0.0,0.0,0.0,0.0,0.0,-0.3519723915718554
0.9631483547582466,0.9111901578820688,0.0,1,2.0,0.6088265182794033,-0.9023594322018542,0,0,0,1.0,0.0,0.0,1.0,0.0,0.1571550583851332
-0.6156229088327345,1.1934895588394174,1.0,1,3.0,-1.5160237406529231,-0.5230710512034136,0,1,1,2.0,0.0,0.0,0.0,0.0,-1.3702272914858324
1.489405442621907,-1.62950445073407,0.0,0,2.0,-0.8100530831954077,-0.9210688271036648,0,1,1,0.0,0.0,0.0,0.0,0.0,-0.861099841528844
-0.6156229088327345,-0.5003068469046751,2.0,1,0.0,-1.500412595893421,-0.4205124610570584,0,1,1,2.0,0.0,0.0,0.0,0.0,-1.3702272914858324
1.489405442621907,-1.62950445073407,0.0,1,2.0,0.744123106195094,-0.9005754067711192,0,0,1,1.0,0.0,0.0,0.0,0.0,0.1571550583851332
0.4368912668945862,1.1934895588394174,0.0,1,2.0,0.9921668507071943,-0.3045736801801907,1,1,0,1.0,1.0,0.0,1.0,0.0,0.6662825083421218
-1.1418799966963948,1.4757889597967662,1.0,1,1.0,0.7701416807942654,1.1396635223625058,0,0,0,1.0,1.0,1.0,1.0,1.0,1.1754099582991104
0.9631483547582466,-1.62950445073407,0.0,1,2.0,-1.1517636962645246,-0.7905833773300349,1,0,0,0.0,0.0,0.0,0.0,0.0,-0.861099841528844
0.4368912668945862,-0.5003068469046751,0.0,1,1.0,0.9713519910278576,-0.1281610116255882,1,0,0,1.0,0.0,0.0,1.0,0.0,0.6662825083421218
0.9631483547582466,0.62889075692472,0.0,1,2.0,0.4388384975648169,-0.9046009000507264,0,1,0,1.0,0.0,0.0,0.0,0.0,-0.3519723915718554
-1.1418799966963948,-0.2180074459473263,0.0,0,0.0,0.6088265182794033,1.1249338764984886,0,0,0,1.0,0.0,0.0,0.0,0.0,-0.3519723915718554
-1.6681370845600552,-1.3472050497767214,2.0,1,0.0,1.2506180250589631,2.5153987227891594,0,1,0,1.0,1.0,1.0,1.0,1.0,1.6845374082560989
0.9631483547582466,-1.3472050497767214,0.0,0,2.0,0.112739029255203,-0.683610467848656,0,0,0,0.0,1.0,0.0,0.0,1.0,0.6662825083421218
0.9631483547582466,1.1934895588394174,0.0,1,3.0,0.0884550262959763,-0.9092210684739118,0,0,1,1.0,0.0,0.0,0.0,0.0,-0.861099841528844
0.9631483547582466,0.62889075692472,0.0,1,2.0,-1.5073508824531996,-0.9018333734209966,0,0,0,0.0,0.0,0.0,0.0,0.0,-1.3702272914858324
0.9631483547582466,0.3465913559673712,0.0,0,2.0,-0.4718116134061801,-0.8521093825694853,0,0,0,0.0,0.0,0.0,0.0,0.0,-0.3519723915718554
-1.6681370845600552,-0.2180074459473263,1.0,0,0.0,1.1604202997818356,2.3113107879372583,0,0,0,1.0,1.0,1.0,1.0,0.0,1.1754099582991104
1.489405442621907,-1.3472050497767214,2.0,0,3.0,-1.462252019814636,-0.941447886831676,0,1,1,2.0,0.0,0.0,0.0,0.0,-1.3702272914858324
-1.6681370845600552,-1.3472050497767214,2.0,1,0.0,0.3972087782061427,1.69033270531604,0,1,0,0.0,1.0,1.0,0.0,1.0,1.6845374082560989
0.9631483547582466,0.62889075692472,0.0,0,2.0,0.3729247752469165,-0.905470040645187,0,0,1,1.0,0.0,0.0,0.0,0.0,-0.3519723915718554
-1.1418799966963948,0.9111901578820688,0.0,1,0.0,0.1751836082932142,0.8104422140291792,1,0,0,1.0,0.0,0.0,0.0,0.0,-0.861099841528844
0.9631483547582466,-1.3472050497767214,0.0,0,2.0,-0.4353856089673401,-0.7357131592744804,0,0,1,0.0,0.0,0.0,0.0,0.0,-0.3519723915718554
0.4368912668945862,1.4757889597967662,0.0,0,3.0,-1.3425665766584478,-0.8000524353854745,0,1,1,0.0,0.0,1.0,0.0,0.0,-0.861099841528844
-0.0893658209690741,-1.3472050497767214,0.0,1,2.0,1.3338774637763111,0.682129615741701,0,0,0,1.0,0.0,1.0,1.0,0.0,1.1754099582991104
0.9631483547582466,0.62889075692472,0.0,1,2.0,0.1994676112524408,-0.9077572527358728,1,0,0,1.0,0.0,0.0,0.0,0.0,-0.861099841528844
-1.1418799966963948,-0.5003068469046751,2.0,1,0.0,0.4110853513257009,1.0887730533447446,1,0,0,0.0,0.0,1.0,1.0,0.0,1.1754099582991104
0.4368912668945862,0.62889075692472,0.0,1,0.0,-0.664349065440048,-0.6517038591835879,0,1,0,0.0,0.0,0.0,1.0,0.0,0.1571550583851332
-1.6681370845600552,0.62889075692472,2.0,1,1.0,0.2185478992918331,1.2568602698892504,0,0,0,0.0,0.0,1.0,1.0,1.0,1.1754099582991104
0.9631483547582466,-1.3472050497767214,0.0,1,1.0,0.2202824709317777,-0.6488448440702305,0,0,0,1.0,1.0,0.0,0.0,0.0,-0.3519723915718554
0.4368912668945862,0.3465913559673712,0.0,1,1.0,0.2185478992918331,-0.4227539289059305,1,0,0,1.0,0.0,0.0,0.0,0.0,-0.861099841528844
-2.194394172423716,1.1934895588394174,2.0,1,2.0,1.392852899534433,2.5040770229402645,0,0,0,1.0,1.0,0.0,1.0,1.0,1.6845374082560989
0.4368912668945862,1.4757889597967662,0.0,1,0.0,0.7337156763554256,-0.4065375951829676,1,1,0,1.0,0.0,1.0,0.0,1.0,0.6662825083421218
-1.6681370845600552,1.1934895588394174,0.0,1,2.0,1.1968463042206758,2.0063339277652026,0,1,0,1.0,0.0,1.0,1.0,0.0,1.1754099582991104
0.9631483547582466,-0.5003068469046751,0.0,1,0.0,0.2497701888108384,-0.6885051017227237,0,0,0,1.0,0.0,0.0,0.0,0.0,-0.861099841528844
0.4368912668945862,1.4757889597967662,0.0,1,2.0,0.7458576778350392,-0.4402511013996775,0,0,0,1.0,0.0,0.0,1.0,1.0,0.6662825083421218
0.9631483547582466,1.1934895588394174,0.0,1,3.0,-0.813522226475297,-0.9211145713454784,0,0,0,0.0,0.0,0.0,0.0,0.0,-0.861099841528844
-0.0893658209690741,-0.2180074459473263,0.0,1,2.0,-0.957491672590712,-0.4048908024776738,1,0,0,0.0,0.0,0.0,1.0,0.0,-0.3519723915718554
0.9631483547582466,1.1934895588394174,0.0,1,2.0,0.4145544946055903,-0.8717107901866633,0,0,0,1.0,0.0,0.0,1.0,1.0,0.1571550583851332
-1.1418799966963948,-0.5003068469046751,0.0,1,2.0,0.2064058978122195,0.9307953142410704,0,0,0,1.0,0.0,1.0,0.0,0.0,-0.3519723915718554
-1.1418799966963948,0.9111901578820688,2.0,1,0.0,0.4527150706843752,0.9953404394402262,0,0,0,0.0,0.0,0.0,1.0,1.0,1.1754099582991104
-1.6681370845600552,-0.5003068469046751,0.0,0,2.0,1.0962411491038797,2.128219460077853,0,0,0,1.0,0.0,1.0,1.0,0.0,1.1754099582991104
-1.6681370845600552,-0.7826062478620239,2.0,0,1.0,-1.6669314733281173,-0.3338042506991565,0,1,0,2.0,0.0,0.0,0.0,0.0,-1.3702272914858324
0.9631483547582466,1.1934895588394174,0.0,0,2.0,-0.5932316282023131,-0.9182098119903076,0,0,0,0.0,0.0,1.0,0.0,0.0,-0.3519723915718554
0.9631483547582466,0.62889075692472,0.0,1,2.0,0.6174993764791271,-0.8637741642319834,0,0,0,1.0,0.0,0.0,0.0,0.0,-0.3519723915718554
-1.1418799966963948,-1.0649056488193729,0.0,1,0.0,0.9488025597085754,1.5411149885196929,1,1,0,1.0,0.0,1.0,1.0,0.0,0.6662825083421218
0.9631483547582466,-1.0649056488193729,0.0,1,2.0,0.7493268211149284,-0.6318966024782481,1,1,0,1.0,0.0,0.0,0.0,0.0,0.1571550583851332
0.9631483547582466,-1.3472050497767214,0.0,0,0.0,0.5758696571204528,-0.6383236684530754,0,0,0,1.0,0.0,0.0,0.0,0.0,-0.3519723915718554
-1.6681370845600552,-1.3472050497767214,2.0,0,0.0,0.9019691254300672,2.0680886542137213,0,1,1,1.0,1.0,1.0,1.0,1.0,1.1754099582991104
-0.6156229088327345,-0.7826062478620239,0.0,0,0.0,-1.1396216947849114,-0.2002768088449143,0,1,1,0.0,1.0,1.0,0.0,0.0,-0.3519723915718554
-0.0893658209690741,-0.2180074459473263,0.0,1,1.0,1.0736917177845977,0.4976202163860704,0,1,0,1.0,0.0,1.0,0.0,0.0,0.6662825083421218
1.489405442621907,-1.62950445073407,0.0,1,2.0,-1.5090854540931444,-0.9302862918291288,0,0,0,0.0,0.0,0.0,0.0,0.0,-1.3702272914858324
0.9631483547582466,-1.0649056488193729,0.0,0,0.0,0.9626791328281336,-0.5855119412791383,0,0,0,1.0,0.0,0.0,0.0,0.0,0.1571550583851332
0.9631483547582466,-1.0649056488193729,1.0,1,3.0,-1.661727758408283,-0.8516290680304412,0,1,1,2.0,0.0,0.0,0.0,0.0,-1.3702272914858324
0.4368912668945862,0.9111901578820688,0.0,0,2.0,-1.647851185288725,-0.7944258936423871,0,1,1,2.0,0.0,0.0,0.0,0.0,-1.3702272914858324
-0.0893658209690741,-1.0649056488193729,0.0,1,0.0,0.4319002110050378,0.2461412470151571,0,0,0,1.0,0.0,1.0,0.0,0.0,-0.3519723915718554
0.9631483547582466,-1.62950445073407,0.0,1,3.0,-1.6669314733281173,-0.8261723974611074,0,1,1,2.0,0.0,0.0,0.0,0.0,-1.3702272914858324
0.9631483547582466,1.4757889597967662,0.0,1,2.0,-0.2740704464524778,-0.9140013417434454,0,0,1,0.0,1.0,1.0,0.0,1.0,0.6662825083421218
0.9631483547582466,0.62889075692472,0.0,0,2.0,-0.6435342057607109,-0.840970659687845,0,0,1,0.0,1.0,0.0,0.0,0.0,-0.3519723915718554
0.9631483547582466,-1.0649056488193729,0.0,1,2.0,0.7597342509545969,-0.5232082839288548,1,1,0,1.0,0.0,0.0,1.0,0.0,0.1571550583851332
-1.6681370845600552,-1.3472050497767214,2.0,0,1.0,-1.519492883932813,-0.1479453962100212,0,1,1,2.0,0.0,0.0,0.0,0.0,-1.3702272914858324
-0.0893658209690741,1.1934895588394174,0.0,1,3.0,-0.4076324627282241,-0.2830281422859297,0,0,0,0.0,0.0,1.0,0.0,1.0,0.1571550583851332
-1.6681370845600552,0.0642919550100224,2.0,0,1.0,0.9089074119898458,1.941720186203326,0,1,1,1.0,0.0,1.0,0.0,1.0,0.6662825083421218
-1.6681370845600552,-0.7826062478620239,2.0,1,0.0,1.6322237858468096,2.586004960028633,0,0,0,1.0,1.0,1.0,1.0,1.0,2.193664858213088
0.4368912668945862,-1.0649056488193729,0.0,0,2.0,0.567196798920729,-0.0411554636958972,0,1,0,1.0,0.0,1.0,1.0,0.0,0.1571550583851332
-0.6156229088327345,-1.62950445073407,0.0,1,3.0,1.143074583382388,1.275935618725571,0,1,0,1.0,1.0,0.0,0.0,0.0,0.6662825083421218
-0.0893658209690741,1.4757889597967662,0.0,0,2.0,0.4874065034832703,0.0054807908331881,0,1,1,1.0,1.0,1.0,0.0,0.0,0.1571550583851332
-0.6156229088327345,-1.62950445073407,0.0,0,3.0,0.610561089919348,0.9076716000042364,1,0,0,1.0,1.0,0.0,0.0,0.0,0.1571550583851332
0.9631483547582466,1.4757889597967662,0.0,1,2.0,0.195998467972551,-0.9078029969776866,1,1,0,1.0,0.0,0.0,0.0,0.0,-0.861099841528844
-0.6156229088327345,0.3465913559673712,1.0,0,2.0,1.0129817103865313,0.8959839462208313,0,1,1,1.0,1.0,0.0,0.0,0.0,0.6662825083421218
-1.6681370845600552,-1.0649056488193729,2.0,0,1.0,0.6192339481190717,1.905582235170489,0,1,0,0.0,1.0,1.0,1.0,1.0,2.193664858213088
-1.6681370845600552,-1.0649056488193729,2.0,0,2.0,0.5307707944818892,1.8608901109184868,0,1,0,0.0,1.0,0.0,1.0,1.0,1.6845374082560989
0.9631483547582466,-1.62950445073407,1.0,0,0.0,-1.505616310813255,-0.7842706719597419,0,1,1,2.0,0.0,0.0,0.0,0.0,-1.3702272914858324
0.9631483547582466,0.62889075692472,0.0,0,3.0,-1.6634623300482276,-0.8924786759700912,0,0,0,2.0,0.0,0.0,0.0,0.0,-1.3702272914858324
-1.6681370845600552,-1.3472050497767214,2.0,1,1.0,1.6946683648848206,2.844825880210648,1,1,0,1.0,1.0,1.0,1.0,1.0,2.193664858213088
-0.0893658209690741,0.9111901578820688,0.0,1,0.0,0.4145544946055903,-0.0195413094389155,0,0,0,1.0,1.0,1.0,0.0,0.0,0.1571550583851332
-1.1418799966963948,-1.62950445073407,2.0,1,0.0,0.2046713261722748,1.1701291874104418,0,1,1,0.0,0.0,0.0,1.0,1.0,1.1754099582991104
0.4368912668945862,0.3465913559673712,0.0,1,1.0,-0.093674995898223,-0.464175339868252,0,0,0,0.0,0.0,0.0,1.0,0.0,0.1571550583851332
-1.6681370845600552,1.1934895588394174,0.0,1,0.0,1.4396863338129418,2.27503560417898,1,0,0,1.0,1.0,1.0,1.0,0.0,1.6845374082560989
-1.6681370845600552,-0.5003068469046751,2.0,0,1.0,1.6755880768454283,2.6047829712931647,0,0,0,1.0,1.0,1.0,1.0,1.0,2.193664858213088
0.9631483547582466,-0.7826062478620239,0.0,0,2.0,-1.6877463330074542,-0.890077103274871,0,0,0,2.0,0.0,0.0,0.0,0.0,-1.3702272914858324
0.9631483547582466,0.9111901578820688,0.0,0,2.0,-0.4405893238871743,-0.8405132172697078,0,0,0,0.0,1.0,1.0,0.0,0.0,0.1571550583851332
0.9631483547582466,1.4757889597967662,0.0,1,3.0,0.5810733720402873,-0.902725386136364,0,0,0,1.0,0.0,0.0,0.0,0.0,-0.3519723915718554
-1.6681370845600552,-1.3472050497767214,2.0,0,0.0,-0.1196935704973944,1.1298513824934633,0,1,1,0.0,1.0,1.0,1.0,1.0,1.6845374082560989
0.4368912668945862,0.62889075692472,0.0,1,2.0,0.6712710973174144,-0.3657108593642246,0,1,1,1.0,0.0,0.0,1.0,0.0,0.1571550583851332
0.9631483547582466,1.4757889597967662,0.0,1,2.0,0.1300847456546506,-0.8793500785695542,0,1,1,1.0,0.0,0.0,0.0,0.0,-0.861099841528844
0.9631483547582466,-1.0649056488193729,0.0,1,2.0,-1.64611661364878,-0.8267213283628719,0,1,1,2.0,0.0,0.0,0.0,0.0,-1.3702272914858324
-0.0893658209690741,1.1934895588394174,0.0,1,2.0,1.27490202801819,0.2215765891611906,0,1,0,1.0,0.0,1.0,1.0,0.0,1.1754099582991104
-1.1418799966963948,0.0642919550100224,1.0,1,1.0,0.2463010455309491,0.9861687189565758,0,1,1,0.0,1.0,1.0,0.0,1.0,1.1754099582991104
-0.0893658209690741,-1.3472050497767214,2.0,1,3.0,-1.505616310813255,-0.6028032646847237,0,1,1,2.0,0.0,0.0,0.0,0.0,-1.3702272914858324
-0.0893658209690741,-1.0649056488193729,0.0,1,2.0,-1.462252019814636,-0.5377320807047101,0,1,1,2.0,0.0,0.0,0.0,0.0,-1.3702272914858324
-0.0893658209690741,0.3465913559673712,0.0,1,2.0,1.2558217399787972,0.4862756444162683,1,0,0,1.0,0.0,1.0,1.0,0.0,1.1754099582991104
-1.1418799966963948,1.4757889597967662,0.0,0,0.0,0.0919241695758656,0.5723434353887783,1,1,1,1.0,0.0,0.0,0.0,0.0,-0.861099841528844
0.9631483547582466,0.62889075692472,0.0,0,0.0,0.3486407722876898,-0.8016763559698615,0,0,0,1.0,0.0,1.0,0.0,0.0,-0.3519723915718554
-1.6681370845600552,-0.2180074459473263,2.0,1,0.0,-1.6842771897275648,-0.3501349450266536,0,1,1,2.0,0.0,0.0,0.0,0.0,-1.3702272914858324
0.9631483547582466,-0.2180074459473263,0.0,1,2.0,0.5706659422006184,-0.7242084824583305,1,1,0,1.0,0.0,0.0,0.0,0.0,-0.3519723915718554
-1.6681370845600552,-1.3472050497767214,2.0,0,1.0,-1.6443820420088353,-0.2542550141851012,0,1,0,2.0,0.0,0.0,0.0,0.0,-1.3702272914858324
-1.6681370845600552,-1.3472050497767214,2.0,1,0.0,1.3945874711743778,2.614732343887648,1,0,0,1.0,0.0,1.0,1.0,1.0,1.6845374082560989
-0.0893658209690741,-1.0649056488193729,0.0,1,2.0,0.8776851224708405,0.399315840728391,1,1,0,1.0,0.0,0.0,0.0,0.0,0.1571550583851332
-0.6156229088327345,0.9111901578820688,0.0,1,2.0,-0.5949661998422577,-0.0213482069905573,0,0,0,0.0,0.0,0.0,1.0,0.0,0.1571550583851332
0.9631483547582466,0.62889075692472,0.0,0,3.0,-1.6738697598878964,-0.9324591433152803,0,0,0,2.0,0.0,0.0,0.0,0.0,-1.3702272914858324
-1.6681370845600552,-1.3472050497767214,2.0,1,0.0,-0.0780638511387201,1.192292272569188,0,1,1,0.0,1.0,1.0,1.0,1.0,1.6845374082560989
-1.1418799966963948,0.62889075692472,0.0,1,2.0,0.1092698859753132,0.6343726272881796,1,1,0,1.0,0.0,0.0,0.0,0.0,-0.861099841528844
-1.6681370845600552,-1.0649056488193729,0.0,1,0.0,-0.5411944790039704,0.7808456895757039,1,1,0,0.0,0.0,1.0,1.0,0.0,0.6662825083421218
0.9631483547582466,-0.7826062478620239,0.0,1,2.0,0.2428319022510597,-0.6939029222567424,0,0,0,1.0,0.0,0.0,0.0,0.0,-0.861099841528844
0.9631483547582466,-1.62950445073407,0.0,1,2.0,0.2376281873312253,-0.5756540571682821,0,0,0,1.0,0.0,0.0,0.0,0.0,-0.861099841528844
0.9631483547582466,0.62889075692472,0.0,0,1.0,-1.6495857569286696,-0.8856399118189404,0,0,1,2.0,0.0,0.0,0.0,0.0,-1.3702272914858324
0.9631483547582466,0.62889075692472,0.0,0,3.0,-1.512554597373034,-0.8956121565343308,0,0,0,0.0,0.0,0.0,0.0,0.0,-1.3702272914858324
0.4368912668945862,0.3465913559673712,0.0,0,1.0,-0.3850830314089423,-0.4498573921805583,0,1,0,0.0,0.0,1.0,0.0,0.0,-0.3519723915718554
0.9631483547582466,-1.62950445073407,0.0,1,3.0,-1.6877463330074542,-0.8589710188415429,0,1,1,2.0,0.0,0.0,0.0,0.0,-1.3702272914858324
1.489405442621907,-1.62950445073407,0.0,1,3.0,-1.689480904647399,-0.9326649924034424,0,0,1,2.0,0.0,0.0,0.0,0.0,-1.3702272914858324
0.4368912668945862,0.3465913559673712,0.0,1,2.0,0.0156030174182962,-0.3468642317369728,0,0,0,0.0,1.0,0.0,1.0,1.0,1.1754099582991104
0.9631483547582466,1.1934895588394174,0.0,1,3.0,-1.675604331527841,-0.9324820154361874,0,0,0,2.0,0.0,0.0,0.0,0.0,-1.3702272914858324
-1.6681370845600552,0.0642919550100224,2.0,1,1.0,-1.4795977362140835,-0.1486315598372269,0,1,0,2.0,0.0,0.0,0.0,0.0,-1.3702272914858324
0.4368912668945862,1.1934895588394174,0.0,0,2.0,-0.7493430757973412,-0.648936332553858,0,1,1,0.0,0.0,0.0,0.0,0.0,-0.861099841528844
1.489405442621907,-1.62950445073407,0.0,0,2.0,-0.7875036518761256,-0.9207714895318756,1,0,0,0.0,0.0,0.0,0.0,0.0,-0.861099841528844
-1.1418799966963948,0.0642919550100224,1.0,1,2.0,0.7718762524342105,1.3077736110279183,0,1,0,0.0,1.0,1.0,1.0,1.0,2.193664858213088
-0.6156229088327345,-1.62950445073407,2.0,0,3.0,-1.4795977362140835,-0.387187780895765,0,1,1,2.0,0.0,0.0,0.0,0.0,-1.3702272914858324
-1.6681370845600552,-0.2180074459473263,1.0,1,2.0,1.4899889113713394,2.4855963492475226,1,1,0,1.0,0.0,1.0,1.0,1.0,1.6845374082560989
0.4368912668945862,0.9111901578820688,0.0,0,3.0,-1.675604331527841,-0.7976051184484406,0,1,0,2.0,0.0,0.0,0.0,0.0,-1.3702272914858324
-1.6681370845600552,0.3465913559673712,0.0,1,2.0,1.1413400117424433,2.119184972319644,1,1,0,1.0,0.0,1.0,0.0,0.0,0.6662825083421218
-0.0893658209690741,-0.5003068469046751,0.0,1,0.0,1.4570320502123892,0.7486646154597533,1,1,0,1.0,1.0,0.0,1.0,1.0,1.6845374082560989
-1.1418799966963948,-0.7826062478620239,2.0,0,1.0,-1.6513203285686144,-0.4238517907094598,0,0,0,2.0,0.0,0.0,0.0,0.0,-1.3702272914858324
0.9631483547582466,-1.0649056488193729,0.0,1,2.0,0.9123765552697356,-0.4840512129363123,0,0,0,1.0,0.0,1.0,1.0,1.0,1.1754099582991104
0.4368912668945862,1.4757889597967662,0.0,1,3.0,0.2463010455309491,-0.484257062024474,0,0,0,1.0,0.0,0.0,0.0,0.0,-0.861099841528844
0.9631483547582466,0.0642919550100224,0.0,1,2.0,0.7684071091543206,-0.7730633327153811,0,0,0,1.0,0.0,1.0,0.0,0.0,0.1571550583851332
0.9631483547582466,0.9111901578820688,0.0,0,3.0,-1.4795977362140835,-0.8948345044234977,0,0,0,2.0,0.0,0.0,0.0,0.0,-1.3702272914858324
0.4368912668945862,1.4757889597967662,0.0,1,2.0,0.867277692631172,-0.329641524694108,0,0,0,1.0,0.0,0.0,0.0,0.0,0.1571550583851332
0.9631483547582466,0.9111901578820688,0.0,1,2.0,0.0554981651370258,-0.9096556387711422,0,0,0,1.0,0.0,0.0,0.0,0.0,-0.861099841528844
-0.0893658209690741,-1.3472050497767214,0.0,1,2.0,0.8915616955903983,0.59832616473897,0,1,0,1.0,1.0,0.0,0.0,0.0,0.6662825083421218
-1.6681370845600552,0.0642919550100224,2.0,1,3.0,-1.668666044968062,-0.3416036439283953,0,0,0,2.0,0.0,0.0,0.0,0.0,-1.3702272914858324
-0.6156229088327345,1.4757889597967662,0.0,1,3.0,0.4839373602033805,0.4956989582298942,0,0,1,1.0,0.0,1.0,0.0,0.0,-0.3519723915718554
-0.6156229088327345,-0.2180074459473263,2.0,0,0.0,-1.677338903167786,-0.5663679760800974,0,0,1,2.0,0.0,0.0,0.0,0.0,-1.3702272914858324
0.9631483547582466,0.0642919550100224,0.0,0,0.0,0.0017264442987385,-0.7812058077582228,0,1,0,0.0,0.0,0.0,1.0,1.0,0.6662825083421218
-1.6681370845600552,0.9111901578820688,2.0,0,1.0,0.6469870943581877,1.6351194054468827,0,0,0,0.0,0.0,1.0,1.0,1.0,1.6845374082560989
-0.6156229088327345,0.3465913559673712,0.0,1,1.0,-0.0520452765395488,0.3063635413629166,0,1,0,0.0,1.0,1.0,0.0,1.0,0.6662825083421218
-1.1418799966963948,-1.3472050497767214,0.0,1,1.0,0.9089074119898458,1.5634610506456936,0,1,0,1.0,1.0,1.0,0.0,0.0,0.6662825083421218
0.9631483547582466,0.3465913559673712,0.0,1,3.0,-1.6287708972493324,-0.8913579420456551,0,0,0,2.0,0.0,0.0,0.0,0.0,-1.3702272914858324
-1.6681370845600552,-0.7826062478620239,2.0,0,1.0,-0.1023478540979468,1.1276785310073116,0,1,0,0.0,1.0,1.0,1.0,1.0,1.1754099582991104
0.9631483547582466,1.1934895588394174,0.0,1,3.0,-1.5073508824531996,-0.91971937197016,1,0,0,0.0,0.0,0.0,0.0,0.0,-1.3702272914858324
0.9631483547582466,1.4757889597967662,0.0,1,2.0,-1.6651969016881725,-0.9323447827107462,0,1,1,2.0,0.0,0.0,0.0,0.0,-1.3702272914858324
0.4368912668945862,0.0642919550100224,0.0,1,0.0,0.0867204546560317,-0.3860899190922358,0,1,0,1.0,0.0,0.0,0.0,0.0,-0.861099841528844
0.4368912668945862,-0.5003068469046751,0.0,0,1.0,-1.6443820420088353,-0.7571672086851141,0,0,0,2.0,0.0,0.0,0.0,0.0,-1.3702272914858324
1.489405442621907,-1.62950445073407,0.0,1,3.0,-1.6253017539694432,-0.9318187239298884,0,0,1,2.0,0.0,0.0,0.0,0.0,-1.3702272914858324
0.4368912668945862,1.4757889597967662,0.0,1,2.0,0.3833322050865849,-0.5172386603721646,0,0,0,1.0,1.0,0.0,0.0,0.0,-0.3519723915718554
1.489405442621907,-1.62950445073407,0.0,0,1.0,-1.6513203285686144,-0.9321618057434914,0,0,0,2.0,0.0,0.0,0.0,0.0,-1.3702272914858324
0.4368912668945862,0.3465913559673712,0.0,1,0.0,0.267115905210286,-0.3032928414094067,0,0,0,1.0,0.0,0.0,0.0,0.0,-0.861099841528844
0.4368912668945862,0.62889075692472,0.0,1,1.0,0.7475922494749838,-0.287190868290978,0,1,1,1.0,0.0,1.0,1.0,0.0,0.6662825083421218
0.9631483547582466,0.62889075692472,0.0,1,3.0,-0.6244539177213186,-0.9186215101666309,0,0,1,0.0,0.0,0.0,0.0,1.0,-0.3519723915718554
-1.6681370845600552,-1.0649056488193729,2.0,0,3.0,-1.6808080464476751,-0.3108863855504838,0,1,1,2.0,0.0,0.0,0.0,0.0,-1.3702272914858324
0.9631483547582466,1.4757889597967662,0.0,0,0.0,-1.3165480020592764,-0.9277474864084676,0,0,0,0.0,0.0,1.0,0.0,0.0,-0.861099841528844
0.9631483547582466,-1.62950445073407,0.0,1,3.0,-1.6877463330074542,-0.8589710188415429,0,1,1,2.0,0.0,0.0,0.0,0.0,-1.3702272914858324
-1.1418799966963948,1.1934895588394174,0.0,1,0.0,1.0806300043443768,1.2788632502016488,0,1,0,1.0,0.0,1.0,0.0,0.0,0.6662825083421218
0.9631483547582466,0.3465913559673712,0.0,1,0.0,0.1491650336940428,-0.8016763559698615,0,0,0,1.0,0.0,0.0,0.0,0.0,-0.861099841528844
1.489405442621907,-1.62950445073407,0.0,0,3.0,-1.677338903167786,-0.9325048875570944,0,0,0,2.0,0.0,0.0,0.0,0.0,-1.3702272914858324
0.4368912668945862,1.4757889597967662,0.0,1,2.0,1.0979757207438243,-0.4239890234349009,1,1,0,1.0,0.0,0.0,1.0,0.0,0.6662825083421218
0.9631483547582466,-1.0649056488193729,0.0,0,1.0,1.1239942953429958,-0.5606956900951965,1,0,0,1.0,1.0,0.0,0.0,1.0,1.1754099582991104
0.9631483547582466,-0.2180074459473263,0.0,1,2.0,0.223751614211667,-0.7882961652393491,1,1,0,1.0,0.0,0.0,0.0,0.0,-0.861099841528844
-0.0893658209690741,0.9111901578820688,0.0,1,0.0,-0.4249781791276717,-0.3007769081096522,0,0,0,0.0,1.0,0.0,0.0,0.0,-0.3519723915718554
-1.6681370845600552,-1.0649056488193729,2.0,0,1.0,-1.6721351882479514,-0.2937780391121534,0,1,1,2.0,0.0,0.0,0.0,0.0,-1.3702272914858324
-1.1418799966963948,-1.3472050497767214,0.0,1,2.0,1.0788954327044322,1.811394841276044,1,1,0,1.0,0.0,0.0,0.0,1.0,0.6662825083421218
0.9631483547582466,0.0642919550100224,0.0,1,3.0,-0.8551519458339712,-0.8412679972596342,0,0,0,0.0,1.0,1.0,1.0,1.0,0.6662825083421218
-0.0893658209690741,0.0642919550100224,0.0,1,2.0,0.7389193912752601,0.2928918621487766,0,1,1,1.0,0.0,0.0,1.0,0.0,0.1571550583851332
-1.6681370845600552,-1.0649056488193729,2.0,0,1.0,0.3278259126083525,1.5974032780714724,0,0,0,0.0,1.0,1.0,1.0,1.0,1.6845374082560989
0.4368912668945862,-1.3472050497767214,0.0,1,2.0,0.3972087782061427,-0.1499123986080111,0,0,0,1.0,0.0,1.0,0.0,0.0,-0.3519723915718554
-0.6156229088327345,-0.2180074459473263,0.0,1,1.0,0.9245185567493488,0.7238483642758115,1,1,1,1.0,0.0,0.0,0.0,0.0,0.1571550583851332
-1.6681370845600552,-1.0649056488193729,1.0,1,1.0,0.7874873971937129,1.8288920137697908,0,1,0,1.0,1.0,1.0,0.0,0.0,0.6662825083421218
-1.6681370845600552,0.62889075692472,1.0,1,2.0,1.3720380398550962,2.2823775549900818,1,1,1,1.0,0.0,1.0,1.0,0.0,1.1754099582991104
0.9631483547582466,0.62889075692472,0.0,1,3.0,-1.5073508824531996,-0.930263419708222,0,0,0,0.0,0.0,0.0,0.0,0.0,-1.3702272914858324
-0.0893658209690741,-0.7826062478620239,0.0,1,1.0,0.6469870943581877,0.2924572918515464,0,0,1,1.0,0.0,0.0,0.0,0.0,-0.3519723915718554
0.9631483547582466,1.4757889597967662,0.0,1,0.0,-0.6227193460813738,-0.918598638045724,0,0,0,0.0,0.0,0.0,0.0,0.0,-0.861099841528844
-0.0893658209690741,0.62889075692472,2.0,1,3.0,-1.677338903167786,-0.7027544330476969,0,1,0,2.0,0.0,0.0,0.0,0.0,-1.3702272914858324
-1.6681370845600552,1.1934895588394174,1.0,1,1.0,0.4093507796857563,1.2479401427355754,0,1,0,0.0,1.0,1.0,0.0,0.0,1.1754099582991104
-1.1418799966963948,0.62889075692472,1.0,1,2.0,-0.2359098703736931,0.594598009031152,0,0,0,0.0,0.0,0.0,1.0,0.0,0.1571550583851332
0.9631483547582466,-1.62950445073407,0.0,1,2.0,1.0615497163049843,-0.4667370174098201,0,1,0,1.0,0.0,0.0,1.0,0.0,0.6662825083421218
0.9631483547582466,0.3465913559673712,0.0,0,2.0,0.2653813335703413,-0.7522268305692326,0,0,0,1.0,0.0,0.0,0.0,0.0,-0.861099841528844
-1.6681370845600552,-1.0649056488193729,2.0,0,3.0,0.8030985419532158,1.937580332319184,0,1,1,0.0,1.0,1.0,1.0,1.0,2.193664858213088
0.9631483547582466,0.62889075692472,0.0,1,1.0,0.8187096867127187,-0.8303122513452488,0,1,0,1.0,0.0,1.0,0.0,0.0,0.1571550583851332
-1.1418799966963948,0.3465913559673712,1.0,0,3.0,0.145695890414153,0.8361962221703023,1,0,0,0.0,0.0,1.0,0.0,1.0,0.6662825083421218
-0.6156229088327345,-1.0649056488193729,0.0,0,2.0,-0.4735461850461248,0.2196324588841076,0,1,1,0.0,0.0,1.0,0.0,0.0,-0.3519723915718554
-1.6681370845600552,0.62889075692472,0.0,1,2.0,1.231537737019571,2.0790444001281063,0,1,0,1.0,0.0,1.0,1.0,0.0,1.1754099582991104
0.4368912668945862,1.4757889597967662,0.0,1,2.0,0.9765557059476916,-0.4162582465683827,0,0,0,1.0,0.0,0.0,0.0,0.0,0.1571550583851332
0.9631483547582466,0.3465913559673712,1.0,0,3.0,-1.4848014511339178,-0.8632252333302187,0,1,0,2.0,0.0,0.0,0.0,0.0,-1.3702272914858324
0.9631483547582466,-0.5003068469046751,0.0,1,2.0,-0.6261884893612634,-0.7742298108816309,0,0,0,0.0,1.0,0.0,0.0,0.0,-0.3519723915718554
-0.0893658209690741,1.4757889597967662,0.0,1,0.0,0.7371848196353153,0.0913427327175362,0,1,1,1.0,0.0,1.0,1.0,0.0,0.6662825083421218
0.9631483547582466,0.9111901578820688,0.0,1,0.0,-1.654789471848504,-0.9322075499853052,0,0,0,2.0,0.0,0.0,0.0,0.0,-1.3702272914858324
-1.6681370845600552,-1.3472050497767214,2.0,0,0.0,1.295716887697527,2.539574554587709,0,1,1,1.0,1.0,0.0,1.0,0.0,1.1754099582991104
1.489405442621907,-1.62950445073407,0.0,1,3.0,-1.6704006166080068,-0.9324133990734668,0,0,0,2.0,0.0,0.0,0.0,0.0,-1.3702272914858324
-1.6681370845600552,1.1934895588394174,0.0,1,3.0,-1.6825426180876202,-0.4004993552635569,0,1,1,2.0,0.0,0.0,0.0,0.0,-1.3702272914858324
-0.6156229088327345,0.62889075692472,0.0,1,0.0,0.9626791328281336,0.7781010350668808,1,0,0,1.0,0.0,0.0,0.0,0.0,0.1571550583851332
0.4368912668945862,-1.62950445073407,0.0,1,0.0,0.7840182539138236,-0.0674584027387849,1,0,0,1.0,0.0,0.0,0.0,1.0,0.1571550583851332
0.9631483547582466,0.62889075692472,0.0,0,2.0,0.3920050632863087,-0.862378964856665,1,1,0,1.0,0.0,0.0,1.0,0.0,-0.3519723915718554
0.9631483547582466,1.4757889597967662,0.0,0,2.0,0.4041470647659218,-0.8720309998793594,0,0,0,1.0,0.0,1.0,0.0,0.0,-0.3519723915718554
0.9631483547582466,0.3465913559673712,0.0,1,3.0,-1.675604331527841,-0.9141157023479796,0,0,0,2.0,0.0,0.0,0.0,0.0,-1.3702272914858324
0.4368912668945862,0.3465913559673712,0.0,1,1.0,0.9609445611881886,-0.2298275890565759,0,0,0,1.0,0.0,1.0,1.0,0.0,0.6662825083421218
0.9631483547582466,0.62889075692472,0.0,0,0.0,0.2254861858516122,-0.8427318129976732,0,0,0,1.0,0.0,0.0,0.0,0.0,-0.861099841528844
0.9631483547582466,-0.5003068469046751,0.0,1,3.0,0.4076162080458116,-0.6648324565841248,0,0,0,1.0,1.0,0.0,0.0,0.0,-0.3519723915718554
0.9631483547582466,-0.5003068469046751,0.0,1,2.0,0.4544496423243199,-0.771439412130994,1,1,0,1.0,0.0,1.0,0.0,0.0,-0.3519723915718554
0.9631483547582466,0.62889075692472,0.0,1,2.0,0.6174993764791271,-0.8637741642319834,0,0,0,1.0,0.0,0.0,0.0,0.0,-0.3519723915718554
-0.6156229088327345,0.9111901578820688,0.0,0,0.0,1.071957146144653,0.6484161095249911,0,0,0,1.0,0.0,0.0,0.0,1.0,0.6662825083421218
0.4368912668945862,-1.62950445073407,1.0,1,3.0,-1.4258260153757962,-0.6058910010071495,0,1,0,2.0,0.0,0.0,0.0,0.0,-1.3702272914858324
0.9631483547582466,-0.5003068469046751,0.0,1,1.0,0.9210494134694596,-0.60159104227666,1,0,0,1.0,0.0,0.0,1.0,0.0,0.6662825083421218
-0.6156229088327345,-0.7826062478620239,0.0,1,2.0,1.0736917177845977,1.146731007722725,1,1,0,1.0,0.0,0.0,1.0,0.0,0.6662825083421218
-1.6681370845600552,-1.3472050497767214,2.0,0,0.0,-0.1092861406577259,1.2564485717129272,0,1,0,0.0,1.0,1.0,0.0,1.0,0.6662825083421218
-1.6681370845600552,0.3465913559673712,1.0,1,0.0,1.2714328847383,2.159577137841157,0,0,0,1.0,1.0,1.0,1.0,1.0,1.6845374082560989
-1.6681370845600552,0.9111901578820688,2.0,1,0.0,1.5160074859705106,2.305935839524146,1,1,1,1.0,1.0,0.0,1.0,1.0,1.6845374082560989
-1.6681370845600552,0.62889075692472,0.0,1,0.0,0.9557408462683544,1.9053535139614204,1,0,0,1.0,0.0,1.0,1.0,0.0,0.6662825083421218
0.9631483547582466,1.4757889597967662,0.0,1,2.0,0.8898271239504536,-0.8986541486149431,1,0,0,1.0,0.0,0.0,0.0,0.0,0.1571550583851332
0.9631483547582466,-1.0649056488193729,0.0,0,3.0,-0.7961765100758494,-0.7442902046145525,0,0,0,0.0,0.0,0.0,0.0,0.0,-0.861099841528844
-1.1418799966963948,0.62889075692472,0.0,0,1.0,0.7684071091543206,1.138657149042604,1,1,0,1.0,0.0,1.0,0.0,0.0,0.1571550583851332
0.9631483547582466,1.4757889597967662,0.0,0,3.0,-1.6669314733281173,-0.9178438580557976,0,0,0,2.0,0.0,0.0,0.0,0.0,-1.3702272914858324
-1.6681370845600552,0.9111901578820688,2.0,1,0.0,-1.6721351882479514,-0.3586433740040051,0,1,1,2.0,0.0,0.0,0.0,0.0,-1.3702272914858324
-1.6681370845600552,1.4757889597967662,2.0,1,1.0,0.4180236378854801,1.2633102079849847,1,1,0,0.0,1.0,0.0,1.0,1.0,1.6845374082560989
0.9631483547582466,-0.7826062478620239,0.0,0,2.0,-0.6660836370799927,-0.7858031040605015,0,1,1,0.0,0.0,0.0,1.0,0.0,-0.3519723915718554
0.9631483547582466,0.3465913559673712,0.0,0,2.0,0.0607018800568603,-0.8407648105996833,0,0,1,1.0,0.0,0.0,0.0,0.0,-0.861099841528844
0.9631483547582466,0.3465913559673712,2.0,0,1.0,-1.6738697598878964,-0.887995740272347,0,0,0,2.0,0.0,0.0,0.0,0.0,-1.3702272914858324
-0.6156229088327345,0.9111901578820688,0.0,1,2.0,1.1517474415821118,0.7712393987948232,1,0,0,1.0,0.0,0.0,1.0,0.0,0.6662825083421218
0.4368912668945862,-1.3472050497767214,0.0,1,2.0,0.7406539629152047,0.0695913457351134,0,1,0,1.0,1.0,0.0,0.0,1.0,0.6662825083421218
0.4368912668945862,-0.7826062478620239,0.0,1,2.0,0.9765557059476916,-0.1451778695802912,0,0,0,1.0,1.0,0.0,0.0,0.0,0.6662825083421218
-0.6156229088327345,-1.3472050497767214,0.0,1,0.0,0.0953933128557554,0.6802083575855249,1,1,0,1.0,0.0,0.0,0.0,0.0,-0.861099841528844
-1.6681370845600552,-1.62950445073407,1.0,1,1.0,0.3711902036069713,1.508819553799208,0,0,0,0.0,1.0,1.0,1.0,1.0,1.6845374082560989
-1.6681370845600552,-1.3472050497767214,2.0,1,1.0,-1.6582586151283931,-0.3347648797772445,0,1,1,2.0,0.0,0.0,0.0,0.0,-1.3702272914858324
1.489405442621907,-1.62950445073407,0.0,1,2.0,-0.8031147966356286,-0.9209773386200374,0,0,0,0.0,0.0,0.0,0.0,0.0,-0.861099841528844
0.4368912668945862,0.62889075692472,0.0,1,3.0,0.0381524487375783,-0.4346016875356834,0,0,0,0.0,0.0,0.0,1.0,1.0,0.6662825083421218
-0.6156229088327345,-0.5003068469046751,1.0,0,2.0,-1.169109412663972,-0.2110953220338586,1,0,0,0.0,0.0,0.0,0.0,0.0,-0.861099841528844
0.9631483547582466,0.62889075692472,0.0,1,0.0,0.4110853513257009,-0.8685315653806099,1,0,0,1.0,0.0,0.0,0.0,0.0,-0.3519723915718554
0.9631483547582466,-0.7826062478620239,0.0,1,2.0,-1.2992022856598289,-0.8378600512445122,0,0,0,0.0,1.0,0.0,0.0,0.0,-0.861099841528844
-1.6681370845600552,1.1934895588394174,1.0,1,0.0,0.5585239407210053,1.496514352751318,1,1,0,0.0,1.0,1.0,1.0,1.0,2.193664858213088
-1.1418799966963948,1.1934895588394174,1.0,0,1.0,0.6816785271570829,1.1060186325085162,0,0,0,1.0,0.0,0.0,0.0,0.0,0.1571550583851332
0.9631483547582466,1.4757889597967662,0.0,0,3.0,0.6209685197590163,-0.9021993273555062,0,0,0,1.0,0.0,0.0,0.0,0.0,-0.3519723915718554
0.9631483547582466,-0.7826062478620239,0.0,1,2.0,0.4631225005240436,-0.6734095019241969,1,0,0,1.0,0.0,0.0,1.0,0.0,-0.3519723915718554
-1.6681370845600552,0.3465913559673712,0.0,1,2.0,1.293982316057582,2.231761551423203,0,1,0,1.0,0.0,1.0,1.0,0.0,1.1754099582991104
0.9631483547582466,-0.5003068469046751,0.0,1,3.0,0.0554981651370258,-0.6426236271835649,0,0,0,0.0,1.0,0.0,1.0,1.0,1.1754099582991104
0.4368912668945862,0.62889075692472,0.0,1,1.0,0.6053573749995135,-0.3123959455303364,1,1,0,1.0,0.0,0.0,0.0,0.0,-0.3519723915718554
-1.1418799966963948,0.62889075692472,1.0,1,0.0,1.287044029497803,1.5410235000360657,0,0,0,1.0,0.0,1.0,1.0,1.0,1.6845374082560989
0.9631483547582466,0.3465913559673712,0.0,1,2.0,1.1725623012614492,-0.7746872532997681,0,0,1,1.0,0.0,1.0,0.0,0.0,0.6662825083421218
0.4368912668945862,0.9111901578820688,0.0,0,0.0,0.2497701888108384,-0.3866388499940004,0,0,0,1.0,0.0,1.0,0.0,0.0,-0.3519723915718554
0.9631483547582466,0.62889075692472,0.0,1,2.0,0.4024124931259771,-0.9050812145897704,0,0,0,1.0,0.0,0.0,0.0,0.0,-0.3519723915718554
-0.6156229088327345,-1.3472050497767214,1.0,0,3.0,0.711166245036144,0.8484785510972855,1,1,0,1.0,0.0,1.0,0.0,0.0,0.1571550583851332
0.9631483547582466,-0.5003068469046751,1.0,1,2.0,-1.6651969016881725,-0.8661528648062967,0,0,0,2.0,0.0,0.0,0.0,0.0,-1.3702272914858324
-0.6156229088327345,0.3465913559673712,1.0,1,2.0,-1.6946846195672334,-0.5929453805738675,0,1,1,2.0,0.0,0.0,0.0,0.0,-1.3702272914858324
-1.1418799966963948,-0.5003068469046751,2.0,0,3.0,-1.6357091838091116,-0.4276714349009052,0,1,1,2.0,0.0,0.0,0.0,0.0,-1.3702272914858324
-0.0893658209690741,-0.2180074459473263,0.0,1,2.0,0.9713519910278576,0.3143230394385033,1,1,0,1.0,0.0,1.0,1.0,0.0,0.6662825083421218
-1.1418799966963948,1.1934895588394174,0.0,1,2.0,-0.6331267759210425,0.2265627115188858,0,1,0,0.0,0.0,1.0,0.0,0.0,0.1571550583851332
-1.6681370845600552,-1.3472050497767214,1.0,1,2.0,1.2853094578578583,2.509634948320632,0,0,0,1.0,0.0,1.0,1.0,0.0,1.1754099582991104
0.9631483547582466,-1.62950445073407,0.0,0,3.0,-1.3321591468187792,-0.8246857096021615,0,0,0,0.0,0.0,0.0,1.0,0.0,-0.861099841528844
0.9631483547582466,-1.62950445073407,0.0,1,3.0,0.1734490366532695,-0.6434698956571187,0,0,1,0.0,0.0,0.0,1.0,1.0,1.1754099582991104
-1.6681370845600552,0.3465913559673712,2.0,0,0.0,1.4136677592137703,2.232264738083154,0,1,1,1.0,1.0,0.0,1.0,1.0,1.6845374082560989
-0.6156229088327345,0.9111901578820688,0.0,1,1.0,0.567196798920729,0.5518728871771397,0,0,0,1.0,0.0,1.0,1.0,1.0,0.6662825083421218
0.9631483547582466,-1.0649056488193729,0.0,1,2.0,0.6469870943581877,-0.6442704198888587,0,0,0,1.0,0.0,0.0,0.0,0.0,-0.3519723915718554
-1.1418799966963948,0.9111901578820688,0.0,1,0.0,1.3703034682151514,1.4012519691742509,0,0,0,1.0,0.0,1.0,1.0,0.0,1.1754099582991104
-0.6156229088327345,0.9111901578820688,0.0,0,1.0,0.23936275897117,0.417933747146574,0,0,0,1.0,0.0,1.0,0.0,0.0,-0.3519723915718554
0.9631483547582466,0.62889075692472,0.0,1,2.0,-1.1378871231449663,-0.9099987205847452,0,1,0,0.0,0.0,0.0,0.0,0.0,-0.861099841528844
-1.6681370845600552,1.4757889597967662,1.0,0,0.0,-1.4952088809735864,-0.2661485170566678,0,1,1,2.0,0.0,0.0,0.0,0.0,-1.3702272914858324
-1.1418799966963948,-1.3472050497767214,1.0,0,1.0,1.1239942953429958,1.6268396976785997,0,1,0,1.0,0.0,1.0,0.0,0.0,0.6662825083421218
-0.6156229088327345,0.9111901578820688,2.0,1,0.0,-1.640912898728946,-0.5630057743067892,0,0,0,2.0,0.0,0.0,0.0,0.0,-1.3702272914858324
-1.1418799966963948,-1.3472050497767214,0.0,1,2.0,1.3269391772165329,1.9913298164503024,0,1,0,1.0,0.0,1.0,1.0,0.0,1.1754099582991104
-0.0893658209690741,1.1934895588394174,0.0,1,0.0,0.7250428181557018,0.0989362768586133,0,0,0,1.0,0.0,0.0,0.0,0.0,0.1571550583851332
-1.6681370845600552,0.62889075692472,1.0,1,0.0,1.222864878819847,2.1657068662441947,1,1,0,1.0,0.0,1.0,1.0,0.0,1.1754099582991104
0.9631483547582466,-0.7826062478620239,0.0,1,2.0,0.9141111269096804,-0.6354189090979043,0,0,0,1.0,0.0,1.0,0.0,0.0,0.6662825083421218
0.9631483547582466,0.9111901578820688,0.0,1,2.0,-0.5446636222838598,-0.9175693926049152,0,0,0,0.0,0.0,0.0,0.0,1.0,-0.3519723915718554
0.4368912668945862,-0.7826062478620239,0.0,1,2.0,0.9141111269096804,-0.0385709140334221,1,0,0,1.0,0.0,0.0,0.0,0.0,0.1571550583851332
-1.6681370845600552,0.9111901578820688,1.0,1,1.0,0.1786527515731035,1.2033395069672006,0,1,1,0.0,1.0,0.0,1.0,0.0,1.1754099582991104
0.9631483547582466,1.1934895588394174,0.0,1,2.0,-0.8048493682755732,-0.8985855322522225,1,0,0,0.0,0.0,0.0,0.0,0.0,-0.861099841528844
0.9631483547582466,1.4757889597967662,0.0,1,2.0,0.0745784531764181,-0.9094040454411668,0,0,0,1.0,0.0,0.0,0.0,0.0,-0.861099841528844
-0.0893658209690741,-1.0649056488193729,0.0,0,2.0,-0.1821381495354058,0.0991878701885889,0,1,0,0.0,1.0,1.0,0.0,1.0,0.6662825083421218
0.4368912668945862,0.9111901578820688,0.0,0,0.0,0.4787336452835465,-0.5486878266190955,0,0,0,1.0,1.0,0.0,1.0,0.0,0.1571550583851332
0.9631483547582466,-0.7826062478620239,0.0,1,1.0,0.4371039259248723,-0.7296291751132561,0,0,0,1.0,0.0,0.0,0.0,0.0,-0.3519723915718554
-1.1418799966963948,0.0642919550100224,1.0,1,2.0,-0.1283664286971182,0.7178329964773077,0,0,0,0.0,0.0,1.0,0.0,1.0,0.6662825083421218
0.9631483547582466,-0.5003068469046751,1.0,0,3.0,-1.6582586151283931,-0.854419466781078,0,0,1,2.0,0.0,0.0,0.0,0.0,-1.3702272914858324
0.9631483547582466,0.0642919550100224,0.0,1,0.0,0.23936275897117,-0.7941971724333186,0,0,0,1.0,0.0,0.0,1.0,0.0,-0.3519723915718554
0.9631483547582466,0.9111901578820688,0.0,0,3.0,-1.325220860259,-0.927861847013002,0,0,0,0.0,1.0,0.0,0.0,0.0,-0.861099841528844
-0.0893658209690741,-1.0649056488193729,1.0,0,2.0,-1.6651969016881725,-0.6367912363523158,0,1,1,2.0,0.0,0.0,0.0,0.0,-1.3702272914858324
0.9631483547582466,-0.7826062478620239,0.0,1,2.0,0.8048331135931605,-0.7331743538538192,0,0,0,1.0,0.0,0.0,0.0,0.0,0.1571550583851332
0.4368912668945862,-1.3472050497767214,0.0,0,2.0,-0.3087618792513729,-0.3674948847949595,0,0,0,0.0,1.0,1.0,0.0,0.0,0.1571550583851332
-1.6681370845600552,0.0642919550100224,2.0,0,0.0,0.63311052123863,1.7500746851247555,0,1,0,0.0,0.0,1.0,1.0,1.0,1.6845374082560989
0.9631483547582466,0.0642919550100224,0.0,0,0.0,0.0433561636574127,-0.7179186492089442,0,0,0,1.0,0.0,0.0,0.0,0.0,-0.861099841528844
-1.6681370845600552,0.0642919550100224,1.0,1,1.0,1.542026060569682,2.4383425474539524,0,1,1,1.0,0.0,1.0,1.0,1.0,1.6845374082560989
-1.1418799966963948,-1.0649056488193729,1.0,1,0.0,1.2783711712980792,1.5793571746759605,1,0,0,1.0,0.0,1.0,1.0,0.0,1.1754099582991104
-0.6156229088327345,-0.5003068469046751,0.0,1,0.0,0.9019691254300672,0.9799246299490034,1,0,0,1.0,0.0,0.0,0.0,0.0,0.1571550583851332
0.4368912668945862,-1.0649056488193729,0.0,1,0.0,0.7129008166760887,0.0331560571304873,1,1,1,1.0,0.0,1.0,1.0,0.0,0.6662825083421218
0.9631483547582466,1.1934895588394174,0.0,0,3.0,-1.6860117613675096,-0.9164257865595724,0,1,1,2.0,0.0,0.0,0.0,0.0,-1.3702272914858324
0.4368912668945862,-1.0649056488193729,0.0,0,3.0,0.95053713134852,0.0616775919013403,0,0,0,1.0,0.0,1.0,0.0,0.0,0.6662825083421218
0.9631483547582466,0.9111901578820688,0.0,1,2.0,-0.4163053209279479,-0.8323478701059592,0,0,0,0.0,0.0,0.0,0.0,0.0,-0.3519723915718554
-1.6681370845600552,-0.2180074459473263,2.0,0,3.0,-1.0060596785091651,0.3024295365669367,0,0,0,0.0,1.0,0.0,1.0,1.0,0.1571550583851332
0.4368912668945862,-1.0649056488193729,0.0,1,1.0,1.0684880028647636,0.0873858558006496,0,0,0,1.0,0.0,1.0,0.0,0.0,0.6662825083421218
-1.6681370845600552,-0.2180074459473263,1.0,1,1.0,1.150012869942167,2.155666005166084,0,1,1,1.0,0.0,1.0,0.0,0.0,0.6662825083421218
0.9631483547582466,1.4757889597967662,0.0,0,0.0,-1.347770291578282,-0.9209773386200374,0,1,1,0.0,0.0,0.0,0.0,1.0,-0.861099841528844
-0.0893658209690741,0.9111901578820688,0.0,0,1.0,0.7076971017562542,0.1874056405263435,1,0,0,1.0,0.0,0.0,1.0,0.0,0.1571550583851332
0.9631483547582466,-0.2180074459473263,2.0,0,3.0,-1.6530549002085593,-0.8615555685040179,0,0,0,2.0,0.0,0.0,0.0,0.0,-1.3702272914858324
-1.6681370845600552,-0.7826062478620239,2.0,1,2.0,0.4093507796857563,1.4799778093356588,0,1,1,0.0,1.0,0.0,1.0,0.0,1.1754099582991104
0.9631483547582466,0.62889075692472,0.0,1,3.0,-0.6331267759210425,-0.9187358707711653,0,0,0,0.0,0.0,0.0,1.0,0.0,-0.3519723915718554
-1.1418799966963948,0.9111901578820688,0.0,1,2.0,1.4292789039732727,1.642164018686195,1,1,0,1.0,1.0,1.0,1.0,0.0,1.6845374082560989
0.4368912668945862,0.3465913559673712,0.0,1,3.0,-0.6209847744414291,-0.5330890401606178,0,0,0,0.0,0.0,0.0,1.0,0.0,-0.3519723915718554
-1.6681370845600552,0.3465913559673712,1.0,1,0.0,0.7857528255537682,1.863108706646452,0,1,0,1.0,0.0,1.0,1.0,1.0,0.6662825083421218
-0.6156229088327345,1.4757889597967662,1.0,0,0.0,0.9401297015088516,0.7079064960037308,0,0,0,1.0,0.0,0.0,1.0,1.0,0.6662825083421218
-0.6156229088327345,0.62889075692472,1.0,1,2.0,0.02427587561802,0.3746368222698903,0,0,0,0.0,0.0,0.0,1.0,1.0,0.6662825083421218
-1.6681370845600552,0.3465913559673712,2.0,1,0.0,1.1968463042206758,2.019050826989416,1,0,0,1.0,1.0,0.0,0.0,0.0,0.6662825083421218
-0.0893658209690741,-1.0649056488193729,0.0,1,0.0,0.7614688225945415,0.5046190853835691,0,1,0,1.0,0.0,0.0,0.0,1.0,0.1571550583851332
-0.0893658209690741,1.4757889597967662,0.0,0,1.0,0.6244376630389062,0.0633015124857272,0,1,0,1.0,0.0,0.0,0.0,1.0,0.1571550583851332
0.9631483547582466,0.3465913559673712,0.0,0,2.0,-0.4752807566860695,-0.8004412614408911,0,0,0,0.0,1.0,0.0,0.0,1.0,0.1571550583851332
0.9631483547582466,1.4757889597967662,0.0,0,3.0,-1.6599931867683384,-0.9260320773404532,0,0,0,2.0,0.0,0.0,0.0,0.0,-1.3702272914858324
0.4368912668945862,0.62889075692472,0.0,0,0.0,-0.0745947078588308,-0.4331378717976444,0,0,0,0.0,1.0,0.0,0.0,0.0,0.1571550583851332
0.9631483547582466,0.62889075692472,0.0,0,2.0,0.2567084753706175,-0.9070024727459466,0,0,0,1.0,0.0,0.0,1.0,0.0,-0.3519723915718554
-1.1418799966963948,0.0642919550100224,1.0,1,0.0,0.9141111269096804,1.2853589325391968,0,1,0,1.0,0.0,1.0,0.0,0.0,0.6662825083421218
0.9631483547582466,0.3465913559673712,0.0,0,2.0,-0.8083185115554627,-0.8970302280305562,0,1,0,0.0,0.0,0.0,0.0,0.0,-0.3519723915718554
-0.6156229088327345,-0.7826062478620239,2.0,0,1.0,-1.6704006166080068,-0.5496484556971836,0,1,1,2.0,0.0,0.0,0.0,0.0,-1.3702272914858324
-0.0893658209690741,-0.5003068469046751,1.0,0,0.0,0.6053573749995135,0.2160644080226377,0,0,0,0.0,1.0,1.0,1.0,1.0,2.193664858213088
0.4368912668945862,0.3465913559673712,0.0,1,2.0,1.1135868655033274,-0.239388135595643,0,1,0,1.0,0.0,1.0,0.0,0.0,0.6662825083421218
-0.6156229088327345,1.4757889597967662,1.0,1,1.0,0.6261722346788509,0.4812437778167594,0,0,0,0.0,1.0,0.0,1.0,1.0,1.6845374082560989
-0.0893658209690741,1.4757889597967662,0.0,1,3.0,1.2540871683388526,0.1884806302089658,0,0,0,1.0,0.0,0.0,1.0,1.0,1.1754099582991104
-1.1418799966963948,-0.5003068469046751,2.0,0,1.0,-1.7033574777669571,-0.4408457765432559,0,0,0,2.0,0.0,0.0,0.0,0.0,-1.3702272914858324
-1.6681370845600552,0.9111901578820688,2.0,1,2.0,1.295716887697527,2.17986470908554,0,1,0,1.0,0.0,1.0,0.0,1.0,1.1754099582991104
-0.0893658209690741,0.3465913559673712,2.0,1,3.0,-0.4249781791276717,-0.1849067435955052,0,0,0,0.0,1.0,0.0,1.0,0.0,0.1571550583851332
-0.0893658209690741,0.9111901578820688,0.0,1,2.0,1.0962411491038797,0.1422560738562042,0,0,0,1.0,0.0,1.0,1.0,0.0,1.1754099582991104
0.9631483547582466,-1.0649056488193729,0.0,1,2.0,0.7822836822738789,-0.669978683788168,0,0,0,1.0,0.0,0.0,1.0,0.0,0.1571550583851332
0.9631483547582466,0.62889075692472,0.0,0,2.0,-0.4700770417662352,-0.9165858914059204,0,0,0,0.0,0.0,0.0,1.0,0.0,-0.3519723915718554
-1.6681370845600552,0.0642919550100224,2.0,0,0.0,-1.1014611187061267,0.1721728080023754,0,1,1,0.0,1.0,1.0,0.0,0.0,-0.3519723915718554
0.9631483547582466,1.4757889597967662,0.0,1,0.0,0.5515856541612262,-0.8665645629826201,1,0,0,1.0,0.0,1.0,0.0,0.0,0.1571550583851332
0.9631483547582466,-1.3472050497767214,1.0,0,1.0,-1.490005166053752,-0.8131810327860115,0,0,0,2.0,0.0,0.0,0.0,0.0,-1.3702272914858324
0.9631483547582466,-0.5003068469046751,0.0,0,2.0,0.6365796645185193,-0.5889885036569809,0,0,0,1.0,0.0,0.0,0.0,1.0,0.1571550583851332
0.9631483547582466,1.1934895588394174,0.0,1,2.0,0.2705850484901758,-0.854899781320122,0,0,0,1.0,1.0,0.0,0.0,0.0,-0.3519723915718554
0.9631483547582466,0.9111901578820688,0.0,0,3.0,-0.664349065440048,-0.8591768679297047,1,0,0,0.0,0.0,0.0,0.0,0.0,-0.861099841528844
0.9631483547582466,1.4757889597967662,0.0,0,3.0,-1.6565240434884487,-0.932230422106212,0,0,0,2.0,0.0,0.0,0.0,0.0,-1.3702272914858324
0.4368912668945862,-0.2180074459473263,0.0,0,3.0,0.9453334164286862,-0.127223254668407,0,1,1,1.0,0.0,0.0,1.0,0.0,0.6662825083421218
-0.6156229088327345,0.9111901578820688,1.0,1,2.0,0.594949945159845,0.5935687635903434,0,1,1,1.0,0.0,0.0,1.0,0.0,0.1571550583851332
-1.1418799966963948,-1.0649056488193729,1.0,1,2.0,1.0962411491038797,1.7528879559962989,1,0,0,1.0,0.0,0.0,1.0,0.0,0.6662825083421218
0.4368912668945862,0.62889075692472,0.0,0,2.0,0.5602585123609499,-0.4404112062460256,0,1,1,1.0,1.0,0.0,0.0,0.0,0.1571550583851332
-0.6156229088327345,1.4757889597967662,0.0,1,2.0,0.8534011195116139,0.647432608325996,1,1,0,1.0,0.0,0.0,0.0,0.0,0.1571550583851332
0.9631483547582466,1.4757889597967662,0.0,0,3.0,-1.6513203285686144,-0.9226012592044244,0,0,0,2.0,0.0,0.0,0.0,0.0,-1.3702272914858324
0.4368912668945862,0.0642919550100224,0.0,1,2.0,0.9193148418295148,-0.2015347754947915,0,0,0,1.0,1.0,1.0,0.0,0.0,0.6662825083421218
0.9631483547582466,-0.5003068469046751,0.0,0,1.0,-0.4163053209279479,-0.7743212993652583,0,1,1,0.0,1.0,1.0,0.0,0.0,0.1571550583851332
-0.6156229088327345,1.1934895588394174,0.0,0,0.0,-0.9297385263515956,-0.2108894729456968,0,0,0,0.0,0.0,1.0,1.0,1.0,0.1571550583851332
0.9631483547582466,0.62889075692472,0.0,0,3.0,-0.6071082013218712,-0.8469402832445352,0,0,0,0.0,0.0,0.0,0.0,0.0,-0.861099841528844
-0.0893658209690741,-1.3472050497767214,1.0,1,2.0,1.243679738499184,0.5960389526482842,0,1,0,1.0,1.0,0.0,1.0,1.0,1.6845374082560989
0.9631483547582466,0.9111901578820688,0.0,0,0.0,0.0641710233367496,-0.875324585289947,0,0,0,1.0,0.0,0.0,0.0,0.0,-0.861099841528844
-1.6681370845600552,1.4757889597967662,1.0,1,1.0,0.938395129868907,1.707989982656135,0,1,1,1.0,1.0,1.0,0.0,0.0,0.6662825083421218
0.9631483547582466,0.0642919550100224,0.0,1,2.0,1.0407348566256478,-0.797216292393024,0,0,0,1.0,0.0,1.0,0.0,1.0,1.1754099582991104
-0.0893658209690741,1.4757889597967662,0.0,1,2.0,0.2445664738910044,-0.1590155027289409,0,0,0,1.0,0.0,0.0,0.0,0.0,-0.861099841528844
0.9631483547582466,0.3465913559673712,0.0,0,3.0,-0.7718925071166229,-0.793488136685206,0,1,0,0.0,0.0,0.0,0.0,0.0,-0.861099841528844
0.9631483547582466,-1.0649056488193729,1.0,0,3.0,-1.640912898728946,-0.8344521052293902,0,1,1,2.0,0.0,0.0,0.0,0.0,-1.3702272914858324
-1.1418799966963948,1.1934895588394174,1.0,1,1.0,-0.3989596045285003,0.398172234683048,0,0,0,0.0,0.0,1.0,1.0,0.0,0.6662825083421218
0.9631483547582466,0.62889075692472,0.0,1,2.0,0.0364178770976336,-0.7806568768564581,0,1,0,1.0,0.0,0.0,0.0,0.0,-0.861099841528844
0.9631483547582466,0.9111901578820688,0.0,1,2.0,0.5880116586000659,-0.9026338976527366,0,0,0,1.0,0.0,0.0,1.0,0.0,0.1571550583851332
0.9631483547582466,-1.3472050497767214,0.0,1,2.0,-0.4718116134061801,-0.6420518241608935,0,0,0,0.0,0.0,1.0,0.0,1.0,0.1571550583851332
-0.0893658209690741,-0.5003068469046751,0.0,1,2.0,1.1118522938633826,0.5162609949251604,1,0,0,1.0,0.0,1.0,0.0,0.0,0.6662825083421218
-0.0893658209690741,-0.7826062478620239,0.0,0,0.0,-0.61404648788165,-0.1110526651872579,0,1,0,0.0,0.0,0.0,0.0,1.0,-0.3519723915718554
0.4368912668945862,-1.62950445073407,1.0,1,1.0,-0.9453496711110986,-0.4974771479086385,0,0,1,0.0,1.0,0.0,0.0,0.0,-0.3519723915718554
-0.6156229088327345,0.62889075692472,2.0,1,2.0,0.4353693542849276,0.5230768869554044,0,0,0,1.0,0.0,0.0,1.0,1.0,0.1571550583851332
0.4368912668945862,0.0642919550100224,0.0,1,2.0,-1.661727758408283,-0.8096815982872622,0,1,1,2.0,0.0,0.0,0.0,0.0,-1.3702272914858324
0.9631483547582466,0.62889075692472,0.0,1,0.0,-1.654789471848504,-0.9322075499853052,0,0,0,2.0,0.0,0.0,0.0,0.0,-1.3702272914858324
0.4368912668945862,-1.0649056488193729,0.0,1,2.0,-1.5073508824531996,-0.7205946873550468,0,1,0,0.0,0.0,0.0,0.0,0.0,-1.3702272914858324
-0.6156229088327345,-1.0649056488193729,0.0,0,2.0,0.6695365256774698,0.8963041559135273,0,1,1,1.0,0.0,1.0,0.0,0.0,0.1571550583851332
0.4368912668945862,-0.5003068469046751,0.0,1,3.0,-0.8447445159943028,-0.4787448808859211,0,0,0,0.0,1.0,0.0,0.0,1.0,0.1571550583851332
0.4368912668945862,0.9111901578820688,0.0,1,0.0,-0.4631387552064563,-0.5640121476266909,1,1,0,0.0,1.0,1.0,0.0,0.0,0.1571550583851332
0.9631483547582466,1.4757889597967662,0.0,1,2.0,0.0589673084169152,-0.9096098945293284,1,0,0,1.0,0.0,0.0,0.0,0.0,-0.861099841528844
-0.0893658209690741,0.62889075692472,1.0,1,2.0,-0.3174347374510967,-0.1655340571873957,0,0,0,0.0,1.0,1.0,0.0,1.0,0.6662825083421218
-0.6156229088327345,-1.0649056488193729,2.0,0,3.0,-1.6738697598878964,-0.4963106697423887,0,1,0,2.0,0.0,0.0,0.0,0.0,-1.3702272914858324
-1.1418799966963948,0.0642919550100224,1.0,1,0.0,-0.6192502028014845,0.3135225152067633,1,0,0,0.0,0.0,0.0,1.0,0.0,0.1571550583851332
-1.6681370845600552,0.9111901578820688,2.0,1,2.0,0.9089074119898458,1.6377496993511715,0,1,0,1.0,0.0,1.0,0.0,1.0,0.6662825083421218
-1.6681370845600552,-1.3472050497767214,2.0,1,0.0,1.5680446351688533,2.831765899172832,0,1,1,1.0,1.0,1.0,1.0,1.0,2.193664858213088
0.9631483547582466,0.9111901578820688,0.0,0,3.0,-1.6721351882479514,-0.9324362711943736,0,0,0,2.0,0.0,0.0,0.0,0.0,-1.3702272914858324
-1.6681370845600552,-0.5003068469046751,2.0,1,0.0,1.5489643471294612,2.6295763503561997,0,1,0,1.0,1.0,1.0,1.0,1.0,2.193664858213088
-0.0893658209690741,-1.3472050497767214,1.0,0,2.0,-0.4197744642078375,-0.053323432018346,0,0,0,0.0,0.0,0.0,1.0,0.0,-0.3519723915718554
-1.6681370845600552,-1.3472050497767214,2.0,1,1.0,1.5506989187694058,2.7760265405228166,0,1,1,1.0,1.0,1.0,1.0,1.0,2.193664858213088
0.4368912668945862,-0.2180074459473263,0.0,1,2.0,0.7094316733961988,-0.1915625307794011,0,0,0,1.0,0.0,0.0,0.0,1.0,0.1571550583851332
0.9631483547582466,-1.3472050497767214,0.0,0,3.0,-1.4709248780143598,-0.8430062784485555,0,0,1,0.0,0.0,0.0,0.0,0.0,-1.3702272914858324
0.9631483547582466,-0.5003068469046751,0.0,1,2.0,0.4405730692047616,-0.751357689974772,0,0,0,1.0,0.0,0.0,0.0,0.0,-0.3519723915718554
-0.0893658209690741,-0.2180074459473263,0.0,1,0.0,0.6157648048391824,0.2773159478112058,0,0,0,1.0,0.0,0.0,0.0,0.0,-0.3519723915718554
0.9631483547582466,-0.7826062478620239,0.0,1,2.0,0.9522717029884648,-0.6391241926848155,0,0,0,1.0,0.0,0.0,1.0,0.0,0.6662825083421218
0.9631483547582466,-1.0649056488193729,0.0,0,2.0,0.1734490366532695,-0.5670541397073031,0,0,0,1.0,0.0,0.0,1.0,0.0,-0.3519723915718554
0.9631483547582466,1.1934895588394174,0.0,1,3.0,-1.654789471848504,-0.9322075499853052,0,0,0,2.0,0.0,0.0,0.0,0.0,-1.3702272914858324
-0.0893658209690741,-1.62950445073407,0.0,1,2.0,1.032061998425924,0.5258215414642274,0,1,0,1.0,0.0,0.0,0.0,0.0,0.1571550583851332
-1.1418799966963948,0.9111901578820688,2.0,1,1.0,0.4110853513257009,0.987952744387311,0,0,0,0.0,1.0,0.0,0.0,1.0,1.1754099582991104
-0.6156229088327345,-0.5003068469046751,0.0,0,3.0,0.4648570721639883,0.6784014600338829,0,1,1,0.0,1.0,1.0,1.0,1.0,1.6845374082560989
0.9631483547582466,-0.5003068469046751,0.0,1,2.0,0.9297222716691832,-0.6028032646847237,0,0,0,1.0,0.0,0.0,1.0,0.0,0.6662825083421218
0.9631483547582466,-0.5003068469046751,0.0,1,3.0,0.4076162080458116,-0.6648324565841248,0,0,0,1.0,1.0,0.0,0.0,0.0,-0.3519723915718554
0.9631483547582466,0.0642919550100224,0.0,1,3.0,0.2254861858516122,-0.8011960414308175,1,1,0,1.0,0.0,0.0,0.0,0.0,-0.861099841528844
-0.0893658209690741,0.9111901578820688,2.0,0,1.0,-1.4969434526135312,-0.6248519892389356,0,0,0,2.0,0.0,0.0,0.0,0.0,-1.3702272914858324
0.9631483547582466,-0.2180074459473263,0.0,0,3.0,-1.6599931867683384,-0.8666103072244339,0,0,1,2.0,0.0,0.0,0.0,0.0,-1.3702272914858324
0.9631483547582466,-0.2180074459473263,0.0,0,0.0,0.0971278844957001,-0.688299252634562,0,0,0,1.0,0.0,0.0,0.0,0.0,-0.861099841528844
-0.0893658209690741,-1.0649056488193729,0.0,0,1.0,-0.0919404242582784,-0.0291704723407031,0,0,0,0.0,1.0,0.0,1.0,1.0,0.6662825083421218
0.4368912668945862,-1.0649056488193729,0.0,0,1.0,-0.6313922042810975,-0.446838272220853,0,0,0,0.0,0.0,0.0,1.0,0.0,-0.3519723915718554
-0.6156229088327345,-0.2180074459473263,0.0,1,3.0,-0.2081567241345771,0.3961366159223377,0,1,1,0.0,0.0,1.0,1.0,1.0,0.6662825083421218
0.9631483547582466,-1.3472050497767214,0.0,0,3.0,-1.6582586151283931,-0.8391637621362033,0,0,0,2.0,0.0,0.0,0.0,0.0,-1.3702272914858324
-0.6156229088327345,-1.3472050497767214,0.0,1,2.0,-1.3026714289397183,-0.3194634308905559,1,1,0,0.0,0.0,1.0,0.0,0.0,-0.861099841528844
-0.6156229088327345,1.1934895588394174,2.0,1,3.0,-1.5299003137724816,-0.5280114293192951,0,1,1,2.0,0.0,0.0,0.0,0.0,-1.3702272914858324
-1.1418799966963948,-0.2180074459473263,0.0,1,1.0,1.342550321976035,1.7546948535479407,0,0,0,1.0,1.0,1.0,0.0,0.0,1.1754099582991104
0.9631483547582466,1.4757889597967662,0.0,0,2.0,-0.7909727951560152,-0.9208172337736894,1,0,0,0.0,0.0,0.0,0.0,0.0,-0.861099841528844
0.4368912668945862,-0.7826062478620239,0.0,1,2.0,1.2488834534190183,0.0897188121331492,0,1,0,1.0,1.0,0.0,1.0,0.0,1.1754099582991104
-0.0893658209690741,-1.3472050497767214,1.0,0,0.0,0.6227030913989611,0.4325032881642432,0,0,0,0.0,1.0,1.0,1.0,1.0,2.193664858213088
0.9631483547582466,-1.0649056488193729,0.0,1,0.0,-0.7632196489168992,-0.7027086888058831,0,1,0,0.0,0.0,0.0,0.0,0.0,-0.861099841528844
0.9631483547582466,0.0642919550100224,0.0,1,2.0,0.966148276108023,-0.6789902994254705,1,1,0,1.0,0.0,0.0,1.0,0.0,0.6662825083421218
0.9631483547582466,1.4757889597967662,0.0,0,2.0,-0.7666887921967888,-0.9204970240809932,0,0,0,0.0,0.0,0.0,0.0,0.0,-0.861099841528844
0.4368912668945862,0.9111901578820688,1.0,0,0.0,-1.668666044968062,-0.8364191076273801,0,1,1,2.0,0.0,0.0,0.0,0.0,-1.3702272914858324
0.9631483547582466,0.0642919550100224,0.0,0,2.0,-1.368585151257619,-0.8815000579347989,1,0,0,0.0,0.0,1.0,0.0,0.0,-0.861099841528844
0.9631483547582466,-0.7826062478620239,0.0,1,3.0,-1.505616310813255,-0.8178698175719176,0,0,0,2.0,0.0,0.0,0.0,0.0,-1.3702272914858324
-0.6156229088327345,0.3465913559673712,1.0,1,2.0,0.1769181799331588,0.4314282984816207,0,1,0,0.0,0.0,0.0,1.0,0.0,0.6662825083421218
-1.1418799966963948,-1.3472050497767214,2.0,0,2.0,-0.2255024405340247,0.7228419909559097,0,0,0,0.0,1.0,1.0,1.0,0.0,0.6662825083421218
0.4368912668945862,-0.2180074459473263,0.0,0,3.0,0.9453334164286862,-0.127223254668407,0,1,1,1.0,0.0,0.0,1.0,0.0,0.6662825083421218
-0.6156229088327345,0.3465913559673712,1.0,1,2.0,0.1769181799331588,0.4314282984816207,0,1,0,0.0,0.0,0.0,1.0,0.0,0.6662825083421218
0.4368912668945862,-1.3472050497767214,0.0,1,2.0,0.5966845167997897,-0.0843380279680467,0,1,0,1.0,0.0,0.0,0.0,0.0,-0.3519723915718554
-1.6681370845600552,0.0642919550100224,1.0,1,1.0,0.0502944502171914,1.1871460453651448,0,1,1,0.0,1.0,1.0,1.0,1.0,1.1754099582991104
-0.0893658209690741,-1.3472050497767214,0.0,1,2.0,1.0806300043443768,0.6119350766785511,1,0,0,1.0,0.0,0.0,1.0,0.0,0.6662825083421218
0.9631483547582466,-1.3472050497767214,0.0,1,2.0,0.2306899007714462,-0.6565070045740282,1,0,0,1.0,0.0,0.0,0.0,0.0,-0.861099841528844
0.9631483547582466,1.1934895588394174,0.0,0,2.0,0.0988624561356448,-0.8706129283831342,1,0,0,1.0,0.0,0.0,0.0,0.0,-0.861099841528844
-1.1418799966963948,-0.5003068469046751,0.0,1,0.0,-0.4631387552064563,0.4209528671062795,0,1,0,0.0,0.0,0.0,1.0,1.0,0.6662825083421218
-0.6156229088327345,1.4757889597967662,0.0,1,2.0,1.0962411491038797,0.7794504902003854,0,1,0,1.0,0.0,0.0,1.0,0.0,0.6662825083421218
-0.6156229088327345,1.4757889597967662,0.0,1,2.0,0.9921668507071943,0.6303700061294792,1,1,0,1.0,0.0,1.0,0.0,0.0,0.6662825083421218
-0.6156229088327345,-1.62950445073407,0.0,0,3.0,0.610561089919348,0.9076716000042364,1,0,0,1.0,1.0,0.0,0.0,0.0,0.1571550583851332
-0.6156229088327345,1.4757889597967662,1.0,1,0.0,1.1951117325807308,0.7172840655755429,0,0,0,1.0,0.0,1.0,1.0,0.0,1.1754099582991104
-0.0893658209690741,-1.0649056488193729,1.0,1,3.0,0.4006779214860325,0.2422758585818978,0,0,1,0.0,0.0,1.0,0.0,1.0,1.1754099582991104
0.9631483547582466,0.9111901578820688,0.0,0,3.0,-1.6877463330074542,-0.9326421202825352,0,0,1,2.0,0.0,0.0,0.0,0.0,-1.3702272914858324
-0.0893658209690741,0.0642919550100224,0.0,1,2.0,0.7649379658744314,0.2595900541083902,0,0,0,1.0,0.0,1.0,0.0,0.0,0.1571550583851332
-1.6681370845600552,-1.0649056488193729,1.0,1,1.0,0.3868013483664743,1.5985011398750015,0,0,0,1.0,0.0,1.0,0.0,0.0,-0.3519723915718554
0.9631483547582466,0.9111901578820688,0.0,1,2.0,0.3868013483664743,-0.9052870636779322,0,0,0,1.0,0.0,0.0,0.0,0.0,-0.3519723915718554
0.9631483547582466,-0.7826062478620239,0.0,0,2.0,-1.6877463330074542,-0.890077103274871,0,0,0,2.0,0.0,0.0,0.0,0.0,-1.3702272914858324
0.9631483547582466,0.9111901578820688,0.0,0,2.0,0.6209685197590163,-0.8169320606147363,0,0,0,1.0,0.0,0.0,0.0,1.0,0.1571550583851332
0.9631483547582466,-1.3472050497767214,0.0,0,3.0,-1.647851185288725,-0.8194937381563046,0,0,0,2.0,0.0,0.0,0.0,0.0,-1.3702272914858324
0.9631483547582466,0.62889075692472,0.0,0,3.0,-1.1673748410240274,-0.8777032858642604,0,0,0,0.0,1.0,0.0,0.0,1.0,-0.3519723915718554
0.9631483547582466,-1.62950445073407,0.0,1,2.0,-1.326955431898945,-0.8081491661865025,1,0,0,0.0,0.0,0.0,0.0,1.0,-0.861099841528844
0.9631483547582466,0.3465913559673712,1.0,0,3.0,-1.6808080464476751,-0.8895281723731064,0,1,1,2.0,0.0,0.0,0.0,0.0,-1.3702272914858324
0.4368912668945862,-1.0649056488193729,1.0,0,3.0,0.6556599525579115,-0.0536436417110421,0,1,1,1.0,0.0,1.0,1.0,1.0,0.6662825083421218
0.4368912668945862,0.0642919550100224,2.0,0,3.0,-1.6443820420088353,-0.759134211083104,0,0,1,2.0,0.0,0.0,0.0,0.0,-1.3702272914858324
-0.6156229088327345,0.3465913559673712,1.0,0,0.0,-1.668666044968062,-0.552667575656889,0,0,0,2.0,0.0,0.0,0.0,0.0,-1.3702272914858324
-0.6156229088327345,-1.62950445073407,1.0,0,1.0,-1.6964191912071782,-0.5211955372890511,0,1,0,2.0,0.0,0.0,0.0,0.0,-1.3702272914858324
-1.6681370845600552,-1.0649056488193729,1.0,1,1.0,-0.0364341317800464,1.2308089241763382,0,1,1,0.0,1.0,1.0,0.0,1.0,0.6662825083421218
-1.1418799966963948,-0.7826062478620239,0.0,1,1.0,-0.4475276104469535,0.4732614076202657,0,0,1,0.0,0.0,1.0,0.0,0.0,-0.3519723915718554
0.9631483547582466,1.1934895588394174,0.0,1,3.0,-1.675604331527841,-0.9324820154361874,0,0,0,2.0,0.0,0.0,0.0,0.0,-1.3702272914858324
0.9631483547582466,-0.5003068469046751,0.0,1,0.0,0.8898271239504536,-0.696075773742894,0,0,0,1.0,0.0,0.0,0.0,0.0,0.1571550583851332
-0.6156229088327345,-1.0649056488193729,2.0,0,1.0,-1.6530549002085593,-0.5419176788306652,0,1,1,2.0,0.0,0.0,0.0,0.0,-1.3702272914858324
0.9631483547582466,-0.5003068469046751,0.0,1,2.0,0.4041470647659218,-0.6127526372792073,1,0,0,1.0,0.0,0.0,0.0,0.0,-0.3519723915718554
0.9631483547582466,1.4757889597967662,0.0,0,2.0,-1.689480904647399,-0.924431028876973,1,0,0,2.0,0.0,0.0,0.0,0.0,-1.3702272914858324
-1.6681370845600552,1.1934895588394174,2.0,0,0.0,-0.9904485337496622,0.1541495767277708,0,1,1,0.0,0.0,1.0,1.0,1.0,0.1571550583851332
-1.6681370845600552,-1.3472050497767214,2.0,1,0.0,1.4448900487327756,2.681816274507465,1,1,0,1.0,1.0,1.0,1.0,0.0,1.6845374082560989
-1.1418799966963948,1.1934895588394174,0.0,1,0.0,0.390270491646364,0.8968073425734784,0,1,1,1.0,1.0,1.0,0.0,0.0,0.1571550583851332
-1.1418799966963948,0.0642919550100224,0.0,1,2.0,0.9279877000292386,1.2601081110580246,0,1,0,1.0,0.0,0.0,0.0,0.0,0.1571550583851332
-0.6156229088327345,0.3465913559673712,0.0,1,0.0,1.0129817103865313,0.7542682850819337,0,1,0,1.0,0.0,0.0,0.0,0.0,0.1571550583851332
-0.6156229088327345,-1.62950445073407,2.0,1,2.0,0.9331914149490724,1.2042543918034752,0,1,0,1.0,0.0,1.0,0.0,0.0,0.6662825083421218
0.9631483547582466,1.4757889597967662,0.0,0,2.0,-0.3018235926915938,-0.9143672956779552,0,0,1,0.0,0.0,0.0,1.0,0.0,0.1571550583851332
0.9631483547582466,1.1934895588394174,0.0,1,3.0,-1.5073508824531996,-0.91971937197016,1,0,0,0.0,0.0,0.0,0.0,0.0,-1.3702272914858324
0.9631483547582466,1.1934895588394174,0.0,1,2.0,0.0832513113761418,-0.9092896848366324,0,0,0,1.0,0.0,0.0,0.0,0.0,-0.861099841528844
0.9631483547582466,0.0642919550100224,0.0,1,2.0,0.966148276108023,-0.6789902994254705,1,1,0,1.0,0.0,0.0,1.0,0.0,0.6662825083421218
-1.1418799966963948,-1.62950445073407,0.0,1,2.0,-0.799645653355739,0.2355285829143745,1,1,0,0.0,0.0,0.0,0.0,0.0,-0.3519723915718554
0.4368912668945862,0.62889075692472,0.0,0,3.0,1.0494077148253715,-0.3786793519184135,0,0,0,1.0,1.0,0.0,0.0,0.0,0.6662825083421218
0.9631483547582466,-0.7826062478620239,0.0,1,3.0,-0.4284473224075613,-0.6892598817126502,0,1,1,0.0,0.0,1.0,1.0,0.0,0.1571550583851332
-0.6156229088327345,1.4757889597967662,1.0,1,1.0,0.6261722346788509,0.4812437778167594,0,0,0,0.0,1.0,0.0,1.0,1.0,1.6845374082560989
0.9631483547582466,0.62889075692472,0.0,1,3.0,-0.4197744642078375,-0.8159485594157414,0,0,0,0.0,1.0,0.0,1.0,0.0,0.1571550583851332
-1.6681370845600552,-0.7826062478620239,0.0,1,2.0,1.2974514593374713,2.397721660723371,1,1,0,1.0,0.0,1.0,1.0,0.0,1.1754099582991104
-1.6681370845600552,-0.7826062478620239,2.0,1,0.0,0.3937396349262534,1.6805434375679045,0,1,1,0.0,1.0,1.0,1.0,1.0,1.6845374082560989
1.489405442621907,-1.62950445073407,0.0,1,2.0,-0.6695527803598823,-0.9192161853102092,0,0,0,0.0,0.0,1.0,0.0,0.0,-0.3519723915718554
-1.1418799966963948,-0.5003068469046751,0.0,1,2.0,1.2471488817790737,1.5678524978598107,1,1,0,1.0,0.0,1.0,1.0,0.0,1.1754099582991104
0.9631483547582466,-0.7826062478620239,0.0,0,2.0,0.2254861858516122,-0.7428721331183273,1,0,0,1.0,0.0,0.0,1.0,0.0,-0.3519723915718554
0.4368912668945862,-1.62950445073407,0.0,1,2.0,0.2324244724113908,-0.1190807796255653,0,1,0,1.0,0.0,0.0,1.0,0.0,-0.3519723915718554
-0.0893658209690741,-1.0649056488193729,0.0,1,2.0,-0.9731028173502146,-0.2852009937720813,1,0,0,0.0,0.0,0.0,1.0,0.0,-0.3519723915718554
0.9631483547582466,-0.2180074459473263,0.0,0,1.0,-0.5967007714822025,-0.8722368489675211,0,0,0,0.0,0.0,1.0,0.0,0.0,-0.3519723915718554
-1.6681370845600552,-1.3472050497767214,2.0,1,0.0,0.8794196941107852,2.118361575966997,0,1,1,0.0,1.0,1.0,1.0,1.0,2.193664858213088
-1.1418799966963948,-1.0649056488193729,1.0,1,2.0,0.9071728403499012,1.567120589990791,1,1,0,1.0,1.0,1.0,1.0,1.0,1.1754099582991104
0.4368912668945862,0.9111901578820688,0.0,1,2.0,0.2254861858516122,-0.4500174970269063,1,0,0,1.0,0.0,1.0,0.0,0.0,-0.3519723915718554
-1.6681370845600552,-1.3472050497767214,2.0,0,0.0,0.9019691254300672,2.0680886542137213,0,1,1,1.0,1.0,1.0,1.0,1.0,1.1754099582991104
0.4368912668945862,0.62889075692472,0.0,1,2.0,0.9418642731487964,-0.3513471674347171,1,0,0,1.0,0.0,0.0,0.0,0.0,0.1571550583851332
-0.0893658209690741,1.1934895588394174,0.0,0,2.0,0.5515856541612262,-0.0721929317665046,0,1,1,1.0,0.0,1.0,1.0,1.0,0.6662825083421218
1.489405442621907,-1.62950445073407,0.0,0,0.0,-1.4795977362140835,-0.9298974657737124,0,0,0,0.0,0.0,0.0,0.0,0.0,-1.3702272914858324
0.9631483547582466,0.9111901578820688,0.0,0,1.0,-1.325220860259,-0.8995004170884968,0,1,1,0.0,1.0,0.0,0.0,0.0,-0.861099841528844
0.9631483547582466,-0.5003068469046751,0.0,1,2.0,-0.8378062294345237,-0.7558634977934231,0,0,0,0.0,0.0,0.0,0.0,0.0,-0.861099841528844
0.4368912668945862,1.1934895588394174,0.0,1,2.0,0.9488025597085754,-0.377124047696747,1,1,0,1.0,0.0,0.0,0.0,0.0,0.1571550583851332
-1.6681370845600552,0.62889075692472,2.0,1,2.0,1.0910374341840452,1.9621907344149647,0,1,0,1.0,1.0,1.0,1.0,0.0,1.1754099582991104
-0.0893658209690741,0.0642919550100224,1.0,0,0.0,1.0459385715454816,0.4684353901089184,0,1,1,1.0,1.0,0.0,1.0,0.0,0.6662825083421218
0.4368912668945862,-0.2180074459473263,0.0,0,0.0,-1.6530549002085593,-0.7916583670126572,0,0,0,2.0,0.0,0.0,0.0,0.0,-1.3702272914858324
0.9631483547582466,-0.2180074459473263,0.0,1,2.0,1.0528768581052608,-0.6850056672239744,1,0,0,1.0,0.0,1.0,0.0,0.0,0.6662825083421218
0.4368912668945862,1.1934895588394174,0.0,0,2.0,0.2445664738910044,-0.5684035948408078,0,0,0,1.0,0.0,1.0,0.0,0.0,-0.3519723915718554
0.9631483547582466,-1.3472050497767214,0.0,0,3.0,-1.6530549002085593,-0.8597944151941899,0,0,0,2.0,0.0,0.0,0.0,0.0,-1.3702272914858324
-0.6156229088327345,-0.5003068469046751,0.0,1,0.0,1.3824454696947646,1.292151952448534,0,1,0,1.0,0.0,1.0,1.0,0.0,1.1754099582991104
0.4368912668945862,0.0642919550100224,0.0,1,3.0,-0.4232436074877267,-0.5298411989918438,0,0,0,0.0,1.0,0.0,0.0,0.0,-0.3519723915718554
0.9631483547582466,0.3465913559673712,0.0,1,2.0,0.2150787560119433,-0.7351871004936227,1,0,0,1.0,1.0,0.0,0.0,0.0,-0.3519723915718554
-0.6156229088327345,-0.2180074459473263,1.0,0,3.0,-1.4639865914545809,-0.4334580814903405,0,1,1,2.0,0.0,0.0,0.0,0.0,-1.3702272914858324
-1.1418799966963948,1.4757889597967662,1.0,1,1.0,1.4899889113713394,1.4719268227764446,0,1,0,1.0,1.0,0.0,1.0,1.0,1.6845374082560989
0.4368912668945862,-1.62950445073407,0.0,1,0.0,0.2133441843719986,-0.2252302927542973,0,1,1,1.0,0.0,1.0,0.0,0.0,-0.3519723915718554
0.9631483547582466,-0.5003068469046751,0.0,1,0.0,0.8898271239504536,-0.696075773742894,0,0,0,1.0,0.0,0.0,0.0,0.0,0.1571550583851332
0.9631483547582466,0.62889075692472,0.0,1,2.0,0.2966036230893471,-0.9064764139650888,1,0,0,1.0,0.0,0.0,0.0,0.0,-0.861099841528844
-1.1418799966963948,1.1934895588394174,1.0,1,0.0,1.3494886085358142,1.5739364820210353,0,1,0,1.0,0.0,1.0,1.0,0.0,1.1754099582991104
-1.1418799966963948,1.4757889597967662,1.0,1,3.0,-1.127479693305298,-0.1414268417515664,0,0,0,0.0,1.0,0.0,0.0,1.0,-0.3519723915718554
0.4368912668945862,1.1934895588394174,0.0,1,2.0,0.4492459274044854,-0.4800257196567051,0,0,0,1.0,0.0,0.0,0.0,0.0,-0.3519723915718554
0.9631483547582466,1.4757889597967662,0.0,1,2.0,0.2358936156912806,-0.9072769381968288,0,0,0,1.0,0.0,1.0,0.0,0.0,-0.3519723915718554
-1.6681370845600552,0.3465913559673712,2.0,0,2.0,0.6018882317196241,1.5920283296583606,0,1,0,0.0,1.0,1.0,0.0,1.0,1.6845374082560989
-0.0893658209690741,-1.62950445073407,0.0,1,2.0,0.6435179510782985,0.444190941947648,0,0,0,1.0,0.0,0.0,0.0,0.0,-0.3519723915718554
-0.6156229088327345,0.62889075692472,0.0,1,3.0,0.6383142361584639,0.5525590508043454,0,1,1,1.0,0.0,1.0,0.0,0.0,0.1571550583851332
-1.6681370845600552,0.9111901578820688,2.0,1,0.0,-0.2723358748125332,0.8176240599939327,0,1,1,0.0,1.0,0.0,1.0,1.0,1.1754099582991104
-0.0893658209690741,0.9111901578820688,1.0,0,3.0,-0.3087618792513729,-0.1846322781446228,0,0,0,0.0,1.0,0.0,1.0,0.0,0.1571550583851332
-0.0893658209690741,0.9111901578820688,1.0,1,0.0,0.810036828512995,0.1946789749747247,0,0,0,1.0,0.0,1.0,0.0,1.0,0.6662825083421218
-1.6681370845600552,0.3465913559673712,2.0,1,0.0,-0.2272370121739693,0.9767911493847636,0,0,0,0.0,1.0,0.0,1.0,1.0,1.1754099582991104
-1.1418799966963948,0.9111901578820688,0.0,1,0.0,1.3703034682151514,1.4012519691742509,0,0,0,1.0,0.0,1.0,1.0,0.0,1.1754099582991104
-1.6681370845600552,-0.2180074459473263,0.0,0,2.0,-0.7961765100758494,0.4699220779678643,0,0,0,0.0,0.0,1.0,0.0,1.0,0.1571550583851332
0.9631483547582466,-1.0649056488193729,0.0,0,2.0,0.2948690514494024,-0.5577909307400253,0,0,0,1.0,1.0,0.0,0.0,0.0,-0.3519723915718554
0.9631483547582466,1.1934895588394174,0.0,1,2.0,0.7805491106339343,-0.8645060721010028,0,0,0,1.0,0.0,0.0,0.0,0.0,0.1571550583851332
-1.6681370845600552,-0.5003068469046751,1.0,0,1.0,0.2012021828923855,1.2935471518238524,0,1,1,0.0,1.0,1.0,0.0,1.0,1.1754099582991104
0.9631483547582466,1.4757889597967662,0.0,1,1.0,0.117942744175037,-0.8692863453705363,0,0,0,1.0,0.0,0.0,0.0,0.0,-0.861099841528844
-0.6156229088327345,0.62889075692472,1.0,0,0.0,-0.6192502028014845,-0.0132743483104362,0,0,0,0.0,0.0,0.0,0.0,1.0,-0.3519723915718554
-0.0893658209690741,-0.5003068469046751,0.0,1,1.0,-0.0520452765395488,0.0856933188535421,0,0,0,0.0,0.0,1.0,1.0,0.0,0.6662825083421218
-0.6156229088327345,-0.2180074459473263,0.0,1,0.0,0.9488025597085754,0.8697267514197573,0,1,0,1.0,0.0,1.0,1.0,0.0,0.6662825083421218
0.9631483547582466,0.0642919550100224,0.0,1,2.0,0.9956359939870836,-0.8079204449774339,0,0,0,1.0,0.0,0.0,0.0,0.0,0.1571550583851332
0.4368912668945862,-1.3472050497767214,0.0,0,3.0,-0.0555144198194386,-0.2280893078676547,0,1,0,0.0,1.0,1.0,1.0,0.0,0.6662825083421218
0.9631483547582466,-1.0649056488193729,0.0,1,0.0,0.4214927811653694,-0.5614504700851227,0,0,0,1.0,0.0,1.0,0.0,0.0,-0.3519723915718554
-1.6681370845600552,1.1934895588394174,2.0,1,1.0,1.463970336772168,2.1260237364707946,0,1,0,1.0,1.0,1.0,1.0,1.0,2.193664858213088
-0.0893658209690741,0.0642919550100224,0.0,1,2.0,0.4024124931259771,0.0560281780373462,0,0,1,1.0,0.0,0.0,0.0,1.0,-0.3519723915718554
0.9631483547582466,1.1934895588394174,0.0,1,2.0,-0.7892382235160705,-0.896389808645164,0,0,0,0.0,0.0,0.0,0.0,0.0,-0.861099841528844
0.4368912668945862,0.9111901578820688,0.0,1,2.0,0.6365796645185193,-0.3284293022860446,0,0,0,1.0,0.0,1.0,0.0,0.0,0.1571550583851332
-0.6156229088327345,-1.62950445073407,0.0,1,0.0,0.2324244724113908,0.7603980134849719,0,0,0,1.0,0.0,0.0,0.0,0.0,-0.861099841528844
-1.6681370845600552,-1.3472050497767214,2.0,1,0.0,0.66606738239758,1.908464122404753,0,1,0,0.0,1.0,1.0,1.0,1.0,2.193664858213088
-1.1418799966963948,0.3465913559673712,0.0,0,2.0,0.5619930840008945,1.0478090848005603,0,1,0,1.0,1.0,0.0,0.0,0.0,0.1571550583851332
0.4368912668945862,0.0642919550100224,0.0,1,2.0,0.7129008166760887,-0.2909190239987961,0,0,0,1.0,0.0,0.0,1.0,0.0,0.1571550583851332
0.9631483547582466,1.1934895588394174,0.0,1,2.0,-0.7718925071166229,-0.9205656404437138,0,0,0,0.0,0.0,0.0,0.0,0.0,-0.861099841528844
-1.6681370845600552,1.1934895588394174,1.0,1,0.0,1.0962411491038797,1.7854121119258524,0,1,0,1.0,0.0,0.0,1.0,0.0,0.6662825083421218
-0.6156229088327345,0.0642919550100224,0.0,1,2.0,0.8239134016325532,0.8673251787245372,0,0,0,1.0,0.0,1.0,1.0,0.0,0.6662825083421218
0.9631483547582466,-0.2180074459473263,0.0,1,0.0,-0.6331267759210425,-0.8191506563427017,0,0,0,0.0,0.0,0.0,0.0,1.0,-0.3519723915718554
-1.1418799966963948,-1.0649056488193729,1.0,1,2.0,0.423227352805314,1.2054208699697249,0,1,0,0.0,0.0,1.0,0.0,1.0,1.1754099582991104
-1.1418799966963948,0.9111901578820688,2.0,1,0.0,-1.4865360227738629,-0.3603816551929264,0,1,1,2.0,0.0,0.0,0.0,0.0,-1.3702272914858324
-0.0893658209690741,-1.0649056488193729,1.0,0,3.0,-0.9366768129113748,-0.3085305570970774,0,1,1,0.0,0.0,0.0,0.0,1.0,-0.3519723915718554
-0.6156229088327345,0.3465913559673712,1.0,1,3.0,-0.1942801510150191,0.1357375193977494,0,0,0,0.0,0.0,0.0,1.0,1.0,0.6662825083421218
0.4368912668945862,-1.0649056488193729,0.0,1,1.0,0.9279877000292386,0.0212625542589207,0,0,0,1.0,0.0,0.0,0.0,0.0,0.1571550583851332
-1.1418799966963948,-0.2180074459473263,2.0,1,1.0,-1.490005166053752,-0.269510718829976,0,1,1,2.0,0.0,0.0,0.0,0.0,-1.3702272914858324
-1.6681370845600552,-1.3472050497767214,2.0,1,1.0,-0.093674995898223,1.2471624906247425,0,1,1,0.0,1.0,1.0,1.0,1.0,1.6845374082560989
-0.0893658209690741,0.3465913559673712,0.0,1,2.0,0.0988624561356448,-0.0380905994943781,0,1,1,1.0,0.0,0.0,0.0,0.0,-0.861099841528844
-0.6156229088327345,1.1934895588394174,0.0,1,0.0,1.3477540368958694,0.9142816429463184,1,0,0,1.0,1.0,1.0,0.0,0.0,1.1754099582991104
-1.6681370845600552,-1.0649056488193729,2.0,1,1.0,1.3477540368958694,2.390219605065921,0,0,0,1.0,1.0,1.0,1.0,0.0,1.6845374082560989
-1.6681370845600552,0.0642919550100224,2.0,1,2.0,0.8759505508308959,1.9716369203494968,0,1,0,1.0,0.0,1.0,1.0,0.0,0.6662825083421218
0.9631483547582466,-0.2180074459473263,0.0,1,2.0,0.6036228033595689,-0.7474236851787922,0,0,0,1.0,0.0,1.0,1.0,0.0,0.1571550583851332
0.4368912668945862,-1.0649056488193729,1.0,0,1.0,-1.6860117613675096,-0.7190393831333803,0,1,0,2.0,0.0,0.0,0.0,0.0,-1.3702272914858324
0.4368912668945862,-1.0649056488193729,1.0,1,1.0,1.1118522938633826,0.1073532173523375,0,0,0,1.0,1.0,0.0,1.0,0.0,1.1754099582991104
-1.1418799966963948,-1.0649056488193729,1.0,0,1.0,-0.2636630166128094,0.688785402925597,0,1,0,0.0,1.0,1.0,1.0,0.0,0.6662825083421218
-0.6156229088327345,0.62889075692472,1.0,1,0.0,1.4292789039732727,1.0961150041558465,0,1,1,1.0,0.0,1.0,1.0,1.0,1.6845374082560989
0.9631483547582466,1.4757889597967662,0.0,0,2.0,-0.7666887921967888,-0.9204970240809932,0,0,0,0.0,0.0,0.0,0.0,0.0,-0.861099841528844
-1.6681370845600552,-1.0649056488193729,1.0,1,1.0,0.9175802701895696,1.959400335664328,0,1,1,1.0,1.0,0.0,0.0,1.0,0.6662825083421218
1.489405442621907,-1.62950445073407,0.0,1,3.0,-0.7666887921967888,-0.9204970240809932,0,0,0,0.0,0.0,0.0,0.0,0.0,-0.861099841528844
0.4368912668945862,0.9111901578820688,0.0,1,2.0,1.1257288669829404,-0.3198522569459725,0,0,0,1.0,1.0,0.0,0.0,0.0,0.6662825083421218
0.4368912668945862,0.62889075692472,1.0,1,0.0,-1.6738697598878964,-0.7806340047355513,0,0,0,2.0,0.0,0.0,0.0,0.0,-1.3702272914858324
0.9631483547582466,1.1934895588394174,0.0,1,2.0,0.0832513113761418,-0.9092896848366324,0,0,0,1.0,0.0,0.0,0.0,0.0,-0.861099841528844
-1.6681370845600552,-1.3472050497767214,2.0,1,0.0,1.1448091550223332,2.4706379821744373,0,0,0,1.0,0.0,1.0,1.0,0.0,1.1754099582991104
0.9631483547582466,-1.3472050497767214,1.0,0,1.0,-1.6599931867683384,-0.8193107611890497,0,0,0,2.0,0.0,0.0,0.0,0.0,-1.3702272914858324
1.489405442621907,-1.3472050497767214,2.0,0,1.0,-0.4111016060081137,-0.941447886831676,0,1,1,0.0,1.0,1.0,1.0,1.0,1.1754099582991104
0.9631483547582466,-1.62950445073407,0.0,1,2.0,0.4353693542849276,-0.50678610111773,1,1,0,1.0,0.0,0.0,0.0,0.0,-0.3519723915718554
-0.0893658209690741,-1.62950445073407,0.0,1,2.0,0.9453334164286862,0.6746275600842512,0,1,1,1.0,0.0,1.0,1.0,0.0,0.6662825083421218
0.4368912668945862,-1.0649056488193729,0.0,1,0.0,-1.3026714289397183,-0.6309588455210668,0,1,1,0.0,0.0,0.0,0.0,1.0,-0.861099841528844
-1.6681370845600552,-1.3472050497767214,2.0,1,0.0,1.6617115037258705,2.9124587417322294,0,1,0,1.0,1.0,1.0,1.0,1.0,2.193664858213088
-1.1418799966963948,0.9111901578820688,2.0,0,3.0,-1.6738697598878964,-0.4725465361201623,0,0,0,2.0,0.0,0.0,0.0,0.0,-1.3702272914858324
-1.6681370845600552,-0.7826062478620239,2.0,1,0.0,-0.6261884893612634,0.6002245507742392,0,1,0,0.0,1.0,0.0,1.0,1.0,0.6662825083421218
-1.6681370845600552,-1.3472050497767214,2.0,0,0.0,0.3659864886871374,1.6578542936283005,1,1,0,0.0,1.0,1.0,1.0,1.0,1.6845374082560989
-1.1418799966963948,0.9111901578820688,0.0,0,1.0,1.3945874711743778,1.7296956253967442,1,0,0,1.0,1.0,1.0,1.0,0.0,1.6845374082560989
-0.0893658209690741,-1.0649056488193729,0.0,1,1.0,0.0728438815364734,0.1637787396295582,0,0,0,1.0,0.0,0.0,0.0,0.0,-0.861099841528844
-1.6681370845600552,0.62889075692472,2.0,0,0.0,-1.6842771897275648,-0.3376467670115087,0,1,0,2.0,0.0,0.0,0.0,0.0,-1.3702272914858324
0.9631483547582466,1.4757889597967662,0.0,1,2.0,-1.477863164574139,-0.9298745936528054,0,0,1,0.0,0.0,0.0,0.0,0.0,-1.3702272914858324
0.4368912668945862,0.62889075692472,0.0,1,0.0,0.4371039259248723,-0.3298931180240835,0,1,0,1.0,0.0,1.0,0.0,0.0,-0.3519723915718554
-1.6681370845600552,0.9111901578820688,1.0,0,0.0,-0.3313113105706547,0.7769116847797239,0,1,0,0.0,0.0,0.0,1.0,1.0,0.1571550583851332
0.9631483547582466,1.4757889597967662,0.0,1,0.0,0.2324244724113908,-0.9073226824386428,0,1,0,1.0,0.0,0.0,0.0,0.0,-0.861099841528844
-1.6681370845600552,-1.3472050497767214,2.0,0,1.0,-1.4726594496543044,-0.0876544854995412,0,0,0,2.0,0.0,0.0,0.0,0.0,-1.3702272914858324
-1.6681370845600552,-1.0649056488193729,2.0,0,0.0,-0.2844778762921462,0.9444270983015582,0,1,1,0.0,1.0,1.0,0.0,1.0,1.1754099582991104
0.9631483547582466,-0.2180074459473263,2.0,0,3.0,-1.632240040529222,-0.8675023199398013,0,0,0,2.0,0.0,0.0,0.0,0.0,-1.3702272914858324
0.9631483547582466,0.3465913559673712,0.0,1,3.0,0.9071728403499012,-0.7041496324230152,0,1,1,1.0,0.0,1.0,1.0,0.0,0.6662825083421218
0.4368912668945862,-1.3472050497767214,2.0,1,2.0,0.9939014223471392,0.0939501545009181,1,1,1,1.0,0.0,0.0,1.0,0.0,0.6662825083421218
-0.6156229088327345,0.3465913559673712,1.0,1,0.0,0.0884550262959763,0.2468045385214559,0,0,0,1.0,0.0,0.0,0.0,0.0,-0.861099841528844
0.9631483547582466,1.1934895588394174,0.0,0,2.0,0.0988624561356448,-0.8706129283831342,1,0,0,1.0,0.0,0.0,0.0,0.0,-0.861099841528844
0.4368912668945862,-1.3472050497767214,1.0,1,1.0,-0.4423238955271192,-0.3956962098731165,0,0,0,0.0,0.0,1.0,0.0,1.0,0.1571550583851332
-1.6681370845600552,-1.3472050497767214,2.0,1,2.0,1.4483591920126655,2.6633127286938163,0,1,0,1.0,1.0,1.0,1.0,0.0,1.6845374082560989
-1.6681370845600552,0.62889075692472,2.0,1,2.0,1.427544332333328,2.3101443097710086,1,0,0,1.0,1.0,0.0,1.0,1.0,1.6845374082560989
0.9631483547582466,1.4757889597967662,0.0,1,3.0,-1.6513203285686144,-0.9321618057434914,0,0,0,2.0,0.0,0.0,0.0,0.0,-1.3702272914858324
-0.6156229088327345,-0.7826062478620239,1.0,1,3.0,1.4448900487327756,1.2681133533754252,1,1,0,1.0,1.0,0.0,1.0,1.0,1.6845374082560989
-1.6681370845600552,-1.0649056488193729,2.0,1,2.0,1.295716887697527,2.394107865620087,0,1,0,1.0,0.0,1.0,1.0,1.0,1.6845374082560989
-1.1418799966963948,-0.7826062478620239,1.0,1,1.0,0.0780475964563079,0.7582480341197273,0,1,0,0.0,0.0,0.0,0.0,0.0,0.1571550583851332
-0.6156229088327345,-0.7826062478620239,0.0,0,0.0,-0.7961765100758494,0.0506989738660481,0,0,0,0.0,0.0,0.0,0.0,0.0,-0.861099841528844
0.9631483547582466,-1.3472050497767214,1.0,0,2.0,0.3798630618066951,-0.5403852467299057,0,1,0,0.0,1.0,0.0,1.0,0.0,1.1754099582991104
-0.6156229088327345,0.3465913559673712,0.0,1,2.0,0.8412591180320007,0.8313244604171414,0,1,1,1.0,0.0,0.0,1.0,0.0,0.6662825083421218
0.9631483547582466,1.4757889597967662,0.0,1,2.0,-0.7944419384359047,-0.9003924298038644,0,1,0,0.0,0.0,0.0,0.0,0.0,-0.861099841528844
0.9631483547582466,0.0642919550100224,0.0,1,2.0,0.966148276108023,-0.6789902994254705,1,1,0,1.0,0.0,0.0,1.0,0.0,0.6662825083421218
1.489405442621907,-1.62950445073407,0.0,1,3.0,-0.8291333712347999,-0.9213204204336404,0,0,0,0.0,0.0,0.0,0.0,0.0,-0.861099841528844
0.9631483547582466,0.62889075692472,0.0,1,2.0,0.0971278844957001,-0.8720767441211731,0,0,0,1.0,0.0,0.0,0.0,0.0,-0.861099841528844
0.9631483547582466,0.3465913559673712,0.0,1,0.0,0.6955551002766411,-0.7025028397177214,0,0,0,1.0,0.0,0.0,0.0,1.0,0.1571550583851332
-1.6681370845600552,0.9111901578820688,0.0,1,2.0,0.8291171165523872,1.78513764647497,0,1,1,1.0,1.0,1.0,1.0,0.0,0.6662825083421218
-0.6156229088327345,0.3465913559673712,2.0,1,1.0,0.3659864886871374,0.6016883665122783,0,0,0,0.0,0.0,0.0,1.0,1.0,1.1754099582991104
-1.1418799966963948,-1.0649056488193729,0.0,1,2.0,-0.5620093386833073,0.4335325336050519,0,0,0,0.0,0.0,0.0,0.0,1.0,0.1571550583851332
0.9631483547582466,0.62889075692472,0.0,1,2.0,0.0780475964563079,-0.909358301199353,1,0,0,1.0,0.0,0.0,0.0,0.0,-0.861099841528844
0.9631483547582466,0.9111901578820688,0.0,1,3.0,-1.4848014511339178,-0.929966082136433,0,0,0,0.0,0.0,0.0,0.0,0.0,-1.3702272914858324
-1.6681370845600552,1.1934895588394174,1.0,0,1.0,0.1005970277755894,1.0936219429769989,0,1,0,0.0,1.0,1.0,0.0,1.0,1.1754099582991104
0.9631483547582466,0.9111901578820688,0.0,0,2.0,0.6209685197590163,-0.8169320606147363,0,0,0,1.0,0.0,0.0,0.0,1.0,0.1571550583851332
0.9631483547582466,0.3465913559673712,0.0,0,2.0,-0.8083185115554627,-0.8970302280305562,0,1,0,0.0,0.0,0.0,0.0,0.0,-0.3519723915718554
-1.6681370845600552,0.9111901578820688,1.0,0,0.0,-1.668666044968062,-0.3300074786286178,0,1,1,2.0,0.0,0.0,0.0,0.0,-1.3702272914858324
0.4368912668945862,0.9111901578820688,2.0,0,3.0,-1.6443820420088353,-0.8085379922419191,0,1,1,2.0,0.0,0.0,0.0,0.0,-1.3702272914858324
-0.0893658209690741,0.62889075692472,1.0,1,2.0,0.7805491106339343,0.0551361653219786,0,1,1,1.0,0.0,0.0,0.0,0.0,0.1571550583851332
0.9631483547582466,0.3465913559673712,0.0,1,2.0,-1.4865360227738629,-0.9156710065696462,0,0,0,0.0,0.0,0.0,0.0,0.0,-1.3702272914858324
-0.6156229088327345,-1.3472050497767214,0.0,1,2.0,-0.8013802249956838,0.0212625542589207,0,0,0,0.0,1.0,1.0,0.0,0.0,0.1571550583851332
-0.0893658209690741,0.3465913559673712,0.0,1,2.0,-0.2723358748125332,-0.2021523227592767,0,1,1,0.0,0.0,1.0,0.0,1.0,0.1571550583851332
0.4368912668945862,-1.0649056488193729,1.0,1,1.0,-0.799645653355739,-0.5327002141052012,0,0,0,0.0,0.0,0.0,0.0,0.0,-0.3519723915718554
-0.6156229088327345,0.62889075692472,1.0,1,2.0,0.959209989548244,0.7478183469861995,0,0,0,1.0,1.0,0.0,1.0,1.0,1.1754099582991104
-1.6681370845600552,-0.5003068469046751,0.0,1,2.0,1.1205251520631063,2.192787457397915,1,1,0,1.0,0.0,1.0,0.0,0.0,0.6662825083421218
-0.0893658209690741,1.4757889597967662,0.0,0,2.0,-1.1153376918256848,-0.4737130142864121,0,0,0,0.0,0.0,0.0,1.0,1.0,-0.3519723915718554
-1.6681370845600552,0.0642919550100224,2.0,1,0.0,-1.46745573473447,-0.1224658535197805,0,0,0,2.0,0.0,0.0,0.0,0.0,-1.3702272914858324
-1.6681370845600552,-0.5003068469046751,2.0,0,1.0,1.4691740516920024,2.4745262427286034,1,0,0,1.0,1.0,0.0,1.0,1.0,1.6845374082560989
-0.6156229088327345,-1.3472050497767214,0.0,1,2.0,0.978290277587636,1.05487657016078,0,1,0,1.0,0.0,0.0,0.0,0.0,0.1571550583851332
0.4368912668945862,-1.0649056488193729,0.0,1,1.0,1.0060434238267526,0.0125254040725005,0,0,0,1.0,0.0,0.0,1.0,1.0,0.6662825083421218
0.9631483547582466,0.3465913559673712,0.0,0,0.0,-1.6287708972493324,-0.9023365600809474,0,0,0,2.0,0.0,0.0,0.0,0.0,-1.3702272914858324
0.9631483547582466,1.1934895588394174,0.0,1,2.0,0.0815167397361972,-0.8363733633855663,0,0,0,1.0,0.0,0.0,0.0,0.0,-0.861099841528844
0.9631483547582466,1.1934895588394174,0.0,1,3.0,-1.675604331527841,-0.916174193229597,0,1,0,2.0,0.0,0.0,0.0,0.0,-1.3702272914858324
0.4368912668945862,-0.7826062478620239,1.0,1,0.0,-0.2827433046522016,-0.3127618994648463,0,1,0,0.0,1.0,0.0,0.0,0.0,0.1571550583851332
0.9631483547582466,0.3465913559673712,0.0,0,2.0,-0.4527313253667877,-0.7790100841511644,0,1,1,0.0,0.0,0.0,0.0,0.0,-0.3519723915718554
-0.0893658209690741,-1.62950445073407,1.0,0,1.0,0.8083022568730502,0.5441192381897145,0,1,1,1.0,0.0,0.0,0.0,0.0,0.1571550583851332
0.9631483547582466,1.4757889597967662,0.0,1,2.0,0.1300847456546506,-0.9086721375721472,1,0,0,1.0,0.0,0.0,0.0,0.0,-0.861099841528844
0.9631483547582466,-0.5003068469046751,0.0,1,3.0,-0.8152567981152419,-0.7821893089572177,0,0,0,0.0,0.0,0.0,0.0,0.0,-0.861099841528844
0.4368912668945862,1.1934895588394174,0.0,1,2.0,0.9488025597085754,-0.377124047696747,1,1,0,1.0,0.0,0.0,0.0,0.0,0.1571550583851332
-0.6156229088327345,-0.7826062478620239,2.0,1,3.0,-1.6634623300482276,-0.5173530209766989,0,1,1,2.0,0.0,0.0,0.0,0.0,-1.3702272914858324
-1.1418799966963948,1.4757889597967662,2.0,1,1.0,1.2887786011377476,1.4204645507360123,1,1,0,1.0,1.0,0.0,1.0,0.0,1.1754099582991104
-0.0893658209690741,1.1934895588394174,0.0,1,2.0,0.4284310677251485,-0.0899188254693202,0,0,0,1.0,0.0,1.0,0.0,0.0,-0.3519723915718554
0.9631483547582466,-0.7826062478620239,0.0,1,1.0,-1.1517636962645246,-0.8059991868212578,0,0,0,0.0,0.0,0.0,0.0,0.0,-0.861099841528844
0.9631483547582466,-1.62950445073407,0.0,1,2.0,0.594949945159845,-0.5999671216922731,1,0,0,1.0,0.0,0.0,0.0,0.0,-0.3519723915718554
-0.0893658209690741,-1.3472050497767214,0.0,1,1.0,1.2696983130983557,0.7442045518829158,0,1,1,1.0,1.0,0.0,1.0,0.0,1.1754099582991104
-1.1418799966963948,-0.5003068469046751,1.0,1,2.0,-0.2723358748125332,0.535931018905059,1,1,0,0.0,1.0,0.0,0.0,1.0,0.1571550583851332
0.9631483547582466,0.3465913559673712,0.0,1,2.0,0.7267773897956464,-0.7710734581964843,1,0,0,1.0,0.0,0.0,1.0,0.0,0.1571550583851332
-1.1418799966963948,-0.2180074459473263,2.0,1,1.0,-1.668666044968062,-0.429158122759851,0,1,1,2.0,0.0,0.0,0.0,0.0,-1.3702272914858324
-0.6156229088327345,-0.2180074459473263,1.0,1,0.0,-0.279274161372312,0.249709297876627,0,1,0,0.0,1.0,1.0,0.0,1.0,0.6662825083421218
-0.6156229088327345,0.9111901578820688,0.0,0,2.0,0.2549739037306728,0.4389532262599774,0,0,0,1.0,0.0,0.0,0.0,0.0,-0.861099841528844
0.9631483547582466,1.4757889597967662,0.0,1,2.0,0.062436451696805,-0.8796016718995296,0,0,0,1.0,0.0,0.0,0.0,0.0,-0.861099841528844
-1.6681370845600552,-0.5003068469046751,1.0,1,0.0,1.293982316057582,2.437244685650424,0,0,0,1.0,0.0,1.0,0.0,1.0,1.1754099582991104
0.9631483547582466,0.0642919550100224,0.0,1,2.0,-0.6487379206805451,-0.8422286263377222,0,0,0,0.0,0.0,0.0,0.0,1.0,-0.3519723915718554
0.9631483547582466,0.9111901578820688,0.0,1,3.0,-0.8239296563149656,-0.9212518040709196,0,0,0,0.0,0.0,0.0,0.0,0.0,-0.861099841528844
0.4368912668945862,1.1934895588394174,0.0,1,3.0,1.5628409202490194,-0.3080044983162196,0,0,0,1.0,0.0,1.0,1.0,1.0,1.6845374082560989
0.9631483547582466,1.4757889597967662,0.0,0,0.0,0.1942638963326064,-0.9078258690985936,0,0,0,1.0,0.0,0.0,1.0,0.0,-0.3519723915718554
0.9631483547582466,1.1934895588394174,0.0,1,3.0,-0.7562813623571201,-0.8819117561111224,0,1,0,0.0,0.0,0.0,0.0,0.0,-0.861099841528844
0.9631483547582466,0.0642919550100224,0.0,0,3.0,-0.6192502028014845,-0.8594055891387733,0,1,0,0.0,0.0,0.0,0.0,1.0,-0.3519723915718554
0.9631483547582466,0.3465913559673712,0.0,1,2.0,-0.6400650624808213,-0.79753650208572,0,0,0,0.0,1.0,0.0,0.0,0.0,-0.3519723915718554
-0.0893658209690741,1.4757889597967662,0.0,0,3.0,-0.2341752987337484,-0.2909418961197029,0,1,1,0.0,1.0,1.0,1.0,0.0,0.6662825083421218
0.9631483547582466,0.62889075692472,0.0,0,2.0,-0.7892382235160705,-0.9207943616527824,0,0,0,0.0,0.0,0.0,0.0,0.0,-0.861099841528844
0.9631483547582466,-0.7826062478620239,1.0,0,3.0,-0.9592262442306566,-0.7532332038891344,0,0,1,0.0,1.0,1.0,0.0,1.0,0.1571550583851332
0.9631483547582466,0.3465913559673712,0.0,0,1.0,-0.6157810595215949,-0.888796264504087,1,1,0,0.0,0.0,1.0,0.0,0.0,-0.3519723915718554
-1.6681370845600552,0.0642919550100224,2.0,0,0.0,-1.500412595893421,-0.2001853203612868,0,1,1,2.0,0.0,0.0,0.0,0.0,-1.3702272914858324
0.4368912668945862,1.1934895588394174,0.0,1,2.0,0.3833322050865849,-0.4374149584072271,1,0,0,1.0,0.0,1.0,0.0,0.0,-0.3519723915718554
-1.1418799966963948,-1.62950445073407,0.0,1,2.0,-0.799645653355739,0.2355285829143745,1,1,0,0.0,0.0,0.0,0.0,0.0,-0.3519723915718554
-1.6681370845600552,-1.3472050497767214,2.0,1,0.0,1.158685728141891,2.380155871866904,0,0,0,1.0,1.0,1.0,1.0,0.0,1.1754099582991104
0.4368912668945862,0.0642919550100224,0.0,0,2.0,-0.3625336000896603,-0.4881910668204538,0,1,1,0.0,0.0,0.0,1.0,0.0,0.1571550583851332
-1.6681370845600552,0.62889075692472,2.0,1,2.0,1.4726431949718917,2.373248491353032,1,0,0,1.0,1.0,0.0,1.0,1.0,1.6845374082560989
-1.1418799966963948,0.9111901578820688,2.0,0,2.0,0.3920050632863087,0.8957780971326698,0,1,1,0.0,1.0,1.0,1.0,0.0,1.6845374082560989
0.9631483547582466,-1.3472050497767214,1.0,0,2.0,-1.6565240434884487,-0.8221926484233139,0,0,0,2.0,0.0,0.0,0.0,0.0,-1.3702272914858324
-0.6156229088327345,-0.2180074459473263,0.0,1,1.0,0.9245185567493488,0.7238483642758115,1,1,1,1.0,0.0,0.0,0.0,0.0,0.1571550583851332
0.9631483547582466,0.9111901578820688,0.0,1,3.0,-0.4440584671670639,-0.889596788735827,0,0,0,0.0,1.0,0.0,1.0,0.0,0.1571550583851332
0.9631483547582466,1.4757889597967662,0.0,1,3.0,0.5810733720402873,-0.902725386136364,0,0,0,1.0,0.0,0.0,0.0,0.0,-0.3519723915718554
0.9631483547582466,-1.0649056488193729,0.0,1,3.0,-1.11360312018574,-0.77532767268516,0,0,0,0.0,0.0,0.0,0.0,0.0,-0.861099841528844
-0.0893658209690741,1.1934895588394174,0.0,1,2.0,0.7371848196353153,0.1004458368384661,1,0,0,1.0,0.0,1.0,0.0,0.0,0.1571550583851332
0.4368912668945862,0.0642919550100224,0.0,1,2.0,0.7129008166760887,-0.2909190239987961,0,0,0,1.0,0.0,0.0,1.0,0.0,0.1571550583851332
0.9631483547582466,0.3465913559673712,0.0,1,2.0,-0.6157810595215949,-0.8645289442219096,0,1,1,0.0,0.0,0.0,1.0,0.0,-0.3519723915718554
-1.6681370845600552,0.0642919550100224,1.0,1,2.0,1.3737726114950408,2.202896934838747,0,1,0,1.0,0.0,1.0,1.0,0.0,1.1754099582991104
0.9631483547582466,1.1934895588394174,0.0,1,2.0,-0.6088427729618158,-0.9184156610784692,0,1,0,0.0,0.0,0.0,1.0,0.0,0.1571550583851332
-1.6681370845600552,-1.62950445073407,1.0,1,0.0,1.2540871683388526,2.3804989536805063,0,0,0,1.0,0.0,1.0,1.0,1.0,1.6845374082560989
-1.6681370845600552,-0.5003068469046751,1.0,0,1.0,0.966148276108023,2.0370740582640203,0,1,1,1.0,0.0,1.0,1.0,0.0,0.6662825083421218
-1.1418799966963948,-0.5003068469046751,2.0,1,1.0,0.7822836822738789,1.4508844715421343,0,0,0,1.0,0.0,0.0,0.0,1.0,0.1571550583851332
0.4368912668945862,0.62889075692472,0.0,1,2.0,0.9123765552697356,-0.2058118621043741,1,0,0,1.0,0.0,0.0,0.0,0.0,0.1571550583851332
0.9631483547582466,0.3465913559673712,0.0,1,1.0,-1.6426474703688907,-0.9180497071439594,0,1,0,2.0,0.0,0.0,0.0,0.0,-1.3702272914858324
-1.1418799966963948,-1.62950445073407,2.0,0,3.0,0.7007588151964751,1.5867219976079692,0,1,1,0.0,1.0,1.0,1.0,1.0,2.193664858213088
0.9631483547582466,0.62889075692472,0.0,1,2.0,0.223751614211667,-0.820065541178976,0,0,0,1.0,0.0,0.0,0.0,0.0,-0.861099841528844
0.9631483547582466,-1.62950445073407,0.0,1,2.0,0.4180236378854801,-0.5493282460044875,0,1,0,1.0,0.0,0.0,0.0,0.0,-0.3519723915718554
1.489405442621907,-1.62950445073407,0.0,0,3.0,-1.5229620272127025,-0.9304692687963838,0,0,1,2.0,0.0,0.0,0.0,0.0,-1.3702272914858324
-1.1418799966963948,1.1934895588394174,2.0,1,1.0,0.5533202258011708,1.028802352326961,0,1,0,0.0,1.0,1.0,1.0,1.0,2.193664858213088
0.4368912668945862,0.62889075692472,0.0,1,2.0,0.6383142361584639,-0.4012312631325763,0,0,0,1.0,0.0,1.0,0.0,0.0,0.1571550583851332
-1.6681370845600552,0.9111901578820688,1.0,1,2.0,1.6339583574867542,2.4418648540736085,0,1,0,1.0,1.0,1.0,1.0,1.0,2.193664858213088
-1.1418799966963948,0.9111901578820688,2.0,0,3.0,-0.61404648788165,0.2268600490906751,0,1,1,0.0,0.0,1.0,1.0,1.0,0.6662825083421218
0.9631483547582466,-1.3472050497767214,0.0,1,2.0,0.7371848196353153,-0.4576796575307041,0,0,0,1.0,0.0,1.0,0.0,0.0,0.1571550583851332
-0.0893658209690741,-0.5003068469046751,0.0,0,1.0,0.8256479732724978,0.3202469187533799,1,0,0,1.0,1.0,1.0,1.0,0.0,0.6662825083421218
-0.6156229088327345,-1.3472050497767214,2.0,0,1.0,1.5229457725302895,1.5487085326607697,0,1,1,1.0,1.0,1.0,1.0,1.0,2.193664858213088
0.9631483547582466,1.4757889597967662,0.0,1,1.0,0.6122956615592926,-0.9023136879600404,0,0,0,1.0,0.0,0.0,1.0,0.0,0.1571550583851332
-1.1418799966963948,-0.5003068469046751,2.0,0,0.0,-1.6391783270890012,-0.4265507009764692,0,0,0,2.0,0.0,0.0,0.0,0.0,-1.3702272914858324
-0.0893658209690741,-0.2180074459473263,0.0,0,2.0,0.7996293986733265,0.3841973688089571,1,0,0,1.0,0.0,0.0,0.0,0.0,0.1571550583851332
-0.6156229088327345,-1.62950445073407,2.0,0,1.0,-1.64611661364878,-0.4727295130874172,0,0,1,2.0,0.0,0.0,0.0,0.0,-1.3702272914858324
0.9631483547582466,0.9111901578820688,0.0,1,3.0,-0.6348613475609871,-0.8889792414713418,0,0,0,0.0,0.0,1.0,0.0,0.0,-0.3519723915718554
-1.6681370845600552,0.0642919550100224,1.0,1,3.0,-1.6808080464476751,-0.3943696268605187,0,0,0,2.0,0.0,0.0,0.0,0.0,-1.3702272914858324
0.9631483547582466,-0.2180074459473263,0.0,0,2.0,0.267115905210286,-0.6964645997983107,0,0,0,1.0,0.0,1.0,0.0,0.0,-0.3519723915718554
0.4368912668945862,-1.0649056488193729,1.0,1,3.0,-0.0572489914593832,-0.2398227058928733,0,1,1,0.0,1.0,1.0,1.0,1.0,1.1754099582991104
0.9631483547582466,0.62889075692472,0.0,1,3.0,-0.4232436074877267,-0.8227873235668922,0,1,1,0.0,0.0,0.0,0.0,1.0,-0.3519723915718554
-1.6681370845600552,-1.0649056488193729,1.0,1,1.0,0.9175802701895696,1.959400335664328,0,1,1,1.0,1.0,0.0,0.0,1.0,0.6662825083421218
0.4368912668945862,-1.3472050497767214,1.0,1,1.0,-1.633974612169167,-0.7266100551535506,0,1,1,2.0,0.0,0.0,0.0,0.0,-1.3702272914858324
-0.6156229088327345,0.3465913559673712,1.0,0,1.0,0.4301656393650931,0.4577083654036017,0,1,1,0.0,1.0,1.0,0.0,1.0,1.6845374082560989
0.9631483547582466,-0.7826062478620239,1.0,0,0.0,-1.675604331527841,-0.8547854207155877,0,1,0,2.0,0.0,0.0,0.0,0.0,-1.3702272914858324
0.9631483547582466,-0.5003068469046751,0.0,1,3.0,1.1118522938633826,-0.6909295465388507,0,0,0,1.0,0.0,0.0,1.0,1.0,1.1754099582991104
0.4368912668945862,1.1934895588394174,0.0,1,2.0,-0.8100530831954077,-0.7216010606749487,0,0,1,0.0,0.0,0.0,0.0,0.0,-0.861099841528844
-0.6156229088327345,-1.3472050497767214,1.0,0,0.0,-1.3182825736992212,-0.3061747286436709,1,1,1,0.0,0.0,1.0,0.0,0.0,-0.861099841528844
0.9631483547582466,1.1934895588394174,0.0,0,2.0,0.2948690514494024,-0.8678911459952179,0,0,0,0.0,0.0,0.0,1.0,1.0,1.1754099582991104
-1.6681370845600552,-0.7826062478620239,1.0,0,0.0,-0.1023478540979468,1.140601279319687,0,0,1,0.0,1.0,1.0,0.0,1.0,0.6662825083421218
-0.6156229088327345,-1.62950445073407,0.0,0,3.0,0.610561089919348,0.9076716000042364,1,0,0,1.0,1.0,0.0,0.0,0.0,0.1571550583851332
-0.0893658209690741,1.1934895588394174,0.0,0,2.0,0.5515856541612262,-0.0721929317665046,0,1,1,1.0,0.0,1.0,1.0,1.0,0.6662825083421218
0.9631483547582466,0.0642919550100224,0.0,1,2.0,0.6157648048391824,-0.7864206513249866,0,0,0,1.0,0.0,0.0,0.0,0.0,-0.3519723915718554
0.9631483547582466,1.4757889597967662,0.0,0,3.0,-1.512554597373034,-0.9238592258543016,0,0,0,0.0,0.0,0.0,0.0,0.0,-1.3702272914858324
0.9631483547582466,0.0642919550100224,0.0,0,2.0,0.3451716290078,-0.8045811153250325,0,0,0,1.0,0.0,0.0,0.0,0.0,-0.3519723915718554
-0.0893658209690741,0.62889075692472,0.0,0,2.0,-1.4830668794939732,-0.6203233092993775,0,0,0,2.0,0.0,0.0,0.0,0.0,-1.3702272914858324
0.9631483547582466,0.9111901578820688,0.0,0,2.0,-0.6105773446017607,-0.8421371378540948,0,1,1,0.0,1.0,0.0,0.0,0.0,-0.3519723915718554
-0.0893658209690741,0.0642919550100224,0.0,1,0.0,1.0806300043443768,0.4093109575646882,1,1,0,1.0,0.0,0.0,1.0,0.0,0.6662825083421218
-1.6681370845600552,0.3465913559673712,2.0,0,1.0,0.7632033942344867,1.784382866485044,0,1,1,0.0,1.0,1.0,1.0,1.0,2.193664858213088
-1.1418799966963948,-0.7826062478620239,0.0,1,2.0,1.0025742805468627,1.4756549784842623,0,0,0,1.0,0.0,0.0,0.0,0.0,0.1571550583851332
-0.6156229088327345,1.4757889597967662,2.0,0,1.0,-1.4865360227738629,-0.5004962678683439,0,1,1,2.0,0.0,0.0,0.0,0.0,-1.3702272914858324
-1.1418799966963948,1.1934895588394174,2.0,0,1.0,0.610561089919348,1.0813396140500156,0,1,1,0.0,1.0,1.0,1.0,1.0,2.193664858213088
-0.0893658209690741,0.3465913559673712,0.0,1,2.0,0.0988624561356448,-0.0380905994943781,0,1,1,1.0,0.0,0.0,0.0,0.0,-0.861099841528844
-1.6681370845600552,-0.7826062478620239,2.0,1,0.0,0.8429936896719454,2.0202401772765723,1,1,0,0.0,1.0,1.0,1.0,1.0,2.193664858213088
-1.6681370845600552,-1.0649056488193729,1.0,0,2.0,0.6088265182794033,1.9408281734879584,0,1,1,0.0,1.0,0.0,1.0,1.0,1.6845374082560989
0.9631483547582466,0.3465913559673712,0.0,1,2.0,0.4284310677251485,-0.875324585289947,0,0,0,1.0,0.0,0.0,0.0,0.0,-0.3519723915718554
-0.0893658209690741,1.4757889597967662,1.0,0,2.0,-0.2202987256141904,-0.2177968534595682,0,0,0,0.0,1.0,1.0,0.0,0.0,0.1571550583851332
-0.0893658209690741,0.0642919550100224,0.0,1,3.0,0.9245185567493488,0.3048997256248775,0,0,0,1.0,0.0,0.0,0.0,0.0,0.1571550583851332
0.4368912668945862,1.1934895588394174,0.0,1,2.0,0.4492459274044854,-0.4800257196567051,0,0,0,1.0,0.0,0.0,0.0,0.0,-0.3519723915718554
0.4368912668945862,0.9111901578820688,0.0,1,2.0,0.4353693542849276,-0.4510696145886218,0,0,0,1.0,0.0,0.0,1.0,0.0,-0.3519723915718554
0.9631483547582466,0.62889075692472,0.0,0,2.0,0.0745784531764181,-0.8030258111033662,1,1,0,1.0,0.0,0.0,0.0,0.0,-0.861099841528844
-0.0893658209690741,-0.5003068469046751,0.0,1,1.0,0.9800248492275812,0.4396851341289969,1,0,0,1.0,0.0,0.0,0.0,0.0,0.1571550583851332
0.9631483547582466,1.1934895588394174,0.0,0,2.0,0.4041470647659218,-0.9050583424688636,0,0,0,1.0,0.0,0.0,0.0,0.0,-0.3519723915718554
-0.0893658209690741,0.3465913559673712,0.0,0,0.0,-1.089319117226513,-0.4693673113141089,1,1,0,0.0,0.0,0.0,0.0,0.0,-0.861099841528844
0.9631483547582466,0.62889075692472,0.0,0,1.0,0.4475113557645407,-0.7893711549219714,0,0,1,1.0,0.0,0.0,0.0,1.0,-0.3519723915718554
-1.6681370845600552,-1.0649056488193729,0.0,1,2.0,1.2506180250589631,2.4650800567940703,0,1,1,1.0,0.0,1.0,1.0,0.0,1.1754099582991104
-1.1418799966963948,-0.5003068469046751,2.0,1,2.0,-0.2827433046522016,0.6367970721043067,0,1,0,0.0,1.0,1.0,0.0,1.0,0.6662825083421218
0.9631483547582466,0.3465913559673712,0.0,0,1.0,-0.7944419384359047,-0.8048098365341011,0,0,0,0.0,0.0,0.0,0.0,0.0,-0.3519723915718554
0.9631483547582466,1.4757889597967662,1.0,0,0.0,-1.6443820420088353,-0.923950714337929,0,0,1,2.0,0.0,0.0,0.0,0.0,-1.3702272914858324
-1.6681370845600552,-0.2180074459473263,2.0,1,1.0,0.0797821680962525,1.108351588841016,1,0,0,0.0,1.0,1.0,0.0,1.0,1.1754099582991104
0.9631483547582466,-0.5003068469046751,0.0,1,2.0,0.5654622272807844,-0.7039666554557603,1,1,0,1.0,0.0,1.0,0.0,0.0,0.1571550583851332
-0.6156229088327345,0.9111901578820688,0.0,1,2.0,0.4006779214860325,0.4368489911365464,0,1,0,1.0,1.0,1.0,0.0,0.0,0.1571550583851332
0.9631483547582466,0.3465913559673712,0.0,0,3.0,-0.8187259413951314,-0.8799218815922257,0,1,1,0.0,0.0,0.0,0.0,0.0,-0.861099841528844
-1.6681370845600552,0.0642919550100224,2.0,1,2.0,1.4969271979311185,2.407510928471507,0,1,0,1.0,1.0,1.0,1.0,1.0,2.193664858213088
-0.0893658209690741,-0.5003068469046751,0.0,1,0.0,0.168245321733435,0.1781195594381587,0,1,0,0.0,1.0,1.0,1.0,0.0,1.1754099582991104
0.9631483547582466,1.4757889597967662,0.0,1,2.0,0.0832513113761418,-0.9092896848366324,0,0,0,1.0,0.0,0.0,0.0,0.0,-0.861099841528844
-0.6156229088327345,-1.3472050497767214,1.0,1,2.0,-0.0780638511387201,0.4741762924565401,0,1,0,0.0,0.0,1.0,1.0,0.0,0.6662825083421218
0.4368912668945862,-1.0649056488193729,2.0,0,0.0,-1.647851185288725,-0.7224473291485024,0,1,1,2.0,0.0,0.0,0.0,0.0,-1.3702272914858324
0.4368912668945862,1.4757889597967662,0.0,0,3.0,-1.4691903063744152,-0.7710734581964843,0,1,1,2.0,0.0,0.0,0.0,0.0,-1.3702272914858324
0.4368912668945862,-0.2180074459473263,0.0,1,2.0,0.9141111269096804,-0.2629464201297076,0,0,0,1.0,1.0,0.0,0.0,0.0,0.6662825083421218
0.4368912668945862,-0.7826062478620239,0.0,1,2.0,-0.6279230610012082,-0.4615679180848701,0,0,0,0.0,1.0,0.0,0.0,0.0,-0.3519723915718554
-0.0893658209690741,-1.0649056488193729,0.0,1,3.0,1.4535629069324996,0.6995124276309137,0,0,0,1.0,1.0,1.0,1.0,0.0,1.6845374082560989
0.4368912668945862,-0.7826062478620239,0.0,1,3.0,0.8776851224708405,0.0453926418156568,0,0,0,1.0,0.0,1.0,0.0,0.0,0.6662825083421218
0.9631483547582466,1.4757889597967662,0.0,0,2.0,-0.7840345085962364,-0.920725745290062,0,0,0,0.0,0.0,0.0,0.0,0.0,-0.861099841528844
-1.6681370845600552,0.62889075692472,2.0,1,3.0,-0.2879470195720358,0.7692952685177401,0,0,0,0.0,1.0,1.0,0.0,1.0,0.6662825083421218
-0.6156229088327345,-1.0649056488193729,1.0,0,1.0,-0.1804035778954608,0.3355026233982547,1,0,0,0.0,1.0,0.0,1.0,0.0,0.6662825083421218
0.9631483547582466,0.3465913559673712,0.0,0,0.0,0.9921668507071943,-0.7161346237782094,0,0,0,1.0,0.0,0.0,1.0,0.0,0.6662825083421218
0.9631483547582466,-0.7826062478620239,0.0,1,3.0,-0.5637439103232522,-0.7015193385187265,0,0,0,0.0,1.0,0.0,0.0,0.0,-0.3519723915718554
1.489405442621907,-1.62950445073407,0.0,0,3.0,-1.677338903167786,-0.9325048875570944,0,0,1,2.0,0.0,0.0,0.0,0.0,-1.3702272914858324
0.9631483547582466,0.3465913559673712,0.0,1,2.0,0.744123106195094,-0.6817120818133867,1,0,0,1.0,0.0,0.0,0.0,0.0,0.1571550583851332
-0.0893658209690741,-1.0649056488193729,0.0,0,2.0,-1.5177583122928682,-0.5697759220952194,0,0,0,0.0,0.0,0.0,0.0,0.0,-1.3702272914858324
-0.0893658209690741,1.4757889597967662,2.0,1,1.0,-1.691215476287344,-0.7055219596774268,0,1,1,2.0,0.0,0.0,0.0,0.0,-1.3702272914858324
-0.6156229088327345,-0.7826062478620239,0.0,1,2.0,0.5689313705606737,0.7000384864117715,0,1,0,1.0,0.0,0.0,1.0,1.0,0.1571550583851332
-1.6681370845600552,-1.3472050497767214,2.0,0,1.0,0.6296413779587402,1.944853666767565,0,0,0,0.0,1.0,1.0,0.0,1.0,1.6845374082560989
-1.1418799966963948,-1.0649056488193729,1.0,0,1.0,-0.2636630166128094,0.688785402925597,0,1,0,0.0,1.0,1.0,1.0,0.0,0.6662825083421218
-1.6681370845600552,0.9111901578820688,1.0,0,2.0,1.1864388743810068,2.1179727499115804,1,0,0,1.0,0.0,0.0,1.0,1.0,1.1754099582991104
-1.1418799966963948,0.9111901578820688,0.0,1,2.0,1.48651976809145,1.7263562957443426,1,0,0,1.0,0.0,1.0,1.0,1.0,1.6845374082560989
-1.6681370845600552,-1.3472050497767214,2.0,1,2.0,1.4570320502123892,2.546184597529792,0,0,0,1.0,1.0,1.0,1.0,1.0,2.193664858213088
0.4368912668945862,-1.0649056488193729,0.0,0,2.0,-0.4770153283260144,-0.3410775851475375,0,0,1,0.0,0.0,1.0,0.0,1.0,0.1571550583851332
0.4368912668945862,1.1934895588394174,0.0,1,1.0,-1.6808080464476751,-0.7855286386096192,0,1,0,2.0,0.0,0.0,0.0,0.0,-1.3702272914858324
0.9631483547582466,1.1934895588394174,0.0,1,3.0,-1.7016229061270125,-0.9328250972497902,0,0,0,2.0,0.0,0.0,0.0,0.0,-1.3702272914858324
0.4368912668945862,1.4757889597967662,0.0,1,3.0,0.5515856541612262,-0.4703965567549176,1,0,0,1.0,0.0,1.0,1.0,1.0,0.6662825083421218
0.9631483547582466,1.1934895588394174,0.0,0,3.0,-1.7033574777669571,-0.9158311114159942,0,0,0,2.0,0.0,0.0,0.0,0.0,-1.3702272914858324
1.489405442621907,-1.62950445073407,0.0,0,2.0,0.2220170425717224,-0.9074599151640838,1,1,0,1.0,0.0,0.0,0.0,0.0,-0.861099841528844
-1.6681370845600552,0.62889075692472,2.0,0,3.0,-1.462252019814636,-0.1844950454191817,0,0,0,2.0,0.0,0.0,0.0,0.0,-1.3702272914858324
-1.6681370845600552,-0.5003068469046751,2.0,0,0.0,0.6591290958378013,1.8919961953518143,0,1,1,0.0,1.0,0.0,1.0,1.0,1.6845374082560989
-0.6156229088327345,-1.62950445073407,1.0,0,1.0,-1.6374437554490564,-0.4693444391932021,0,1,0,2.0,0.0,0.0,0.0,0.0,-1.3702272914858324
-1.1418799966963948,-1.3472050497767214,1.0,1,1.0,0.0780475964563079,0.9911090970724572,0,0,0,0.0,0.0,1.0,1.0,1.0,1.1754099582991104
-0.0893658209690741,-0.5003068469046751,0.0,1,0.0,-0.4596696119265668,-0.1797147721496481,0,0,0,0.0,0.0,1.0,0.0,0.0,-0.3519723915718554
0.9631483547582466,1.4757889597967662,0.0,1,2.0,0.1075353143353685,-0.9089694751439364,1,0,1,1.0,0.0,0.0,0.0,0.0,-0.861099841528844
0.9631483547582466,-0.7826062478620239,0.0,1,3.0,0.2723196201301204,-0.5858778952136481,0,0,0,1.0,0.0,0.0,0.0,0.0,-0.861099841528844
-0.0893658209690741,0.3465913559673712,0.0,1,2.0,0.9401297015088516,0.2008773197404833,1,0,0,1.0,1.0,1.0,0.0,0.0,0.6662825083421218
0.4368912668945862,1.1934895588394174,0.0,1,2.0,-1.526431170492592,-0.8038492074560131,0,0,0,0.0,0.0,0.0,0.0,0.0,-1.3702272914858324
-0.6156229088327345,0.3465913559673712,0.0,0,2.0,0.4162890662455354,0.5742418214240477,0,0,0,1.0,0.0,0.0,1.0,0.0,-0.3519723915718554
0.9631483547582466,1.4757889597967662,0.0,0,3.0,-1.4934743093336416,-0.913086456907171,0,0,0,2.0,0.0,0.0,0.0,0.0,-1.3702272914858324
-1.6681370845600552,-0.7826062478620239,2.0,1,1.0,-1.677338903167786,-0.2726441993942158,1,1,0,2.0,0.0,0.0,0.0,0.0,-1.3702272914858324
0.9631483547582466,0.0642919550100224,0.0,1,0.0,-1.4865360227738629,-0.8714820689775947,0,0,0,2.0,0.0,0.0,0.0,0.0,-1.3702272914858324
-1.6681370845600552,-1.0649056488193729,2.0,0,0.0,-0.3347804538505443,0.9550626345232476,0,1,0,0.0,0.0,1.0,1.0,1.0,1.1754099582991104
0.4368912668945862,-1.0649056488193729,0.0,0,2.0,0.6556599525579115,-0.037610284955334,1,1,0,1.0,0.0,0.0,0.0,0.0,-0.3519723915718554
0.9631483547582466,-0.2180074459473263,0.0,1,2.0,0.0502944502171914,-0.7350956120099954,0,1,0,1.0,0.0,0.0,0.0,0.0,-0.861099841528844
-1.6681370845600552,-1.3472050497767214,2.0,1,1.0,1.6530386455261463,2.860996469691797,0,1,0,1.0,1.0,1.0,1.0,1.0,2.193664858213088
-0.6156229088327345,-1.62950445073407,0.0,0,1.0,1.1673585863416147,1.377968150091068,1,0,0,1.0,1.0,0.0,0.0,0.0,0.6662825083421218
0.9631483547582466,0.62889075692472,0.0,1,2.0,0.943598844788741,-0.8008300874963077,0,0,0,1.0,0.0,1.0,0.0,0.0,0.6662825083421218
0.9631483547582466,0.9111901578820688,0.0,0,3.0,-0.600169914762092,-0.9183013004739348,0,0,1,0.0,1.0,0.0,0.0,0.0,-0.3519723915718554
0.9631483547582466,1.1934895588394174,0.0,1,1.0,0.2220170425717224,-0.9074599151640838,0,0,0,1.0,0.0,1.0,0.0,0.0,-0.3519723915718554
-1.6681370845600552,-1.62950445073407,1.0,1,0.0,1.2540871683388526,2.3804989536805063,0,0,0,1.0,0.0,1.0,1.0,1.0,1.6845374082560989
0.9631483547582466,-0.2180074459473263,0.0,1,2.0,-0.0850021376984992,-0.687818938095518,0,0,0,0.0,0.0,1.0,0.0,1.0,0.6662825083421218
-0.6156229088327345,-1.3472050497767214,0.0,1,2.0,1.115321437143272,1.286777004035422,1,1,0,1.0,0.0,0.0,1.0,0.0,0.6662825083421218
-0.0893658209690741,-1.3472050497767214,0.0,1,2.0,0.0832513113761418,0.1639845887177201,0,1,0,1.0,0.0,0.0,0.0,0.0,-0.861099841528844
0.4368912668945862,-0.7826062478620239,0.0,1,2.0,1.2488834534190183,0.0897188121331492,0,1,0,1.0,1.0,0.0,1.0,0.0,1.1754099582991104
-1.1418799966963948,1.1934895588394174,0.0,1,0.0,-0.7840345085962364,0.0397661000725695,0,1,0,0.0,1.0,0.0,1.0,0.0,0.1571550583851332
-0.6156229088327345,0.0642919550100224,1.0,0,1.0,0.4197582095254247,0.5145684579780527,0,1,1,0.0,1.0,0.0,1.0,1.0,1.6845374082560989
-0.6156229088327345,1.1934895588394174,1.0,1,1.0,-1.4795977362140835,-0.5079068350421662,0,1,1,0.0,0.0,0.0,0.0,0.0,-1.3702272914858324
0.4368912668945862,0.62889075692472,1.0,0,1.0,-0.813522226475297,-0.5790848753043109,0,1,1,0.0,1.0,0.0,1.0,0.0,0.1571550583851332
-1.1418799966963948,1.4757889597967662,1.0,1,1.0,1.4899889113713394,1.4719268227764446,0,1,0,1.0,1.0,0.0,1.0,1.0,1.6845374082560989
0.4368912668945862,1.1934895588394174,0.0,1,2.0,0.2445664738910044,-0.4671944598279574,1,0,0,1.0,0.0,0.0,0.0,0.0,-0.861099841528844
0.9631483547582466,-0.7826062478620239,0.0,1,2.0,0.2289553291315015,-0.6624537560098115,0,1,0,1.0,1.0,0.0,0.0,0.0,-0.3519723915718554
0.9631483547582466,0.0642919550100224,0.0,0,2.0,-0.6626144938001034,-0.7814345289672914,0,1,1,0.0,0.0,0.0,0.0,0.0,-0.861099841528844
0.4368912668945862,-0.2180074459473263,0.0,0,2.0,0.3781284901667505,-0.1906476459431267,0,0,0,1.0,0.0,0.0,0.0,0.0,-0.3519723915718554
0.4368912668945862,1.4757889597967662,0.0,1,2.0,0.9522717029884648,-0.5305044904981427,1,0,0,1.0,0.0,0.0,0.0,0.0,0.1571550583851332
0.4368912668945862,-1.62950445073407,0.0,1,0.0,-0.2723358748125332,-0.3759804416514041,1,0,0,0.0,0.0,0.0,1.0,0.0,0.1571550583851332
0.9631483547582466,-1.3472050497767214,0.0,1,2.0,0.589746230240011,-0.5915273090776422,0,1,0,1.0,0.0,0.0,0.0,0.0,-0.3519723915718554
0.4368912668945862,-1.62950445073407,0.0,1,3.0,0.3850667767265296,-0.0713924075347645,0,0,0,0.0,1.0,1.0,0.0,1.0,1.6845374082560989
0.9631483547582466,0.0642919550100224,0.0,1,0.0,0.23936275897117,-0.7941971724333186,0,0,0,1.0,0.0,0.0,1.0,0.0,-0.3519723915718554
0.9631483547582466,-1.0649056488193729,0.0,1,1.0,0.4423076408447067,-0.6517496034254016,1,1,0,1.0,0.0,1.0,0.0,0.0,-0.3519723915718554
-0.6156229088327345,0.3465913559673712,2.0,1,2.0,1.1274634386228857,1.0272241759843874,0,1,1,1.0,0.0,0.0,1.0,1.0,1.1754099582991104
0.9631483547582466,0.0642919550100224,0.0,1,1.0,0.5429127959615023,-0.722996260050267,0,1,1,1.0,0.0,1.0,0.0,0.0,0.1571550583851332
0.4368912668945862,-0.7826062478620239,0.0,1,2.0,1.0632842879449294,-0.0984729986884855,1,0,0,1.0,0.0,0.0,1.0,0.0,0.6662825083421218
-0.0893658209690741,-0.7826062478620239,0.0,1,2.0,0.7632033942344867,0.3425472366375673,0,0,0,1.0,0.0,0.0,1.0,0.0,0.1571550583851332
-1.6681370845600552,-1.0649056488193729,2.0,0,0.0,-1.4882705944138073,-0.139551327837204,0,1,0,2.0,0.0,0.0,0.0,0.0,-1.3702272914858324
-1.1418799966963948,1.4757889597967662,2.0,0,2.0,-1.668666044968062,-0.4779672287750878,0,1,0,2.0,0.0,0.0,0.0,0.0,-1.3702272914858324
-0.6156229088327345,-1.3472050497767214,0.0,1,0.0,0.5862770869601213,0.8254463253440787,0,0,0,1.0,0.0,1.0,1.0,0.0,0.1571550583851332
0.9631483547582466,0.3465913559673712,0.0,1,2.0,0.4284310677251485,-0.875324585289947,0,0,0,1.0,0.0,0.0,0.0,0.0,-0.3519723915718554
-0.0893658209690741,-0.5003068469046751,1.0,0,1.0,-1.1743131275838066,-0.4318799051477672,0,0,1,0.0,1.0,0.0,0.0,1.0,-0.3519723915718554
0.9631483547582466,0.62889075692472,0.0,1,3.0,-1.4605174481746914,-0.9296458724437368,1,0,0,0.0,0.0,0.0,0.0,0.0,-1.3702272914858324
0.4368912668945862,1.4757889597967662,0.0,1,2.0,0.511690506442497,-0.3993786213391208,0,1,0,1.0,0.0,1.0,1.0,0.0,0.1571550583851332
0.9631483547582466,0.9111901578820688,0.0,1,2.0,0.0763130248163627,-0.90938117332026,0,0,0,1.0,0.0,0.0,0.0,0.0,-0.861099841528844
0.4368912668945862,-0.2180074459473263,0.0,1,2.0,0.9800248492275812,-0.2419269410163043,1,0,0,1.0,0.0,0.0,0.0,0.0,0.1571550583851332
0.9631483547582466,-0.5003068469046751,0.0,1,2.0,0.5654622272807844,-0.7039666554557603,1,1,0,1.0,0.0,1.0,0.0,0.0,0.1571550583851332
0.9631483547582466,0.9111901578820688,0.0,0,3.0,0.4405730692047616,-0.8701783580859038,0,0,0,1.0,0.0,0.0,1.0,0.0,-0.3519723915718554
-1.6681370845600552,-0.2180074459473263,2.0,1,0.0,0.5828079436802319,1.6710286352706512,0,1,0,1.0,1.0,1.0,0.0,0.0,0.1571550583851332
-0.6156229088327345,0.62889075692472,1.0,1,1.0,-1.6530549002085593,-0.5457601951430175,0,0,1,2.0,0.0,0.0,0.0,0.0,-1.3702272914858324
0.9631483547582466,1.4757889597967662,0.0,1,1.0,-0.6470033490406004,-0.91891884773842,1,1,1,0.0,0.0,0.0,0.0,1.0,-0.3519723915718554
0.4368912668945862,-0.5003068469046751,0.0,1,1.0,-1.193393415623199,-0.6669824359493696,0,0,0,0.0,0.0,1.0,1.0,0.0,-0.3519723915718554
0.9631483547582466,1.4757889597967662,0.0,0,3.0,-1.6825426180876202,-0.9183013004739348,0,0,0,2.0,0.0,0.0,0.0,0.0,-1.3702272914858324
0.9631483547582466,-0.2180074459473263,0.0,0,1.0,-0.4874227581656828,-0.8226043465996373,0,0,0,0.0,1.0,0.0,0.0,1.0,0.1571550583851332
0.9631483547582466,1.1934895588394174,0.0,1,2.0,0.4145544946055903,-0.8717107901866633,0,0,0,1.0,0.0,0.0,1.0,1.0,0.1571550583851332
0.9631483547582466,1.1934895588394174,0.0,1,2.0,0.4266964960852039,-0.8746384216627413,0,0,0,1.0,0.0,0.0,0.0,0.0,-0.3519723915718554
-0.0893658209690741,-0.5003068469046751,0.0,0,1.0,0.9279877000292386,0.2703856951764276,0,1,1,1.0,1.0,0.0,0.0,0.0,0.6662825083421218
-1.6681370845600552,0.0642919550100224,1.0,1,1.0,1.3200008906567535,2.2493273402796707,1,1,0,1.0,0.0,0.0,1.0,1.0,1.1754099582991104
-0.6156229088327345,0.62889075692472,0.0,1,2.0,0.289665336529568,0.3583976164260205,1,0,0,1.0,0.0,0.0,0.0,0.0,-0.861099841528844
-0.0893658209690741,0.3465913559673712,0.0,1,2.0,0.5741350854805082,0.1871083029545543,0,1,0,1.0,1.0,1.0,0.0,0.0,0.1571550583851332
-0.6156229088327345,0.9111901578820688,0.0,0,2.0,0.2549739037306728,0.4389532262599774,0,0,0,1.0,0.0,0.0,0.0,0.0,-0.861099841528844
0.9631483547582466,0.62889075692472,0.0,1,2.0,-1.297467714019884,-0.86496351451914,0,1,1,0.0,0.0,1.0,0.0,0.0,-0.861099841528844
-0.6156229088327345,-1.62950445073407,1.0,0,3.0,-1.1517636962645246,-0.2074815269305748,0,1,0,0.0,0.0,1.0,1.0,0.0,-0.3519723915718554
0.4368912668945862,-1.0649056488193729,0.0,1,2.0,0.766672537514376,-0.0155386882802152,1,1,0,1.0,1.0,1.0,0.0,0.0,0.6662825083421218
0.9631483547582466,-0.7826062478620239,0.0,1,2.0,0.4579187856042092,-0.6776637164128726,0,1,0,1.0,0.0,0.0,0.0,0.0,-0.3519723915718554
-1.1418799966963948,0.0642919550100224,2.0,1,2.0,-0.3018235926915938,0.5113206168092789,0,0,0,0.0,1.0,0.0,1.0,1.0,0.6662825083421218
-0.6156229088327345,1.1934895588394174,1.0,0,2.0,-0.281008733012257,0.1307285249191472,0,1,1,0.0,1.0,1.0,1.0,0.0,0.6662825083421218
0.9631483547582466,1.1934895588394174,0.0,1,3.0,-1.654789471848504,-0.9322075499853052,0,0,0,2.0,0.0,0.0,0.0,0.0,-1.3702272914858324
0.4368912668945862,-1.62950445073407,0.0,1,0.0,0.7840182539138236,-0.0674584027387849,1,0,0,1.0,0.0,0.0,0.0,1.0,0.1571550583851332
0.9631483547582466,0.9111901578820688,0.0,1,3.0,-1.2801219976204363,-0.8979679849877373,0,1,1,0.0,0.0,0.0,0.0,1.0,-0.861099841528844
0.9631483547582466,0.9111901578820688,0.0,0,3.0,-1.6721351882479514,-0.9324362711943736,0,0,0,2.0,0.0,0.0,0.0,0.0,-1.3702272914858324
-0.6156229088327345,0.0642919550100224,0.0,1,1.0,0.2168133276518884,0.5358166583005247,1,1,0,1.0,1.0,0.0,0.0,0.0,-0.3519723915718554
-0.0893658209690741,-0.7826062478620239,1.0,1,0.0,0.4180236378854801,0.306134820153848,0,0,0,0.0,1.0,0.0,1.0,1.0,1.6845374082560989
-0.0893658209690741,1.1934895588394174,0.0,1,0.0,-0.6365959192009321,-0.3877595839184364,0,0,0,0.0,1.0,0.0,0.0,0.0,-0.3519723915718554
0.4368912668945862,1.1934895588394174,0.0,1,2.0,0.7840182539138236,-0.3919909262862053,1,0,0,1.0,0.0,0.0,0.0,0.0,0.1571550583851332
-1.6681370845600552,-1.3472050497767214,2.0,0,0.0,-1.6669314733281173,-0.2854297149811499,0,0,0,2.0,0.0,0.0,0.0,0.0,-1.3702272914858324
0.4368912668945862,-0.5003068469046751,0.0,1,3.0,-0.2185641539742455,-0.4042503830922818,1,0,0,0.0,0.0,0.0,0.0,0.0,-0.3519723915718554
-1.6681370845600552,-0.5003068469046751,2.0,1,1.0,1.4622357651322233,2.457692361741155,0,0,0,1.0,1.0,1.0,1.0,0.0,1.6845374082560989
0.9631483547582466,0.62889075692472,2.0,0,3.0,-1.64611661364878,-0.8925472923328117,0,0,1,2.0,0.0,0.0,0.0,0.0,-1.3702272914858324
0.9631483547582466,-1.0649056488193729,0.0,1,1.0,0.2532393320907282,-0.5867927800499224,1,1,1,1.0,0.0,0.0,0.0,0.0,-0.861099841528844
-1.1418799966963948,1.1934895588394174,0.0,0,3.0,0.0433561636574127,0.7280339624017667,0,1,0,1.0,0.0,0.0,0.0,0.0,-0.861099841528844
0.9631483547582466,-0.7826062478620239,0.0,1,1.0,-1.1517636962645246,-0.8059991868212578,0,0,0,0.0,0.0,0.0,0.0,0.0,-0.861099841528844
-0.6156229088327345,-1.0649056488193729,1.0,0,3.0,-1.6599931867683384,-0.5061685538532449,0,1,1,2.0,0.0,0.0,0.0,0.0,-1.3702272914858324
-1.1418799966963948,1.4757889597967662,1.0,0,2.0,-1.481332307854028,-0.3438908560190812,1,1,0,2.0,0.0,0.0,0.0,0.0,-1.3702272914858324
0.9631483547582466,0.62889075692472,0.0,0,0.0,0.4093507796857563,-0.8659698878390417,0,1,0,1.0,0.0,1.0,1.0,0.0,0.1571550583851332
-0.0893658209690741,-1.62950445073407,1.0,0,0.0,-0.1127552839376152,0.1325582945916959,0,0,0,0.0,1.0,0.0,0.0,0.0,0.1571550583851332
0.4368912668945862,-1.62950445073407,0.0,0,2.0,0.0641710233367496,-0.1503698410261483,0,0,0,1.0,0.0,0.0,0.0,0.0,-0.861099841528844
-0.6156229088327345,-1.3472050497767214,2.0,0,1.0,-0.4700770417662352,0.183929078148501,0,0,0,0.0,0.0,0.0,1.0,1.0,0.1571550583851332
-1.1418799966963948,0.0642919550100224,1.0,0,0.0,-0.7927073667959601,0.185049812072937,0,0,0,0.0,0.0,0.0,0.0,0.0,-0.861099841528844
-1.6681370845600552,0.62889075692472,2.0,1,0.0,-0.4995647596452962,0.6677887959331005,1,0,0,0.0,0.0,1.0,1.0,0.0,0.6662825083421218
0.9631483547582466,-1.62950445073407,0.0,1,3.0,-1.6513203285686144,-0.8154682448766973,0,0,0,2.0,0.0,0.0,0.0,0.0,-1.3702272914858324
0.4368912668945862,-1.0649056488193729,0.0,1,2.0,0.7874873971937129,-0.1820934727239615,1,0,0,1.0,1.0,0.0,0.0,0.0,0.1571550583851332
-1.6681370845600552,-0.7826062478620239,2.0,1,2.0,1.587124923208246,2.5875602642502997,1,1,0,1.0,1.0,1.0,1.0,1.0,2.193664858213088
-1.1418799966963948,1.1934895588394174,0.0,1,1.0,0.7961602553934367,1.1242934571130967,1,0,0,1.0,0.0,0.0,1.0,0.0,0.1571550583851332
-1.6681370845600552,-1.3472050497767214,2.0,0,1.0,1.45009376365261,2.671638180703913,1,1,0,1.0,0.0,1.0,1.0,1.0,1.6845374082560989
-1.6681370845600552,0.3465913559673712,1.0,1,1.0,-0.6417996341207662,0.5460862405877043,0,1,1,0.0,0.0,0.0,0.0,1.0,-0.3519723915718554
0.9631483547582466,0.3465913559673712,0.0,0,2.0,0.7493268211149284,-0.8675709363025219,1,0,0,1.0,0.0,1.0,0.0,0.0,0.1571550583851332
0.9631483547582466,0.0642919550100224,0.0,1,0.0,1.299186030977416,-0.7935796251688334,0,0,0,1.0,0.0,1.0,1.0,0.0,1.1754099582991104
-0.6156229088327345,0.0642919550100224,2.0,0,0.0,0.2532393320907282,0.5472298466330473,0,1,1,0.0,1.0,0.0,1.0,0.0,1.1754099582991104
0.4368912668945862,0.0642919550100224,0.0,0,2.0,0.9193148418295148,-0.2062464324016044,0,1,1,1.0,1.0,0.0,1.0,0.0,0.6662825083421218
-0.0893658209690741,1.4757889597967662,0.0,1,2.0,1.2610254548986315,0.1719212146724001,1,1,0,1.0,0.0,1.0,1.0,0.0,1.1754099582991104
-1.6681370845600552,-1.3472050497767214,2.0,1,1.0,1.4813160531716154,2.7008001348601582,0,1,0,1.0,0.0,1.0,1.0,1.0,1.6845374082560989
0.9631483547582466,0.62889075692472,0.0,0,2.0,0.267115905210286,-0.7573273135314621,0,0,0,1.0,0.0,0.0,0.0,0.0,-0.861099841528844
-1.6681370845600552,1.4757889597967662,2.0,1,1.0,-0.8430099443543579,0.3159240879019834,0,0,0,0.0,0.0,1.0,1.0,0.0,0.1571550583851332
-0.0893658209690741,-1.0649056488193729,2.0,1,3.0,1.5715137784487432,0.8490046098781433,0,0,0,1.0,1.0,1.0,1.0,1.0,2.193664858213088
0.9631483547582466,0.9111901578820688,0.0,0,1.0,-0.4301818940475059,-0.8374483530681888,0,0,0,0.0,0.0,0.0,0.0,0.0,-0.3519723915718554
-0.6156229088327345,-0.5003068469046751,0.0,0,1.0,0.4162890662455354,0.5800970843762034,0,1,1,0.0,1.0,1.0,1.0,1.0,1.6845374082560989
0.9631483547582466,-1.3472050497767214,0.0,0,2.0,0.5914808018799558,-0.6356933745487866,0,0,0,1.0,1.0,0.0,0.0,0.0,0.1571550583851332
-1.6681370845600552,-0.5003068469046751,2.0,0,0.0,-0.265397588252754,0.913709839923647,0,1,0,0.0,1.0,0.0,1.0,1.0,1.1754099582991104
0.9631483547582466,-1.62950445073407,0.0,1,2.0,0.140492175494319,-0.5188397088356447,0,0,0,0.0,1.0,0.0,0.0,0.0,0.6662825083421218
-1.1418799966963948,-1.62950445073407,1.0,1,2.0,1.337346607056201,1.869924598676696,0,0,0,1.0,1.0,1.0,1.0,0.0,1.6845374082560989
0.9631483547582466,0.0642919550100224,0.0,0,3.0,-1.64611661364878,-0.8724884422974966,0,1,1,2.0,0.0,0.0,0.0,0.0,-1.3702272914858324
0.9631483547582466,-1.62950445073407,0.0,1,2.0,1.0615497163049843,-0.457359447838008,0,0,0,1.0,0.0,0.0,0.0,1.0,0.6662825083421218
0.9631483547582466,-1.62950445073407,0.0,1,1.0,0.4197582095254247,-0.4705795337221725,0,0,0,1.0,1.0,0.0,0.0,0.0,-0.3519723915718554
-0.0893658209690741,0.3465913559673712,0.0,1,2.0,0.6018882317196241,0.104837284052583,1,0,0,1.0,0.0,0.0,0.0,0.0,-0.3519723915718554
0.9631483547582466,-0.2180074459473263,0.0,1,1.0,-1.64611661364878,-0.8672049823680121,0,0,0,2.0,0.0,0.0,0.0,0.0,-1.3702272914858324
0.4368912668945862,-1.0649056488193729,2.0,0,3.0,-1.5281657421325368,-0.6552490379241509,0,1,1,2.0,0.0,0.0,0.0,0.0,-1.3702272914858324
-0.0893658209690741,-1.0649056488193729,0.0,1,2.0,0.5932153735199004,0.2671378540076536,1,1,0,1.0,0.0,0.0,0.0,0.0,-0.3519723915718554
-0.0893658209690741,-1.3472050497767214,1.0,0,2.0,0.5602585123609499,0.3310883040632309,0,0,0,1.0,0.0,0.0,0.0,0.0,-0.3519723915718554
-1.6681370845600552,0.9111901578820688,2.0,0,1.0,1.087568290904156,2.0545483586368607,0,0,0,1.0,1.0,0.0,1.0,1.0,1.1754099582991104
0.4368912668945862,-0.5003068469046751,0.0,0,3.0,-1.661727758408283,-0.750374188775777,0,0,0,2.0,0.0,0.0,0.0,0.0,-1.3702272914858324
0.4368912668945862,0.3465913559673712,0.0,1,1.0,-0.093674995898223,-0.464175339868252,0,0,0,0.0,0.0,0.0,1.0,0.0,0.1571550583851332
0.4368912668945862,-0.5003068469046751,0.0,1,2.0,0.5619930840008945,-0.1466645574392371,0,0,0,1.0,0.0,0.0,0.0,0.0,-0.3519723915718554
-0.0893658209690741,0.9111901578820688,0.0,0,2.0,0.6088265182794033,0.1060495064606465,0,1,1,1.0,0.0,0.0,1.0,0.0,0.1571550583851332
0.9631483547582466,-0.5003068469046751,0.0,1,3.0,-0.437120180607285,-0.7931221827506962,0,1,1,0.0,0.0,1.0,1.0,0.0,0.1571550583851332
0.4368912668945862,1.1934895588394174,0.0,0,3.0,-1.668666044968062,-0.8165889788011335,0,1,1,2.0,0.0,0.0,0.0,0.0,-1.3702272914858324
-1.6681370845600552,-1.0649056488193729,2.0,1,1.0,0.1890601814127719,1.416439057456405,0,1,1,0.0,0.0,1.0,0.0,1.0,1.1754099582991104
0.9631483547582466,-0.2180074459473263,0.0,0,0.0,-0.0641872780191624,-0.6786472176118676,0,0,0,0.0,1.0,0.0,0.0,1.0,0.6662825083421218
1.489405442621907,-1.62950445073407,0.0,0,2.0,-0.8291333712347999,-0.9213204204336404,0,0,0,0.0,0.0,0.0,0.0,0.0,-0.861099841528844
-0.0893658209690741,-1.0649056488193729,1.0,1,0.0,-0.1994838659348533,0.0719929184303335,0,1,0,0.0,1.0,0.0,0.0,0.0,0.1571550583851332
0.9631483547582466,0.0642919550100224,0.0,0,3.0,-1.6669314733281173,-0.9119199787409212,0,0,0,2.0,0.0,0.0,0.0,0.0,-1.3702272914858324
-1.1418799966963948,0.3465913559673712,2.0,1,2.0,1.4761123382517816,1.838772770001554,1,1,0,1.0,0.0,1.0,1.0,1.0,1.6845374082560989
0.4368912668945862,-1.3472050497767214,0.0,1,2.0,1.3356120354162564,0.194610358612004,1,0,0,1.0,0.0,1.0,1.0,0.0,1.1754099582991104
-1.6681370845600552,-1.3472050497767214,2.0,1,1.0,-1.4639865914545809,-0.0551989459327084,1,1,0,2.0,0.0,0.0,0.0,0.0,-1.3702272914858324
-0.0893658209690741,-0.7826062478620239,0.0,1,2.0,0.3659864886871374,0.1724930176950715,0,0,0,1.0,0.0,1.0,0.0,1.0,0.1571550583851332
0.4368912668945862,0.3465913559673712,0.0,1,2.0,-1.1344179798650769,-0.6636431062969682,0,0,0,0.0,0.0,0.0,1.0,1.0,-0.3519723915718554
-1.6681370845600552,0.0642919550100224,2.0,1,3.0,-1.4501100183350226,-0.1365550799984055,0,0,0,2.0,0.0,0.0,0.0,0.0,-1.3702272914858324
0.9631483547582466,0.0642919550100224,0.0,0,2.0,0.2445664738910044,-0.8002354123527293,1,1,0,1.0,0.0,0.0,0.0,0.0,-0.861099841528844
0.4368912668945862,0.62889075692472,0.0,1,1.0,-1.1188068351055742,-0.6459172125941526,0,1,0,0.0,0.0,1.0,1.0,0.0,-0.3519723915718554
-1.1418799966963948,0.9111901578820688,1.0,0,1.0,-1.675604331527841,-0.4783331827095975,0,1,1,2.0,0.0,0.0,0.0,0.0,-1.3702272914858324
-0.0893658209690741,1.4757889597967662,0.0,1,1.0,-0.322638452370931,-0.2540720372178463,0,1,1,0.0,1.0,1.0,1.0,0.0,1.1754099582991104
0.9631483547582466,-1.3472050497767214,0.0,1,0.0,-0.6261884893612634,-0.6591372984783169,0,1,0,0.0,0.0,0.0,1.0,0.0,0.1571550583851332
0.9631483547582466,0.9111901578820688,0.0,1,2.0,-1.122275978385464,-0.9251858088668994,0,0,0,0.0,0.0,0.0,0.0,0.0,-0.861099841528844
-0.0893658209690741,-0.7826062478620239,0.0,1,2.0,-0.799645653355739,-0.2815414544269839,0,1,1,0.0,0.0,0.0,1.0,1.0,0.1571550583851332
-1.6681370845600552,-0.2180074459473263,2.0,0,1.0,-0.2636630166128094,0.938183009293986,0,1,1,0.0,0.0,1.0,1.0,1.0,1.1754099582991104
0.9631483547582466,0.9111901578820688,0.0,0,3.0,-0.4579350402866219,-0.8339260464485325,0,1,0,0.0,1.0,1.0,0.0,0.0,0.1571550583851332
-0.0893658209690741,-1.0649056488193729,0.0,0,0.0,0.5637276556408397,0.2414753343501578,0,1,0,1.0,0.0,1.0,0.0,0.0,0.1571550583851332
0.9631483547582466,0.62889075692472,0.0,1,2.0,0.0607018800568603,-0.9095870224084216,0,0,0,1.0,0.0,0.0,0.0,0.0,-0.861099841528844
0.4368912668945862,-1.3472050497767214,2.0,0,3.0,-1.6721351882479514,-0.7344323205036964,0,1,1,2.0,0.0,0.0,0.0,0.0,-1.3702272914858324
-1.6681370845600552,-1.0649056488193729,2.0,0,1.0,0.7475922494749838,2.002308434485595,1,1,0,1.0,0.0,1.0,1.0,0.0,0.6662825083421218
-1.1418799966963948,-0.2180074459473263,2.0,0,3.0,1.663446075365815,2.062988171251491,0,1,1,1.0,1.0,1.0,1.0,1.0,2.193664858213088
-1.6681370845600552,-1.0649056488193729,0.0,1,2.0,1.2506180250589631,2.4650800567940703,0,1,1,1.0,0.0,1.0,1.0,0.0,1.1754099582991104
0.9631483547582466,1.1934895588394174,0.0,0,2.0,0.2948690514494024,-0.8720081277584525,0,1,0,1.0,0.0,0.0,1.0,0.0,-0.3519723915718554
-0.0893658209690741,1.4757889597967662,1.0,0,3.0,-1.4535791616149123,-0.6285344007049398,0,1,0,2.0,0.0,0.0,0.0,0.0,-1.3702272914858324
-0.0893658209690741,1.1934895588394174,0.0,0,0.0,0.1283501740147054,-0.0461873302954061,0,1,1,0.0,0.0,0.0,0.0,1.0,0.6662825083421218
-0.0893658209690741,0.0642919550100224,0.0,1,3.0,-0.6487379206805451,-0.2559475511322088,0,1,0,0.0,0.0,0.0,0.0,1.0,-0.3519723915718554
0.4368912668945862,0.0642919550100224,0.0,0,3.0,0.0589673084169152,-0.3035215626184753,0,0,0,0.0,0.0,0.0,0.0,0.0,0.1571550583851332
0.9631483547582466,0.3465913559673712,0.0,0,3.0,-1.6669314733281173,-0.912285932675431,0,0,0,2.0,0.0,0.0,0.0,0.0,-1.3702272914858324
0.4368912668945862,0.62889075692472,0.0,1,1.0,0.2567084753706175,-0.4165555841401718,1,0,0,1.0,0.0,1.0,0.0,0.0,-0.3519723915718554
0.9631483547582466,0.62889075692472,0.0,0,3.0,-1.640912898728946,-0.9320245730180502,0,0,0,2.0,0.0,0.0,0.0,0.0,-1.3702272914858324
0.4368912668945862,-1.0649056488193729,1.0,0,3.0,-1.64611661364878,-0.72137233946588,0,0,0,2.0,0.0,0.0,0.0,0.0,-1.3702272914858324
